ISO-10303-21;
HEADER;
/* Generated by software containing ST-Developer
 * from STEP Tools, Inc. (www.steptools.com) 
 */

FILE_DESCRIPTION(
/* description */ (''),
/* implementation_level */ '2;1');

FILE_NAME(
/* name */ 'CXD_ROUTER_HOUSING_V2.0.0.step',
/* time_stamp */ '2026-10-04T19:57:08+11:00',
/* author */ (''),
/* organization */ (''),
/* preprocessor_version */ 'ST-DEVELOPER v20.2',
/* originating_system */ 'Autodesk Translation Framework v15.15.0.0',
/* authorisation */ '');

FILE_SCHEMA (('AUTOMOTIVE_DESIGN { 1 0 10303 214 3 1 1 }'));
ENDSEC;

DATA;
#10=MECHANICAL_DESIGN_GEOMETRIC_PRESENTATION_REPRESENTATION('',(#13,#14,
#15),#5424);
#11=SHAPE_REPRESENTATION_RELATIONSHIP('SRR','None',#5431,#12);
#12=ADVANCED_BREP_SHAPE_REPRESENTATION('',(#16,#17,#18),#5423);
#13=STYLED_ITEM('',(#5440),#16);
#14=STYLED_ITEM('',(#5440),#17);
#15=STYLED_ITEM('',(#5440),#18);
#16=MANIFOLD_SOLID_BREP('Body1',#3350);
#17=MANIFOLD_SOLID_BREP('Body8',#3351);
#18=MANIFOLD_SOLID_BREP('Body9',#3352);
#19=CYLINDRICAL_SURFACE('',#3405,1.00000000000001);
#20=CYLINDRICAL_SURFACE('',#3406,0.999999999999996);
#21=CYLINDRICAL_SURFACE('',#3407,0.999999999999996);
#22=CYLINDRICAL_SURFACE('',#3408,1.);
#23=CYLINDRICAL_SURFACE('',#3423,1.);
#24=CYLINDRICAL_SURFACE('',#3426,1.);
#25=CYLINDRICAL_SURFACE('',#3440,1.);
#26=CYLINDRICAL_SURFACE('',#3443,1.);
#27=CYLINDRICAL_SURFACE('',#3446,1.);
#28=CYLINDRICAL_SURFACE('',#3449,1.);
#29=CYLINDRICAL_SURFACE('',#3452,1.);
#30=CYLINDRICAL_SURFACE('',#3455,2.);
#31=CYLINDRICAL_SURFACE('',#3462,2.);
#32=CYLINDRICAL_SURFACE('',#3465,2.);
#33=CYLINDRICAL_SURFACE('',#3467,2.);
#34=CYLINDRICAL_SURFACE('',#3469,1.);
#35=CYLINDRICAL_SURFACE('',#3471,1.);
#36=CYLINDRICAL_SURFACE('',#3473,1.);
#37=CYLINDRICAL_SURFACE('',#3474,1.);
#38=CYLINDRICAL_SURFACE('',#3476,1.);
#39=CYLINDRICAL_SURFACE('',#3480,1.);
#40=CYLINDRICAL_SURFACE('',#3482,1.);
#41=CYLINDRICAL_SURFACE('',#3485,1.);
#42=CYLINDRICAL_SURFACE('',#3487,1.);
#43=CYLINDRICAL_SURFACE('',#3492,1.);
#44=CYLINDRICAL_SURFACE('',#3494,1.);
#45=CYLINDRICAL_SURFACE('',#3563,2.);
#46=CYLINDRICAL_SURFACE('',#3566,2.);
#47=CYLINDRICAL_SURFACE('',#3569,2.);
#48=CYLINDRICAL_SURFACE('',#3571,2.);
#49=FACE_BOUND('',#244,.T.);
#50=FACE_BOUND('',#245,.T.);
#51=FACE_BOUND('',#249,.T.);
#52=FACE_BOUND('',#254,.T.);
#53=FACE_BOUND('',#258,.T.);
#54=FACE_BOUND('',#262,.T.);
#55=FACE_BOUND('',#267,.T.);
#56=FACE_BOUND('',#281,.T.);
#57=FACE_BOUND('',#282,.T.);
#58=FACE_BOUND('',#283,.T.);
#59=FACE_BOUND('',#289,.T.);
#60=FACE_BOUND('',#295,.T.);
#61=FACE_BOUND('',#296,.T.);
#62=FACE_BOUND('',#309,.T.);
#63=FACE_BOUND('',#330,.T.);
#64=FACE_BOUND('',#331,.T.);
#65=FACE_BOUND('',#332,.T.);
#66=FACE_BOUND('',#333,.T.);
#67=FACE_BOUND('',#334,.T.);
#68=FACE_BOUND('',#374,.T.);
#69=FACE_BOUND('',#375,.T.);
#70=FACE_BOUND('',#404,.T.);
#71=FACE_BOUND('',#409,.T.);
#72=FACE_OUTER_BOUND('',#242,.T.);
#73=FACE_OUTER_BOUND('',#243,.T.);
#74=FACE_OUTER_BOUND('',#246,.T.);
#75=FACE_OUTER_BOUND('',#247,.T.);
#76=FACE_OUTER_BOUND('',#248,.T.);
#77=FACE_OUTER_BOUND('',#250,.T.);
#78=FACE_OUTER_BOUND('',#251,.T.);
#79=FACE_OUTER_BOUND('',#252,.T.);
#80=FACE_OUTER_BOUND('',#253,.T.);
#81=FACE_OUTER_BOUND('',#255,.T.);
#82=FACE_OUTER_BOUND('',#256,.T.);
#83=FACE_OUTER_BOUND('',#257,.T.);
#84=FACE_OUTER_BOUND('',#259,.T.);
#85=FACE_OUTER_BOUND('',#260,.T.);
#86=FACE_OUTER_BOUND('',#261,.T.);
#87=FACE_OUTER_BOUND('',#263,.T.);
#88=FACE_OUTER_BOUND('',#264,.T.);
#89=FACE_OUTER_BOUND('',#265,.T.);
#90=FACE_OUTER_BOUND('',#266,.T.);
#91=FACE_OUTER_BOUND('',#268,.T.);
#92=FACE_OUTER_BOUND('',#269,.T.);
#93=FACE_OUTER_BOUND('',#270,.T.);
#94=FACE_OUTER_BOUND('',#271,.T.);
#95=FACE_OUTER_BOUND('',#272,.T.);
#96=FACE_OUTER_BOUND('',#273,.T.);
#97=FACE_OUTER_BOUND('',#274,.T.);
#98=FACE_OUTER_BOUND('',#275,.T.);
#99=FACE_OUTER_BOUND('',#276,.T.);
#100=FACE_OUTER_BOUND('',#277,.T.);
#101=FACE_OUTER_BOUND('',#278,.T.);
#102=FACE_OUTER_BOUND('',#279,.T.);
#103=FACE_OUTER_BOUND('',#280,.T.);
#104=FACE_OUTER_BOUND('',#284,.T.);
#105=FACE_OUTER_BOUND('',#285,.T.);
#106=FACE_OUTER_BOUND('',#286,.T.);
#107=FACE_OUTER_BOUND('',#287,.T.);
#108=FACE_OUTER_BOUND('',#288,.T.);
#109=FACE_OUTER_BOUND('',#290,.T.);
#110=FACE_OUTER_BOUND('',#291,.T.);
#111=FACE_OUTER_BOUND('',#292,.T.);
#112=FACE_OUTER_BOUND('',#293,.T.);
#113=FACE_OUTER_BOUND('',#294,.T.);
#114=FACE_OUTER_BOUND('',#297,.T.);
#115=FACE_OUTER_BOUND('',#298,.T.);
#116=FACE_OUTER_BOUND('',#299,.T.);
#117=FACE_OUTER_BOUND('',#300,.T.);
#118=FACE_OUTER_BOUND('',#301,.T.);
#119=FACE_OUTER_BOUND('',#302,.T.);
#120=FACE_OUTER_BOUND('',#303,.T.);
#121=FACE_OUTER_BOUND('',#304,.T.);
#122=FACE_OUTER_BOUND('',#305,.T.);
#123=FACE_OUTER_BOUND('',#306,.T.);
#124=FACE_OUTER_BOUND('',#307,.T.);
#125=FACE_OUTER_BOUND('',#308,.T.);
#126=FACE_OUTER_BOUND('',#310,.T.);
#127=FACE_OUTER_BOUND('',#311,.T.);
#128=FACE_OUTER_BOUND('',#312,.T.);
#129=FACE_OUTER_BOUND('',#313,.T.);
#130=FACE_OUTER_BOUND('',#314,.T.);
#131=FACE_OUTER_BOUND('',#315,.T.);
#132=FACE_OUTER_BOUND('',#316,.T.);
#133=FACE_OUTER_BOUND('',#317,.T.);
#134=FACE_OUTER_BOUND('',#318,.T.);
#135=FACE_OUTER_BOUND('',#319,.T.);
#136=FACE_OUTER_BOUND('',#320,.T.);
#137=FACE_OUTER_BOUND('',#321,.T.);
#138=FACE_OUTER_BOUND('',#322,.T.);
#139=FACE_OUTER_BOUND('',#323,.T.);
#140=FACE_OUTER_BOUND('',#324,.T.);
#141=FACE_OUTER_BOUND('',#325,.T.);
#142=FACE_OUTER_BOUND('',#326,.T.);
#143=FACE_OUTER_BOUND('',#327,.T.);
#144=FACE_OUTER_BOUND('',#328,.T.);
#145=FACE_OUTER_BOUND('',#329,.T.);
#146=FACE_OUTER_BOUND('',#335,.T.);
#147=FACE_OUTER_BOUND('',#336,.T.);
#148=FACE_OUTER_BOUND('',#337,.T.);
#149=FACE_OUTER_BOUND('',#338,.T.);
#150=FACE_OUTER_BOUND('',#339,.T.);
#151=FACE_OUTER_BOUND('',#340,.T.);
#152=FACE_OUTER_BOUND('',#341,.T.);
#153=FACE_OUTER_BOUND('',#342,.T.);
#154=FACE_OUTER_BOUND('',#343,.T.);
#155=FACE_OUTER_BOUND('',#344,.T.);
#156=FACE_OUTER_BOUND('',#345,.T.);
#157=FACE_OUTER_BOUND('',#346,.T.);
#158=FACE_OUTER_BOUND('',#347,.T.);
#159=FACE_OUTER_BOUND('',#348,.T.);
#160=FACE_OUTER_BOUND('',#349,.T.);
#161=FACE_OUTER_BOUND('',#350,.T.);
#162=FACE_OUTER_BOUND('',#351,.T.);
#163=FACE_OUTER_BOUND('',#352,.T.);
#164=FACE_OUTER_BOUND('',#353,.T.);
#165=FACE_OUTER_BOUND('',#354,.T.);
#166=FACE_OUTER_BOUND('',#355,.T.);
#167=FACE_OUTER_BOUND('',#356,.T.);
#168=FACE_OUTER_BOUND('',#357,.T.);
#169=FACE_OUTER_BOUND('',#358,.T.);
#170=FACE_OUTER_BOUND('',#359,.T.);
#171=FACE_OUTER_BOUND('',#360,.T.);
#172=FACE_OUTER_BOUND('',#361,.T.);
#173=FACE_OUTER_BOUND('',#362,.T.);
#174=FACE_OUTER_BOUND('',#363,.T.);
#175=FACE_OUTER_BOUND('',#364,.T.);
#176=FACE_OUTER_BOUND('',#365,.T.);
#177=FACE_OUTER_BOUND('',#366,.T.);
#178=FACE_OUTER_BOUND('',#367,.T.);
#179=FACE_OUTER_BOUND('',#368,.T.);
#180=FACE_OUTER_BOUND('',#369,.T.);
#181=FACE_OUTER_BOUND('',#370,.T.);
#182=FACE_OUTER_BOUND('',#371,.T.);
#183=FACE_OUTER_BOUND('',#372,.T.);
#184=FACE_OUTER_BOUND('',#373,.T.);
#185=FACE_OUTER_BOUND('',#376,.T.);
#186=FACE_OUTER_BOUND('',#377,.T.);
#187=FACE_OUTER_BOUND('',#378,.T.);
#188=FACE_OUTER_BOUND('',#379,.T.);
#189=FACE_OUTER_BOUND('',#380,.T.);
#190=FACE_OUTER_BOUND('',#381,.T.);
#191=FACE_OUTER_BOUND('',#382,.T.);
#192=FACE_OUTER_BOUND('',#383,.T.);
#193=FACE_OUTER_BOUND('',#384,.T.);
#194=FACE_OUTER_BOUND('',#385,.T.);
#195=FACE_OUTER_BOUND('',#386,.T.);
#196=FACE_OUTER_BOUND('',#387,.T.);
#197=FACE_OUTER_BOUND('',#388,.T.);
#198=FACE_OUTER_BOUND('',#389,.T.);
#199=FACE_OUTER_BOUND('',#390,.T.);
#200=FACE_OUTER_BOUND('',#391,.T.);
#201=FACE_OUTER_BOUND('',#392,.T.);
#202=FACE_OUTER_BOUND('',#393,.T.);
#203=FACE_OUTER_BOUND('',#394,.T.);
#204=FACE_OUTER_BOUND('',#395,.T.);
#205=FACE_OUTER_BOUND('',#396,.T.);
#206=FACE_OUTER_BOUND('',#397,.T.);
#207=FACE_OUTER_BOUND('',#398,.T.);
#208=FACE_OUTER_BOUND('',#399,.T.);
#209=FACE_OUTER_BOUND('',#400,.T.);
#210=FACE_OUTER_BOUND('',#401,.T.);
#211=FACE_OUTER_BOUND('',#402,.T.);
#212=FACE_OUTER_BOUND('',#403,.T.);
#213=FACE_OUTER_BOUND('',#405,.T.);
#214=FACE_OUTER_BOUND('',#406,.T.);
#215=FACE_OUTER_BOUND('',#407,.T.);
#216=FACE_OUTER_BOUND('',#408,.T.);
#217=FACE_OUTER_BOUND('',#410,.T.);
#218=FACE_OUTER_BOUND('',#411,.T.);
#219=FACE_OUTER_BOUND('',#412,.T.);
#220=FACE_OUTER_BOUND('',#413,.T.);
#221=FACE_OUTER_BOUND('',#414,.T.);
#222=FACE_OUTER_BOUND('',#415,.T.);
#223=FACE_OUTER_BOUND('',#416,.T.);
#224=FACE_OUTER_BOUND('',#417,.T.);
#225=FACE_OUTER_BOUND('',#418,.T.);
#226=FACE_OUTER_BOUND('',#419,.T.);
#227=FACE_OUTER_BOUND('',#420,.T.);
#228=FACE_OUTER_BOUND('',#421,.T.);
#229=FACE_OUTER_BOUND('',#422,.T.);
#230=FACE_OUTER_BOUND('',#423,.T.);
#231=FACE_OUTER_BOUND('',#424,.T.);
#232=FACE_OUTER_BOUND('',#425,.T.);
#233=FACE_OUTER_BOUND('',#426,.T.);
#234=FACE_OUTER_BOUND('',#427,.T.);
#235=FACE_OUTER_BOUND('',#428,.T.);
#236=FACE_OUTER_BOUND('',#429,.T.);
#237=FACE_OUTER_BOUND('',#430,.T.);
#238=FACE_OUTER_BOUND('',#431,.T.);
#239=FACE_OUTER_BOUND('',#432,.T.);
#240=FACE_OUTER_BOUND('',#433,.T.);
#241=FACE_OUTER_BOUND('',#434,.T.);
#242=EDGE_LOOP('',(#2098,#2099,#2100,#2101,#2102,#2103,#2104,#2105,#2106,
#2107,#2108,#2109,#2110,#2111,#2112,#2113,#2114,#2115,#2116,#2117));
#243=EDGE_LOOP('',(#2118,#2119,#2120,#2121,#2122,#2123,#2124,#2125,#2126,
#2127));
#244=EDGE_LOOP('',(#2128,#2129,#2130,#2131));
#245=EDGE_LOOP('',(#2132,#2133,#2134,#2135));
#246=EDGE_LOOP('',(#2136,#2137,#2138,#2139));
#247=EDGE_LOOP('',(#2140,#2141,#2142,#2143));
#248=EDGE_LOOP('',(#2144,#2145,#2146,#2147));
#249=EDGE_LOOP('',(#2148));
#250=EDGE_LOOP('',(#2149,#2150,#2151,#2152,#2153,#2154,#2155,#2156,#2157,
#2158,#2159,#2160,#2161,#2162,#2163,#2164));
#251=EDGE_LOOP('',(#2165,#2166,#2167,#2168));
#252=EDGE_LOOP('',(#2169,#2170,#2171,#2172));
#253=EDGE_LOOP('',(#2173,#2174,#2175,#2176));
#254=EDGE_LOOP('',(#2177));
#255=EDGE_LOOP('',(#2178,#2179,#2180,#2181));
#256=EDGE_LOOP('',(#2182,#2183,#2184,#2185));
#257=EDGE_LOOP('',(#2186,#2187,#2188,#2189));
#258=EDGE_LOOP('',(#2190));
#259=EDGE_LOOP('',(#2191,#2192,#2193,#2194));
#260=EDGE_LOOP('',(#2195,#2196,#2197,#2198));
#261=EDGE_LOOP('',(#2199,#2200,#2201,#2202));
#262=EDGE_LOOP('',(#2203));
#263=EDGE_LOOP('',(#2204,#2205,#2206,#2207,#2208,#2209,#2210,#2211));
#264=EDGE_LOOP('',(#2212,#2213,#2214,#2215));
#265=EDGE_LOOP('',(#2216,#2217,#2218,#2219));
#266=EDGE_LOOP('',(#2220,#2221,#2222,#2223));
#267=EDGE_LOOP('',(#2224,#2225,#2226,#2227,#2228,#2229,#2230,#2231,#2232,
#2233));
#268=EDGE_LOOP('',(#2234));
#269=EDGE_LOOP('',(#2235));
#270=EDGE_LOOP('',(#2236));
#271=EDGE_LOOP('',(#2237));
#272=EDGE_LOOP('',(#2238,#2239,#2240,#2241));
#273=EDGE_LOOP('',(#2242,#2243,#2244,#2245));
#274=EDGE_LOOP('',(#2246,#2247,#2248,#2249));
#275=EDGE_LOOP('',(#2250,#2251,#2252,#2253));
#276=EDGE_LOOP('',(#2254,#2255,#2256,#2257));
#277=EDGE_LOOP('',(#2258,#2259,#2260,#2261));
#278=EDGE_LOOP('',(#2262,#2263,#2264,#2265));
#279=EDGE_LOOP('',(#2266,#2267,#2268,#2269));
#280=EDGE_LOOP('',(#2270,#2271,#2272,#2273,#2274,#2275,#2276,#2277));
#281=EDGE_LOOP('',(#2278,#2279,#2280,#2281));
#282=EDGE_LOOP('',(#2282,#2283,#2284,#2285));
#283=EDGE_LOOP('',(#2286,#2287,#2288,#2289));
#284=EDGE_LOOP('',(#2290,#2291,#2292,#2293));
#285=EDGE_LOOP('',(#2294,#2295,#2296,#2297));
#286=EDGE_LOOP('',(#2298,#2299,#2300,#2301));
#287=EDGE_LOOP('',(#2302,#2303,#2304,#2305));
#288=EDGE_LOOP('',(#2306,#2307,#2308,#2309));
#289=EDGE_LOOP('',(#2310,#2311,#2312,#2313,#2314,#2315,#2316,#2317));
#290=EDGE_LOOP('',(#2318,#2319,#2320,#2321));
#291=EDGE_LOOP('',(#2322,#2323,#2324,#2325));
#292=EDGE_LOOP('',(#2326,#2327,#2328,#2329));
#293=EDGE_LOOP('',(#2330,#2331,#2332,#2333));
#294=EDGE_LOOP('',(#2334,#2335,#2336,#2337));
#295=EDGE_LOOP('',(#2338,#2339,#2340,#2341,#2342,#2343,#2344,#2345));
#296=EDGE_LOOP('',(#2346,#2347,#2348,#2349,#2350,#2351,#2352,#2353,#2354,
#2355,#2356,#2357));
#297=EDGE_LOOP('',(#2358,#2359,#2360,#2361));
#298=EDGE_LOOP('',(#2362,#2363,#2364,#2365));
#299=EDGE_LOOP('',(#2366,#2367,#2368,#2369));
#300=EDGE_LOOP('',(#2370,#2371,#2372,#2373));
#301=EDGE_LOOP('',(#2374,#2375,#2376,#2377));
#302=EDGE_LOOP('',(#2378,#2379,#2380,#2381));
#303=EDGE_LOOP('',(#2382,#2383,#2384,#2385));
#304=EDGE_LOOP('',(#2386,#2387,#2388,#2389));
#305=EDGE_LOOP('',(#2390,#2391,#2392,#2393));
#306=EDGE_LOOP('',(#2394,#2395,#2396,#2397));
#307=EDGE_LOOP('',(#2398,#2399,#2400,#2401));
#308=EDGE_LOOP('',(#2402,#2403,#2404,#2405,#2406,#2407,#2408,#2409));
#309=EDGE_LOOP('',(#2410,#2411,#2412,#2413));
#310=EDGE_LOOP('',(#2414,#2415,#2416,#2417));
#311=EDGE_LOOP('',(#2418,#2419,#2420,#2421));
#312=EDGE_LOOP('',(#2422,#2423,#2424,#2425));
#313=EDGE_LOOP('',(#2426,#2427,#2428,#2429));
#314=EDGE_LOOP('',(#2430,#2431,#2432,#2433));
#315=EDGE_LOOP('',(#2434,#2435,#2436,#2437));
#316=EDGE_LOOP('',(#2438,#2439,#2440,#2441));
#317=EDGE_LOOP('',(#2442,#2443,#2444,#2445));
#318=EDGE_LOOP('',(#2446,#2447,#2448,#2449));
#319=EDGE_LOOP('',(#2450,#2451,#2452,#2453));
#320=EDGE_LOOP('',(#2454,#2455,#2456,#2457));
#321=EDGE_LOOP('',(#2458,#2459,#2460,#2461));
#322=EDGE_LOOP('',(#2462,#2463,#2464,#2465));
#323=EDGE_LOOP('',(#2466,#2467,#2468,#2469));
#324=EDGE_LOOP('',(#2470,#2471,#2472,#2473));
#325=EDGE_LOOP('',(#2474,#2475,#2476,#2477));
#326=EDGE_LOOP('',(#2478,#2479,#2480,#2481));
#327=EDGE_LOOP('',(#2482,#2483,#2484,#2485));
#328=EDGE_LOOP('',(#2486,#2487,#2488,#2489));
#329=EDGE_LOOP('',(#2490,#2491,#2492,#2493,#2494,#2495,#2496,#2497));
#330=EDGE_LOOP('',(#2498,#2499,#2500,#2501));
#331=EDGE_LOOP('',(#2502,#2503,#2504,#2505));
#332=EDGE_LOOP('',(#2506,#2507,#2508,#2509,#2510,#2511,#2512,#2513));
#333=EDGE_LOOP('',(#2514,#2515,#2516,#2517,#2518,#2519,#2520,#2521,#2522,
#2523,#2524,#2525));
#334=EDGE_LOOP('',(#2526,#2527,#2528,#2529,#2530,#2531,#2532,#2533));
#335=EDGE_LOOP('',(#2534,#2535,#2536,#2537));
#336=EDGE_LOOP('',(#2538,#2539,#2540,#2541));
#337=EDGE_LOOP('',(#2542,#2543,#2544,#2545));
#338=EDGE_LOOP('',(#2546,#2547,#2548,#2549));
#339=EDGE_LOOP('',(#2550,#2551,#2552,#2553));
#340=EDGE_LOOP('',(#2554,#2555,#2556,#2557));
#341=EDGE_LOOP('',(#2558,#2559,#2560,#2561,#2562,#2563));
#342=EDGE_LOOP('',(#2564,#2565,#2566,#2567));
#343=EDGE_LOOP('',(#2568,#2569,#2570,#2571,#2572,#2573));
#344=EDGE_LOOP('',(#2574,#2575,#2576,#2577));
#345=EDGE_LOOP('',(#2578,#2579,#2580,#2581,#2582,#2583));
#346=EDGE_LOOP('',(#2584,#2585,#2586,#2587));
#347=EDGE_LOOP('',(#2588,#2589,#2590,#2591,#2592,#2593));
#348=EDGE_LOOP('',(#2594,#2595,#2596,#2597));
#349=EDGE_LOOP('',(#2598,#2599,#2600,#2601));
#350=EDGE_LOOP('',(#2602,#2603,#2604,#2605));
#351=EDGE_LOOP('',(#2606,#2607,#2608,#2609));
#352=EDGE_LOOP('',(#2610,#2611,#2612,#2613));
#353=EDGE_LOOP('',(#2614,#2615,#2616,#2617));
#354=EDGE_LOOP('',(#2618,#2619,#2620,#2621));
#355=EDGE_LOOP('',(#2622,#2623,#2624,#2625));
#356=EDGE_LOOP('',(#2626,#2627,#2628,#2629,#2630));
#357=EDGE_LOOP('',(#2631,#2632,#2633,#2634));
#358=EDGE_LOOP('',(#2635,#2636,#2637,#2638,#2639));
#359=EDGE_LOOP('',(#2640,#2641,#2642,#2643));
#360=EDGE_LOOP('',(#2644,#2645,#2646,#2647,#2648));
#361=EDGE_LOOP('',(#2649,#2650,#2651,#2652));
#362=EDGE_LOOP('',(#2653,#2654,#2655,#2656,#2657));
#363=EDGE_LOOP('',(#2658,#2659,#2660,#2661));
#364=EDGE_LOOP('',(#2662,#2663,#2664,#2665,#2666));
#365=EDGE_LOOP('',(#2667,#2668,#2669,#2670));
#366=EDGE_LOOP('',(#2671,#2672,#2673,#2674,#2675));
#367=EDGE_LOOP('',(#2676,#2677,#2678,#2679));
#368=EDGE_LOOP('',(#2680,#2681,#2682,#2683,#2684));
#369=EDGE_LOOP('',(#2685,#2686,#2687,#2688));
#370=EDGE_LOOP('',(#2689,#2690,#2691,#2692,#2693));
#371=EDGE_LOOP('',(#2694,#2695,#2696,#2697));
#372=EDGE_LOOP('',(#2698,#2699,#2700,#2701));
#373=EDGE_LOOP('',(#2702,#2703,#2704,#2705));
#374=EDGE_LOOP('',(#2706,#2707,#2708,#2709));
#375=EDGE_LOOP('',(#2710,#2711,#2712,#2713));
#376=EDGE_LOOP('',(#2714,#2715,#2716,#2717,#2718,#2719,#2720,#2721,#2722,
#2723));
#377=EDGE_LOOP('',(#2724,#2725,#2726,#2727));
#378=EDGE_LOOP('',(#2728,#2729,#2730,#2731));
#379=EDGE_LOOP('',(#2732,#2733,#2734,#2735));
#380=EDGE_LOOP('',(#2736,#2737,#2738,#2739));
#381=EDGE_LOOP('',(#2740,#2741,#2742,#2743));
#382=EDGE_LOOP('',(#2744,#2745,#2746,#2747));
#383=EDGE_LOOP('',(#2748,#2749,#2750,#2751));
#384=EDGE_LOOP('',(#2752,#2753,#2754,#2755));
#385=EDGE_LOOP('',(#2756,#2757,#2758,#2759));
#386=EDGE_LOOP('',(#2760,#2761,#2762,#2763));
#387=EDGE_LOOP('',(#2764,#2765,#2766,#2767,#2768,#2769,#2770,#2771,#2772,
#2773,#2774,#2775,#2776,#2777,#2778,#2779,#2780,#2781,#2782,#2783));
#388=EDGE_LOOP('',(#2784,#2785,#2786,#2787,#2788,#2789,#2790,#2791,#2792,
#2793,#2794,#2795,#2796,#2797,#2798,#2799,#2800,#2801,#2802,#2803));
#389=EDGE_LOOP('',(#2804,#2805,#2806,#2807));
#390=EDGE_LOOP('',(#2808,#2809,#2810,#2811));
#391=EDGE_LOOP('',(#2812,#2813,#2814,#2815));
#392=EDGE_LOOP('',(#2816,#2817,#2818,#2819));
#393=EDGE_LOOP('',(#2820,#2821,#2822,#2823));
#394=EDGE_LOOP('',(#2824,#2825,#2826,#2827));
#395=EDGE_LOOP('',(#2828,#2829,#2830,#2831));
#396=EDGE_LOOP('',(#2832,#2833,#2834,#2835));
#397=EDGE_LOOP('',(#2836,#2837,#2838,#2839));
#398=EDGE_LOOP('',(#2840,#2841,#2842,#2843));
#399=EDGE_LOOP('',(#2844,#2845,#2846,#2847));
#400=EDGE_LOOP('',(#2848,#2849,#2850,#2851));
#401=EDGE_LOOP('',(#2852,#2853,#2854,#2855));
#402=EDGE_LOOP('',(#2856,#2857,#2858,#2859,#2860,#2861,#2862,#2863,#2864,
#2865,#2866,#2867));
#403=EDGE_LOOP('',(#2868,#2869,#2870,#2871));
#404=EDGE_LOOP('',(#2872,#2873,#2874,#2875));
#405=EDGE_LOOP('',(#2876,#2877,#2878,#2879));
#406=EDGE_LOOP('',(#2880,#2881,#2882,#2883));
#407=EDGE_LOOP('',(#2884,#2885,#2886,#2887));
#408=EDGE_LOOP('',(#2888,#2889,#2890,#2891));
#409=EDGE_LOOP('',(#2892,#2893,#2894,#2895));
#410=EDGE_LOOP('',(#2896,#2897,#2898,#2899,#2900,#2901));
#411=EDGE_LOOP('',(#2902,#2903,#2904,#2905,#2906,#2907));
#412=EDGE_LOOP('',(#2908,#2909,#2910,#2911,#2912,#2913,#2914,#2915,#2916,
#2917,#2918,#2919));
#413=EDGE_LOOP('',(#2920,#2921,#2922,#2923));
#414=EDGE_LOOP('',(#2924,#2925,#2926,#2927,#2928,#2929,#2930,#2931,#2932,
#2933,#2934,#2935));
#415=EDGE_LOOP('',(#2936,#2937,#2938,#2939));
#416=EDGE_LOOP('',(#2940,#2941,#2942,#2943));
#417=EDGE_LOOP('',(#2944,#2945,#2946,#2947));
#418=EDGE_LOOP('',(#2948,#2949,#2950,#2951,#2952,#2953,#2954,#2955,#2956,
#2957,#2958,#2959,#2960,#2961,#2962,#2963));
#419=EDGE_LOOP('',(#2964,#2965,#2966,#2967));
#420=EDGE_LOOP('',(#2968,#2969,#2970,#2971));
#421=EDGE_LOOP('',(#2972,#2973,#2974,#2975));
#422=EDGE_LOOP('',(#2976,#2977,#2978,#2979));
#423=EDGE_LOOP('',(#2980,#2981,#2982,#2983));
#424=EDGE_LOOP('',(#2984,#2985,#2986,#2987));
#425=EDGE_LOOP('',(#2988,#2989,#2990,#2991));
#426=EDGE_LOOP('',(#2992,#2993,#2994,#2995));
#427=EDGE_LOOP('',(#2996,#2997,#2998,#2999));
#428=EDGE_LOOP('',(#3000,#3001,#3002,#3003));
#429=EDGE_LOOP('',(#3004,#3005,#3006,#3007));
#430=EDGE_LOOP('',(#3008,#3009,#3010,#3011,#3012,#3013,#3014,#3015,#3016,
#3017,#3018,#3019,#3020,#3021,#3022,#3023));
#431=EDGE_LOOP('',(#3024,#3025,#3026,#3027));
#432=EDGE_LOOP('',(#3028,#3029,#3030,#3031));
#433=EDGE_LOOP('',(#3032,#3033,#3034,#3035));
#434=EDGE_LOOP('',(#3036,#3037,#3038,#3039));
#435=CIRCLE('',#3367,1.);
#436=CIRCLE('',#3368,1.);
#437=CIRCLE('',#3369,1.);
#438=CIRCLE('',#3370,1.);
#439=CIRCLE('',#3375,1.00000000000001);
#440=CIRCLE('',#3380,0.999999999999996);
#441=CIRCLE('',#3384,0.999999999999996);
#442=CIRCLE('',#3388,1.);
#443=CIRCLE('',#3393,1.);
#444=CIRCLE('',#3394,1.);
#445=CIRCLE('',#3395,1.);
#446=CIRCLE('',#3396,1.);
#447=CIRCLE('',#3398,0.999999999999996);
#448=CIRCLE('',#3400,0.999999999999996);
#449=CIRCLE('',#3402,1.00000000000001);
#450=CIRCLE('',#3404,1.);
#451=CIRCLE('',#3419,1.);
#452=CIRCLE('',#3420,1.);
#453=CIRCLE('',#3421,1.);
#454=CIRCLE('',#3422,1.);
#455=CIRCLE('',#3424,1.);
#456=CIRCLE('',#3427,1.);
#457=CIRCLE('',#3430,1.);
#458=CIRCLE('',#3431,1.);
#459=CIRCLE('',#3432,1.);
#460=CIRCLE('',#3433,1.);
#461=CIRCLE('',#3434,1.);
#462=CIRCLE('',#3435,1.);
#463=CIRCLE('',#3436,1.);
#464=CIRCLE('',#3437,1.);
#465=CIRCLE('',#3438,1.);
#466=CIRCLE('',#3439,1.);
#467=CIRCLE('',#3441,1.);
#468=CIRCLE('',#3444,1.);
#469=CIRCLE('',#3447,1.);
#470=CIRCLE('',#3450,1.);
#471=CIRCLE('',#3453,1.);
#472=CIRCLE('',#3456,2.);
#473=CIRCLE('',#3457,2.);
#474=CIRCLE('',#3459,2.);
#475=CIRCLE('',#3460,2.);
#476=CIRCLE('',#3461,2.);
#477=CIRCLE('',#3463,2.);
#478=CIRCLE('',#3466,2.);
#479=CIRCLE('',#3468,2.);
#480=CIRCLE('',#3477,1.);
#481=CIRCLE('',#3481,1.);
#482=CIRCLE('',#3483,1.);
#483=CIRCLE('',#3486,1.);
#484=CIRCLE('',#3488,1.);
#485=CIRCLE('',#3490,1.);
#486=CIRCLE('',#3491,1.);
#487=CIRCLE('',#3558,2.);
#488=CIRCLE('',#3559,2.);
#489=CIRCLE('',#3560,2.);
#490=CIRCLE('',#3561,2.);
#491=CIRCLE('',#3564,2.);
#492=CIRCLE('',#3567,2.);
#493=CIRCLE('',#3570,2.);
#494=CIRCLE('',#3572,2.);
#495=LINE('',#4473,#906);
#496=LINE('',#4475,#907);
#497=LINE('',#4477,#908);
#498=LINE('',#4479,#909);
#499=LINE('',#4481,#910);
#500=LINE('',#4483,#911);
#501=LINE('',#4487,#912);
#502=LINE('',#4491,#913);
#503=LINE('',#4495,#914);
#504=LINE('',#4499,#915);
#505=LINE('',#4501,#916);
#506=LINE('',#4503,#917);
#507=LINE('',#4505,#918);
#508=LINE('',#4507,#919);
#509=LINE('',#4509,#920);
#510=LINE('',#4510,#921);
#511=LINE('',#4513,#922);
#512=LINE('',#4515,#923);
#513=LINE('',#4517,#924);
#514=LINE('',#4519,#925);
#515=LINE('',#4521,#926);
#516=LINE('',#4523,#927);
#517=LINE('',#4524,#928);
#518=LINE('',#4527,#929);
#519=LINE('',#4529,#930);
#520=LINE('',#4531,#931);
#521=LINE('',#4532,#932);
#522=LINE('',#4535,#933);
#523=LINE('',#4537,#934);
#524=LINE('',#4539,#935);
#525=LINE('',#4540,#936);
#526=LINE('',#4543,#937);
#527=LINE('',#4545,#938);
#528=LINE('',#4546,#939);
#529=LINE('',#4549,#940);
#530=LINE('',#4551,#941);
#531=LINE('',#4552,#942);
#532=LINE('',#4554,#943);
#533=LINE('',#4559,#944);
#534=LINE('',#4561,#945);
#535=LINE('',#4563,#946);
#536=LINE('',#4565,#947);
#537=LINE('',#4567,#948);
#538=LINE('',#4568,#949);
#539=LINE('',#4570,#950);
#540=LINE('',#4571,#951);
#541=LINE('',#4573,#952);
#542=LINE('',#4575,#953);
#543=LINE('',#4576,#954);
#544=LINE('',#4579,#955);
#545=LINE('',#4581,#956);
#546=LINE('',#4582,#957);
#547=LINE('',#4584,#958);
#548=LINE('',#4586,#959);
#549=LINE('',#4591,#960);
#550=LINE('',#4592,#961);
#551=LINE('',#4594,#962);
#552=LINE('',#4600,#963);
#553=LINE('',#4602,#964);
#554=LINE('',#4603,#965);
#555=LINE('',#4606,#966);
#556=LINE('',#4607,#967);
#557=LINE('',#4610,#968);
#558=LINE('',#4611,#969);
#559=LINE('',#4616,#970);
#560=LINE('',#4617,#971);
#561=LINE('',#4620,#972);
#562=LINE('',#4621,#973);
#563=LINE('',#4624,#974);
#564=LINE('',#4625,#975);
#565=LINE('',#4629,#976);
#566=LINE('',#4631,#977);
#567=LINE('',#4633,#978);
#568=LINE('',#4634,#979);
#569=LINE('',#4638,#980);
#570=LINE('',#4642,#981);
#571=LINE('',#4646,#982);
#572=LINE('',#4661,#983);
#573=LINE('',#4663,#984);
#574=LINE('',#4665,#985);
#575=LINE('',#4667,#986);
#576=LINE('',#4671,#987);
#577=LINE('',#4673,#988);
#578=LINE('',#4675,#989);
#579=LINE('',#4676,#990);
#580=LINE('',#4679,#991);
#581=LINE('',#4681,#992);
#582=LINE('',#4682,#993);
#583=LINE('',#4685,#994);
#584=LINE('',#4687,#995);
#585=LINE('',#4688,#996);
#586=LINE('',#4690,#997);
#587=LINE('',#4691,#998);
#588=LINE('',#4694,#999);
#589=LINE('',#4696,#1000);
#590=LINE('',#4698,#1001);
#591=LINE('',#4700,#1002);
#592=LINE('',#4701,#1003);
#593=LINE('',#4704,#1004);
#594=LINE('',#4706,#1005);
#595=LINE('',#4708,#1006);
#596=LINE('',#4709,#1007);
#597=LINE('',#4712,#1008);
#598=LINE('',#4714,#1009);
#599=LINE('',#4716,#1010);
#600=LINE('',#4717,#1011);
#601=LINE('',#4720,#1012);
#602=LINE('',#4722,#1013);
#603=LINE('',#4724,#1014);
#604=LINE('',#4725,#1015);
#605=LINE('',#4728,#1016);
#606=LINE('',#4730,#1017);
#607=LINE('',#4731,#1018);
#608=LINE('',#4734,#1019);
#609=LINE('',#4735,#1020);
#610=LINE('',#4738,#1021);
#611=LINE('',#4739,#1022);
#612=LINE('',#4741,#1023);
#613=LINE('',#4747,#1024);
#614=LINE('',#4751,#1025);
#615=LINE('',#4755,#1026);
#616=LINE('',#4758,#1027);
#617=LINE('',#4761,#1028);
#618=LINE('',#4764,#1029);
#619=LINE('',#4767,#1030);
#620=LINE('',#4768,#1031);
#621=LINE('',#4771,#1032);
#622=LINE('',#4775,#1033);
#623=LINE('',#4776,#1034);
#624=LINE('',#4782,#1035);
#625=LINE('',#4786,#1036);
#626=LINE('',#4790,#1037);
#627=LINE('',#4793,#1038);
#628=LINE('',#4798,#1039);
#629=LINE('',#4802,#1040);
#630=LINE('',#4806,#1041);
#631=LINE('',#4810,#1042);
#632=LINE('',#4814,#1043);
#633=LINE('',#4817,#1044);
#634=LINE('',#4820,#1045);
#635=LINE('',#4823,#1046);
#636=LINE('',#4826,#1047);
#637=LINE('',#4827,#1048);
#638=LINE('',#4830,#1049);
#639=LINE('',#4834,#1050);
#640=LINE('',#4835,#1051);
#641=LINE('',#4838,#1052);
#642=LINE('',#4842,#1053);
#643=LINE('',#4843,#1054);
#644=LINE('',#4846,#1055);
#645=LINE('',#4849,#1056);
#646=LINE('',#4852,#1057);
#647=LINE('',#4853,#1058);
#648=LINE('',#4856,#1059);
#649=LINE('',#4860,#1060);
#650=LINE('',#4861,#1061);
#651=LINE('',#4867,#1062);
#652=LINE('',#4870,#1063);
#653=LINE('',#4875,#1064);
#654=LINE('',#4877,#1065);
#655=LINE('',#4880,#1066);
#656=LINE('',#4884,#1067);
#657=LINE('',#4885,#1068);
#658=LINE('',#4888,#1069);
#659=LINE('',#4893,#1070);
#660=LINE('',#4894,#1071);
#661=LINE('',#4896,#1072);
#662=LINE('',#4898,#1073);
#663=LINE('',#4900,#1074);
#664=LINE('',#4903,#1075);
#665=LINE('',#4907,#1076);
#666=LINE('',#4910,#1077);
#667=LINE('',#4913,#1078);
#668=LINE('',#4914,#1079);
#669=LINE('',#4917,#1080);
#670=LINE('',#4918,#1081);
#671=LINE('',#4921,#1082);
#672=LINE('',#4927,#1083);
#673=LINE('',#4928,#1084);
#674=LINE('',#4931,#1085);
#675=LINE('',#4936,#1086);
#676=LINE('',#4940,#1087);
#677=LINE('',#4942,#1088);
#678=LINE('',#4944,#1089);
#679=LINE('',#4945,#1090);
#680=LINE('',#4948,#1091);
#681=LINE('',#4950,#1092);
#682=LINE('',#4952,#1093);
#683=LINE('',#4953,#1094);
#684=LINE('',#4954,#1095);
#685=LINE('',#4955,#1096);
#686=LINE('',#4958,#1097);
#687=LINE('',#4961,#1098);
#688=LINE('',#4964,#1099);
#689=LINE('',#4966,#1100);
#690=LINE('',#4968,#1101);
#691=LINE('',#4973,#1102);
#692=LINE('',#4975,#1103);
#693=LINE('',#4976,#1104);
#694=LINE('',#4979,#1105);
#695=LINE('',#4980,#1106);
#696=LINE('',#4982,#1107);
#697=LINE('',#4983,#1108);
#698=LINE('',#4986,#1109);
#699=LINE('',#4988,#1110);
#700=LINE('',#4989,#1111);
#701=LINE('',#4992,#1112);
#702=LINE('',#4993,#1113);
#703=LINE('',#4995,#1114);
#704=LINE('',#4996,#1115);
#705=LINE('',#5000,#1116);
#706=LINE('',#5002,#1117);
#707=LINE('',#5004,#1118);
#708=LINE('',#5005,#1119);
#709=LINE('',#5008,#1120);
#710=LINE('',#5009,#1121);
#711=LINE('',#5011,#1122);
#712=LINE('',#5012,#1123);
#713=LINE('',#5016,#1124);
#714=LINE('',#5018,#1125);
#715=LINE('',#5020,#1126);
#716=LINE('',#5021,#1127);
#717=LINE('',#5024,#1128);
#718=LINE('',#5025,#1129);
#719=LINE('',#5027,#1130);
#720=LINE('',#5028,#1131);
#721=LINE('',#5031,#1132);
#722=LINE('',#5033,#1133);
#723=LINE('',#5034,#1134);
#724=LINE('',#5036,#1135);
#725=LINE('',#5037,#1136);
#726=LINE('',#5040,#1137);
#727=LINE('',#5042,#1138);
#728=LINE('',#5043,#1139);
#729=LINE('',#5045,#1140);
#730=LINE('',#5046,#1141);
#731=LINE('',#5050,#1142);
#732=LINE('',#5052,#1143);
#733=LINE('',#5054,#1144);
#734=LINE('',#5055,#1145);
#735=LINE('',#5057,#1146);
#736=LINE('',#5058,#1147);
#737=LINE('',#5062,#1148);
#738=LINE('',#5064,#1149);
#739=LINE('',#5066,#1150);
#740=LINE('',#5067,#1151);
#741=LINE('',#5069,#1152);
#742=LINE('',#5070,#1153);
#743=LINE('',#5072,#1154);
#744=LINE('',#5073,#1155);
#745=LINE('',#5076,#1156);
#746=LINE('',#5077,#1157);
#747=LINE('',#5080,#1158);
#748=LINE('',#5081,#1159);
#749=LINE('',#5084,#1160);
#750=LINE('',#5085,#1161);
#751=LINE('',#5088,#1162);
#752=LINE('',#5091,#1163);
#753=LINE('',#5094,#1164);
#754=LINE('',#5097,#1165);
#755=LINE('',#5101,#1166);
#756=LINE('',#5106,#1167);
#757=LINE('',#5108,#1168);
#758=LINE('',#5110,#1169);
#759=LINE('',#5111,#1170);
#760=LINE('',#5114,#1171);
#761=LINE('',#5116,#1172);
#762=LINE('',#5117,#1173);
#763=LINE('',#5121,#1174);
#764=LINE('',#5123,#1175);
#765=LINE('',#5125,#1176);
#766=LINE('',#5126,#1177);
#767=LINE('',#5129,#1178);
#768=LINE('',#5131,#1179);
#769=LINE('',#5132,#1180);
#770=LINE('',#5136,#1181);
#771=LINE('',#5138,#1182);
#772=LINE('',#5140,#1183);
#773=LINE('',#5141,#1184);
#774=LINE('',#5144,#1185);
#775=LINE('',#5146,#1186);
#776=LINE('',#5147,#1187);
#777=LINE('',#5151,#1188);
#778=LINE('',#5153,#1189);
#779=LINE('',#5155,#1190);
#780=LINE('',#5156,#1191);
#781=LINE('',#5159,#1192);
#782=LINE('',#5161,#1193);
#783=LINE('',#5162,#1194);
#784=LINE('',#5165,#1195);
#785=LINE('',#5167,#1196);
#786=LINE('',#5168,#1197);
#787=LINE('',#5171,#1198);
#788=LINE('',#5173,#1199);
#789=LINE('',#5174,#1200);
#790=LINE('',#5176,#1201);
#791=LINE('',#5178,#1202);
#792=LINE('',#5180,#1203);
#793=LINE('',#5182,#1204);
#794=LINE('',#5184,#1205);
#795=LINE('',#5186,#1206);
#796=LINE('',#5187,#1207);
#797=LINE('',#5188,#1208);
#798=LINE('',#5190,#1209);
#799=LINE('',#5191,#1210);
#800=LINE('',#5193,#1211);
#801=LINE('',#5195,#1212);
#802=LINE('',#5196,#1213);
#803=LINE('',#5197,#1214);
#804=LINE('',#5199,#1215);
#805=LINE('',#5201,#1216);
#806=LINE('',#5203,#1217);
#807=LINE('',#5205,#1218);
#808=LINE('',#5207,#1219);
#809=LINE('',#5208,#1220);
#810=LINE('',#5210,#1221);
#811=LINE('',#5213,#1222);
#812=LINE('',#5215,#1223);
#813=LINE('',#5216,#1224);
#814=LINE('',#5219,#1225);
#815=LINE('',#5221,#1226);
#816=LINE('',#5222,#1227);
#817=LINE('',#5225,#1228);
#818=LINE('',#5226,#1229);
#819=LINE('',#5229,#1230);
#820=LINE('',#5230,#1231);
#821=LINE('',#5232,#1232);
#822=LINE('',#5235,#1233);
#823=LINE('',#5237,#1234);
#824=LINE('',#5238,#1235);
#825=LINE('',#5241,#1236);
#826=LINE('',#5243,#1237);
#827=LINE('',#5244,#1238);
#828=LINE('',#5247,#1239);
#829=LINE('',#5248,#1240);
#830=LINE('',#5251,#1241);
#831=LINE('',#5252,#1242);
#832=LINE('',#5255,#1243);
#833=LINE('',#5257,#1244);
#834=LINE('',#5262,#1245);
#835=LINE('',#5266,#1246);
#836=LINE('',#5270,#1247);
#837=LINE('',#5275,#1248);
#838=LINE('',#5276,#1249);
#839=LINE('',#5277,#1250);
#840=LINE('',#5281,#1251);
#841=LINE('',#5284,#1252);
#842=LINE('',#5285,#1253);
#843=LINE('',#5289,#1254);
#844=LINE('',#5292,#1255);
#845=LINE('',#5293,#1256);
#846=LINE('',#5302,#1257);
#847=LINE('',#5304,#1258);
#848=LINE('',#5306,#1259);
#849=LINE('',#5307,#1260);
#850=LINE('',#5310,#1261);
#851=LINE('',#5312,#1262);
#852=LINE('',#5314,#1263);
#853=LINE('',#5316,#1264);
#854=LINE('',#5318,#1265);
#855=LINE('',#5320,#1266);
#856=LINE('',#5322,#1267);
#857=LINE('',#5324,#1268);
#858=LINE('',#5326,#1269);
#859=LINE('',#5328,#1270);
#860=LINE('',#5329,#1271);
#861=LINE('',#5332,#1272);
#862=LINE('',#5333,#1273);
#863=LINE('',#5337,#1274);
#864=LINE('',#5339,#1275);
#865=LINE('',#5341,#1276);
#866=LINE('',#5342,#1277);
#867=LINE('',#5345,#1278);
#868=LINE('',#5347,#1279);
#869=LINE('',#5348,#1280);
#870=LINE('',#5351,#1281);
#871=LINE('',#5353,#1282);
#872=LINE('',#5355,#1283);
#873=LINE('',#5357,#1284);
#874=LINE('',#5359,#1285);
#875=LINE('',#5361,#1286);
#876=LINE('',#5362,#1287);
#877=LINE('',#5364,#1288);
#878=LINE('',#5366,#1289);
#879=LINE('',#5367,#1290);
#880=LINE('',#5369,#1291);
#881=LINE('',#5370,#1292);
#882=LINE('',#5373,#1293);
#883=LINE('',#5374,#1294);
#884=LINE('',#5378,#1295);
#885=LINE('',#5379,#1296);
#886=LINE('',#5380,#1297);
#887=LINE('',#5383,#1298);
#888=LINE('',#5384,#1299);
#889=LINE('',#5387,#1300);
#890=LINE('',#5388,#1301);
#891=LINE('',#5391,#1302);
#892=LINE('',#5392,#1303);
#893=LINE('',#5394,#1304);
#894=LINE('',#5397,#1305);
#895=LINE('',#5398,#1306);
#896=LINE('',#5401,#1307);
#897=LINE('',#5402,#1308);
#898=LINE('',#5404,#1309);
#899=LINE('',#5407,#1310);
#900=LINE('',#5408,#1311);
#901=LINE('',#5410,#1312);
#902=LINE('',#5412,#1313);
#903=LINE('',#5415,#1314);
#904=LINE('',#5416,#1315);
#905=LINE('',#5418,#1316);
#906=VECTOR('',#3600,10.);
#907=VECTOR('',#3601,10.);
#908=VECTOR('',#3602,10.);
#909=VECTOR('',#3603,10.);
#910=VECTOR('',#3604,10.);
#911=VECTOR('',#3605,10.);
#912=VECTOR('',#3608,10.);
#913=VECTOR('',#3611,10.);
#914=VECTOR('',#3614,10.);
#915=VECTOR('',#3617,10.);
#916=VECTOR('',#3618,10.);
#917=VECTOR('',#3619,10.);
#918=VECTOR('',#3620,10.);
#919=VECTOR('',#3621,10.);
#920=VECTOR('',#3622,10.);
#921=VECTOR('',#3623,10.);
#922=VECTOR('',#3626,10.);
#923=VECTOR('',#3627,10.);
#924=VECTOR('',#3628,10.);
#925=VECTOR('',#3629,10.);
#926=VECTOR('',#3630,10.);
#927=VECTOR('',#3631,10.);
#928=VECTOR('',#3632,10.);
#929=VECTOR('',#3633,10.);
#930=VECTOR('',#3634,10.);
#931=VECTOR('',#3635,10.);
#932=VECTOR('',#3636,10.);
#933=VECTOR('',#3637,10.);
#934=VECTOR('',#3638,10.);
#935=VECTOR('',#3639,10.);
#936=VECTOR('',#3640,10.);
#937=VECTOR('',#3643,10.);
#938=VECTOR('',#3644,10.);
#939=VECTOR('',#3645,10.);
#940=VECTOR('',#3648,10.);
#941=VECTOR('',#3649,10.);
#942=VECTOR('',#3650,10.);
#943=VECTOR('',#3653,10.);
#944=VECTOR('',#3658,10.);
#945=VECTOR('',#3659,10.);
#946=VECTOR('',#3660,10.);
#947=VECTOR('',#3661,10.);
#948=VECTOR('',#3662,10.);
#949=VECTOR('',#3663,10.);
#950=VECTOR('',#3664,10.);
#951=VECTOR('',#3665,10.);
#952=VECTOR('',#3666,10.);
#953=VECTOR('',#3667,10.);
#954=VECTOR('',#3668,10.);
#955=VECTOR('',#3671,10.);
#956=VECTOR('',#3672,10.);
#957=VECTOR('',#3673,10.);
#958=VECTOR('',#3676,10.);
#959=VECTOR('',#3679,10.);
#960=VECTOR('',#3684,10.);
#961=VECTOR('',#3685,10.);
#962=VECTOR('',#3688,10.);
#963=VECTOR('',#3695,10.);
#964=VECTOR('',#3696,10.);
#965=VECTOR('',#3697,10.);
#966=VECTOR('',#3700,10.);
#967=VECTOR('',#3701,10.);
#968=VECTOR('',#3704,10.);
#969=VECTOR('',#3705,10.);
#970=VECTOR('',#3710,10.);
#971=VECTOR('',#3711,10.);
#972=VECTOR('',#3714,10.);
#973=VECTOR('',#3715,10.);
#974=VECTOR('',#3718,10.);
#975=VECTOR('',#3719,10.);
#976=VECTOR('',#3722,10.);
#977=VECTOR('',#3723,10.);
#978=VECTOR('',#3724,10.);
#979=VECTOR('',#3725,10.);
#980=VECTOR('',#3728,10.);
#981=VECTOR('',#3731,10.);
#982=VECTOR('',#3734,10.);
#983=VECTOR('',#3755,1.00000000000001);
#984=VECTOR('',#3758,0.999999999999996);
#985=VECTOR('',#3761,0.999999999999996);
#986=VECTOR('',#3764,1.);
#987=VECTOR('',#3767,10.);
#988=VECTOR('',#3768,10.);
#989=VECTOR('',#3769,10.);
#990=VECTOR('',#3770,10.);
#991=VECTOR('',#3773,10.);
#992=VECTOR('',#3774,10.);
#993=VECTOR('',#3775,10.);
#994=VECTOR('',#3778,10.);
#995=VECTOR('',#3779,10.);
#996=VECTOR('',#3780,10.);
#997=VECTOR('',#3783,10.);
#998=VECTOR('',#3784,10.);
#999=VECTOR('',#3787,10.);
#1000=VECTOR('',#3788,10.);
#1001=VECTOR('',#3789,10.);
#1002=VECTOR('',#3790,10.);
#1003=VECTOR('',#3791,10.);
#1004=VECTOR('',#3792,10.);
#1005=VECTOR('',#3793,10.);
#1006=VECTOR('',#3794,10.);
#1007=VECTOR('',#3795,10.);
#1008=VECTOR('',#3796,10.);
#1009=VECTOR('',#3797,10.);
#1010=VECTOR('',#3798,10.);
#1011=VECTOR('',#3799,10.);
#1012=VECTOR('',#3800,10.);
#1013=VECTOR('',#3801,10.);
#1014=VECTOR('',#3802,10.);
#1015=VECTOR('',#3803,10.);
#1016=VECTOR('',#3806,10.);
#1017=VECTOR('',#3807,10.);
#1018=VECTOR('',#3808,10.);
#1019=VECTOR('',#3811,10.);
#1020=VECTOR('',#3812,10.);
#1021=VECTOR('',#3815,10.);
#1022=VECTOR('',#3816,10.);
#1023=VECTOR('',#3819,10.);
#1024=VECTOR('',#3824,10.);
#1025=VECTOR('',#3827,10.);
#1026=VECTOR('',#3830,10.);
#1027=VECTOR('',#3833,10.);
#1028=VECTOR('',#3836,10.);
#1029=VECTOR('',#3839,10.);
#1030=VECTOR('',#3842,10.);
#1031=VECTOR('',#3843,10.);
#1032=VECTOR('',#3846,10.);
#1033=VECTOR('',#3851,10.);
#1034=VECTOR('',#3852,10.);
#1035=VECTOR('',#3857,10.);
#1036=VECTOR('',#3860,10.);
#1037=VECTOR('',#3863,10.);
#1038=VECTOR('',#3866,10.);
#1039=VECTOR('',#3869,10.);
#1040=VECTOR('',#3872,10.);
#1041=VECTOR('',#3875,10.);
#1042=VECTOR('',#3878,10.);
#1043=VECTOR('',#3881,10.);
#1044=VECTOR('',#3884,10.);
#1045=VECTOR('',#3887,10.);
#1046=VECTOR('',#3890,10.);
#1047=VECTOR('',#3893,10.);
#1048=VECTOR('',#3894,10.);
#1049=VECTOR('',#3897,10.);
#1050=VECTOR('',#3902,10.);
#1051=VECTOR('',#3903,10.);
#1052=VECTOR('',#3906,10.);
#1053=VECTOR('',#3911,10.);
#1054=VECTOR('',#3912,10.);
#1055=VECTOR('',#3915,10.);
#1056=VECTOR('',#3918,10.);
#1057=VECTOR('',#3921,10.);
#1058=VECTOR('',#3922,10.);
#1059=VECTOR('',#3925,10.);
#1060=VECTOR('',#3930,10.);
#1061=VECTOR('',#3931,10.);
#1062=VECTOR('',#3938,10.);
#1063=VECTOR('',#3941,10.);
#1064=VECTOR('',#3946,10.);
#1065=VECTOR('',#3949,10.);
#1066=VECTOR('',#3952,10.);
#1067=VECTOR('',#3957,10.);
#1068=VECTOR('',#3958,10.);
#1069=VECTOR('',#3961,10.);
#1070=VECTOR('',#3970,10.);
#1071=VECTOR('',#3971,10.);
#1072=VECTOR('',#3974,10.);
#1073=VECTOR('',#3977,10.);
#1074=VECTOR('',#3980,10.);
#1075=VECTOR('',#3985,10.);
#1076=VECTOR('',#3990,10.);
#1077=VECTOR('',#3993,10.);
#1078=VECTOR('',#3996,10.);
#1079=VECTOR('',#3997,10.);
#1080=VECTOR('',#4000,10.);
#1081=VECTOR('',#4001,10.);
#1082=VECTOR('',#4004,10.);
#1083=VECTOR('',#4013,10.);
#1084=VECTOR('',#4014,10.);
#1085=VECTOR('',#4017,10.);
#1086=VECTOR('',#4024,10.);
#1087=VECTOR('',#4027,10.);
#1088=VECTOR('',#4028,10.);
#1089=VECTOR('',#4029,10.);
#1090=VECTOR('',#4030,10.);
#1091=VECTOR('',#4031,10.);
#1092=VECTOR('',#4032,10.);
#1093=VECTOR('',#4033,10.);
#1094=VECTOR('',#4034,10.);
#1095=VECTOR('',#4035,10.);
#1096=VECTOR('',#4036,10.);
#1097=VECTOR('',#4037,10.);
#1098=VECTOR('',#4040,10.);
#1099=VECTOR('',#4045,10.);
#1100=VECTOR('',#4048,10.);
#1101=VECTOR('',#4051,10.);
#1102=VECTOR('',#4058,10.);
#1103=VECTOR('',#4059,10.);
#1104=VECTOR('',#4060,10.);
#1105=VECTOR('',#4063,10.);
#1106=VECTOR('',#4064,10.);
#1107=VECTOR('',#4065,10.);
#1108=VECTOR('',#4066,10.);
#1109=VECTOR('',#4069,10.);
#1110=VECTOR('',#4070,10.);
#1111=VECTOR('',#4071,10.);
#1112=VECTOR('',#4074,10.);
#1113=VECTOR('',#4075,10.);
#1114=VECTOR('',#4076,10.);
#1115=VECTOR('',#4077,10.);
#1116=VECTOR('',#4080,10.);
#1117=VECTOR('',#4081,10.);
#1118=VECTOR('',#4082,10.);
#1119=VECTOR('',#4083,10.);
#1120=VECTOR('',#4086,10.);
#1121=VECTOR('',#4087,10.);
#1122=VECTOR('',#4088,10.);
#1123=VECTOR('',#4089,10.);
#1124=VECTOR('',#4092,10.);
#1125=VECTOR('',#4093,10.);
#1126=VECTOR('',#4094,10.);
#1127=VECTOR('',#4095,10.);
#1128=VECTOR('',#4098,10.);
#1129=VECTOR('',#4099,10.);
#1130=VECTOR('',#4100,10.);
#1131=VECTOR('',#4101,10.);
#1132=VECTOR('',#4104,10.);
#1133=VECTOR('',#4105,10.);
#1134=VECTOR('',#4106,10.);
#1135=VECTOR('',#4109,10.);
#1136=VECTOR('',#4110,10.);
#1137=VECTOR('',#4113,10.);
#1138=VECTOR('',#4114,10.);
#1139=VECTOR('',#4115,10.);
#1140=VECTOR('',#4118,10.);
#1141=VECTOR('',#4119,10.);
#1142=VECTOR('',#4122,10.);
#1143=VECTOR('',#4123,10.);
#1144=VECTOR('',#4124,10.);
#1145=VECTOR('',#4125,10.);
#1146=VECTOR('',#4128,10.);
#1147=VECTOR('',#4129,10.);
#1148=VECTOR('',#4132,10.);
#1149=VECTOR('',#4133,10.);
#1150=VECTOR('',#4134,10.);
#1151=VECTOR('',#4135,10.);
#1152=VECTOR('',#4138,10.);
#1153=VECTOR('',#4139,10.);
#1154=VECTOR('',#4142,10.);
#1155=VECTOR('',#4143,10.);
#1156=VECTOR('',#4148,10.);
#1157=VECTOR('',#4149,10.);
#1158=VECTOR('',#4154,10.);
#1159=VECTOR('',#4155,10.);
#1160=VECTOR('',#4160,10.);
#1161=VECTOR('',#4161,10.);
#1162=VECTOR('',#4166,10.);
#1163=VECTOR('',#4171,10.);
#1164=VECTOR('',#4176,10.);
#1165=VECTOR('',#4181,10.);
#1166=VECTOR('',#4188,10.);
#1167=VECTOR('',#4193,10.);
#1168=VECTOR('',#4194,10.);
#1169=VECTOR('',#4195,10.);
#1170=VECTOR('',#4196,10.);
#1171=VECTOR('',#4199,10.);
#1172=VECTOR('',#4200,10.);
#1173=VECTOR('',#4201,10.);
#1174=VECTOR('',#4204,10.);
#1175=VECTOR('',#4205,10.);
#1176=VECTOR('',#4206,10.);
#1177=VECTOR('',#4207,10.);
#1178=VECTOR('',#4210,10.);
#1179=VECTOR('',#4211,10.);
#1180=VECTOR('',#4212,10.);
#1181=VECTOR('',#4215,10.);
#1182=VECTOR('',#4216,10.);
#1183=VECTOR('',#4217,10.);
#1184=VECTOR('',#4218,10.);
#1185=VECTOR('',#4221,10.);
#1186=VECTOR('',#4222,10.);
#1187=VECTOR('',#4223,10.);
#1188=VECTOR('',#4226,10.);
#1189=VECTOR('',#4227,10.);
#1190=VECTOR('',#4228,10.);
#1191=VECTOR('',#4229,10.);
#1192=VECTOR('',#4232,10.);
#1193=VECTOR('',#4233,10.);
#1194=VECTOR('',#4234,10.);
#1195=VECTOR('',#4237,10.);
#1196=VECTOR('',#4238,10.);
#1197=VECTOR('',#4239,10.);
#1198=VECTOR('',#4242,10.);
#1199=VECTOR('',#4243,10.);
#1200=VECTOR('',#4244,10.);
#1201=VECTOR('',#4247,10.);
#1202=VECTOR('',#4248,10.);
#1203=VECTOR('',#4249,10.);
#1204=VECTOR('',#4250,10.);
#1205=VECTOR('',#4251,10.);
#1206=VECTOR('',#4252,10.);
#1207=VECTOR('',#4253,10.);
#1208=VECTOR('',#4254,10.);
#1209=VECTOR('',#4255,10.);
#1210=VECTOR('',#4256,10.);
#1211=VECTOR('',#4259,10.);
#1212=VECTOR('',#4260,10.);
#1213=VECTOR('',#4261,10.);
#1214=VECTOR('',#4262,10.);
#1215=VECTOR('',#4263,10.);
#1216=VECTOR('',#4264,10.);
#1217=VECTOR('',#4265,10.);
#1218=VECTOR('',#4266,10.);
#1219=VECTOR('',#4267,10.);
#1220=VECTOR('',#4268,10.);
#1221=VECTOR('',#4271,10.);
#1222=VECTOR('',#4274,10.);
#1223=VECTOR('',#4275,10.);
#1224=VECTOR('',#4276,10.);
#1225=VECTOR('',#4279,10.);
#1226=VECTOR('',#4280,10.);
#1227=VECTOR('',#4281,10.);
#1228=VECTOR('',#4284,10.);
#1229=VECTOR('',#4285,10.);
#1230=VECTOR('',#4288,10.);
#1231=VECTOR('',#4289,10.);
#1232=VECTOR('',#4292,10.);
#1233=VECTOR('',#4295,10.);
#1234=VECTOR('',#4296,10.);
#1235=VECTOR('',#4297,10.);
#1236=VECTOR('',#4300,10.);
#1237=VECTOR('',#4301,10.);
#1238=VECTOR('',#4302,10.);
#1239=VECTOR('',#4305,10.);
#1240=VECTOR('',#4306,10.);
#1241=VECTOR('',#4309,10.);
#1242=VECTOR('',#4310,10.);
#1243=VECTOR('',#4315,10.);
#1244=VECTOR('',#4318,10.);
#1245=VECTOR('',#4323,10.);
#1246=VECTOR('',#4326,10.);
#1247=VECTOR('',#4329,10.);
#1248=VECTOR('',#4334,10.);
#1249=VECTOR('',#4335,10.);
#1250=VECTOR('',#4336,10.);
#1251=VECTOR('',#4341,10.);
#1252=VECTOR('',#4344,10.);
#1253=VECTOR('',#4345,10.);
#1254=VECTOR('',#4350,10.);
#1255=VECTOR('',#4353,10.);
#1256=VECTOR('',#4354,10.);
#1257=VECTOR('',#4367,10.);
#1258=VECTOR('',#4368,10.);
#1259=VECTOR('',#4369,10.);
#1260=VECTOR('',#4370,10.);
#1261=VECTOR('',#4373,10.);
#1262=VECTOR('',#4374,10.);
#1263=VECTOR('',#4375,10.);
#1264=VECTOR('',#4376,10.);
#1265=VECTOR('',#4377,10.);
#1266=VECTOR('',#4378,10.);
#1267=VECTOR('',#4379,10.);
#1268=VECTOR('',#4380,10.);
#1269=VECTOR('',#4381,10.);
#1270=VECTOR('',#4382,10.);
#1271=VECTOR('',#4383,10.);
#1272=VECTOR('',#4386,10.);
#1273=VECTOR('',#4387,10.);
#1274=VECTOR('',#4390,10.);
#1275=VECTOR('',#4391,10.);
#1276=VECTOR('',#4392,10.);
#1277=VECTOR('',#4393,10.);
#1278=VECTOR('',#4396,10.);
#1279=VECTOR('',#4397,10.);
#1280=VECTOR('',#4398,10.);
#1281=VECTOR('',#4401,10.);
#1282=VECTOR('',#4402,10.);
#1283=VECTOR('',#4403,10.);
#1284=VECTOR('',#4404,10.);
#1285=VECTOR('',#4405,10.);
#1286=VECTOR('',#4406,10.);
#1287=VECTOR('',#4407,10.);
#1288=VECTOR('',#4408,10.);
#1289=VECTOR('',#4409,10.);
#1290=VECTOR('',#4410,10.);
#1291=VECTOR('',#4411,10.);
#1292=VECTOR('',#4412,10.);
#1293=VECTOR('',#4415,10.);
#1294=VECTOR('',#4416,10.);
#1295=VECTOR('',#4419,10.);
#1296=VECTOR('',#4420,10.);
#1297=VECTOR('',#4421,10.);
#1298=VECTOR('',#4424,10.);
#1299=VECTOR('',#4425,10.);
#1300=VECTOR('',#4428,10.);
#1301=VECTOR('',#4429,10.);
#1302=VECTOR('',#4432,10.);
#1303=VECTOR('',#4433,10.);
#1304=VECTOR('',#4436,10.);
#1305=VECTOR('',#4439,10.);
#1306=VECTOR('',#4440,10.);
#1307=VECTOR('',#4443,10.);
#1308=VECTOR('',#4444,10.);
#1309=VECTOR('',#4447,10.);
#1310=VECTOR('',#4450,10.);
#1311=VECTOR('',#4451,10.);
#1312=VECTOR('',#4454,10.);
#1313=VECTOR('',#4457,10.);
#1314=VECTOR('',#4460,10.);
#1315=VECTOR('',#4461,10.);
#1316=VECTOR('',#4464,10.);
#1317=VERTEX_POINT('',#4471);
#1318=VERTEX_POINT('',#4472);
#1319=VERTEX_POINT('',#4474);
#1320=VERTEX_POINT('',#4476);
#1321=VERTEX_POINT('',#4478);
#1322=VERTEX_POINT('',#4480);
#1323=VERTEX_POINT('',#4482);
#1324=VERTEX_POINT('',#4484);
#1325=VERTEX_POINT('',#4486);
#1326=VERTEX_POINT('',#4488);
#1327=VERTEX_POINT('',#4490);
#1328=VERTEX_POINT('',#4492);
#1329=VERTEX_POINT('',#4494);
#1330=VERTEX_POINT('',#4496);
#1331=VERTEX_POINT('',#4498);
#1332=VERTEX_POINT('',#4500);
#1333=VERTEX_POINT('',#4502);
#1334=VERTEX_POINT('',#4504);
#1335=VERTEX_POINT('',#4506);
#1336=VERTEX_POINT('',#4508);
#1337=VERTEX_POINT('',#4512);
#1338=VERTEX_POINT('',#4514);
#1339=VERTEX_POINT('',#4516);
#1340=VERTEX_POINT('',#4518);
#1341=VERTEX_POINT('',#4520);
#1342=VERTEX_POINT('',#4522);
#1343=VERTEX_POINT('',#4525);
#1344=VERTEX_POINT('',#4526);
#1345=VERTEX_POINT('',#4528);
#1346=VERTEX_POINT('',#4530);
#1347=VERTEX_POINT('',#4533);
#1348=VERTEX_POINT('',#4534);
#1349=VERTEX_POINT('',#4536);
#1350=VERTEX_POINT('',#4538);
#1351=VERTEX_POINT('',#4542);
#1352=VERTEX_POINT('',#4544);
#1353=VERTEX_POINT('',#4548);
#1354=VERTEX_POINT('',#4550);
#1355=VERTEX_POINT('',#4555);
#1356=VERTEX_POINT('',#4558);
#1357=VERTEX_POINT('',#4560);
#1358=VERTEX_POINT('',#4562);
#1359=VERTEX_POINT('',#4564);
#1360=VERTEX_POINT('',#4566);
#1361=VERTEX_POINT('',#4569);
#1362=VERTEX_POINT('',#4572);
#1363=VERTEX_POINT('',#4574);
#1364=VERTEX_POINT('',#4578);
#1365=VERTEX_POINT('',#4580);
#1366=VERTEX_POINT('',#4587);
#1367=VERTEX_POINT('',#4590);
#1368=VERTEX_POINT('',#4596);
#1369=VERTEX_POINT('',#4599);
#1370=VERTEX_POINT('',#4601);
#1371=VERTEX_POINT('',#4605);
#1372=VERTEX_POINT('',#4609);
#1373=VERTEX_POINT('',#4612);
#1374=VERTEX_POINT('',#4615);
#1375=VERTEX_POINT('',#4619);
#1376=VERTEX_POINT('',#4623);
#1377=VERTEX_POINT('',#4627);
#1378=VERTEX_POINT('',#4628);
#1379=VERTEX_POINT('',#4630);
#1380=VERTEX_POINT('',#4632);
#1381=VERTEX_POINT('',#4635);
#1382=VERTEX_POINT('',#4637);
#1383=VERTEX_POINT('',#4639);
#1384=VERTEX_POINT('',#4641);
#1385=VERTEX_POINT('',#4643);
#1386=VERTEX_POINT('',#4645);
#1387=VERTEX_POINT('',#4649);
#1388=VERTEX_POINT('',#4652);
#1389=VERTEX_POINT('',#4655);
#1390=VERTEX_POINT('',#4658);
#1391=VERTEX_POINT('',#4669);
#1392=VERTEX_POINT('',#4670);
#1393=VERTEX_POINT('',#4672);
#1394=VERTEX_POINT('',#4674);
#1395=VERTEX_POINT('',#4678);
#1396=VERTEX_POINT('',#4680);
#1397=VERTEX_POINT('',#4684);
#1398=VERTEX_POINT('',#4686);
#1399=VERTEX_POINT('',#4693);
#1400=VERTEX_POINT('',#4695);
#1401=VERTEX_POINT('',#4697);
#1402=VERTEX_POINT('',#4699);
#1403=VERTEX_POINT('',#4702);
#1404=VERTEX_POINT('',#4703);
#1405=VERTEX_POINT('',#4705);
#1406=VERTEX_POINT('',#4707);
#1407=VERTEX_POINT('',#4710);
#1408=VERTEX_POINT('',#4711);
#1409=VERTEX_POINT('',#4713);
#1410=VERTEX_POINT('',#4715);
#1411=VERTEX_POINT('',#4718);
#1412=VERTEX_POINT('',#4719);
#1413=VERTEX_POINT('',#4721);
#1414=VERTEX_POINT('',#4723);
#1415=VERTEX_POINT('',#4727);
#1416=VERTEX_POINT('',#4729);
#1417=VERTEX_POINT('',#4733);
#1418=VERTEX_POINT('',#4737);
#1419=VERTEX_POINT('',#4743);
#1420=VERTEX_POINT('',#4744);
#1421=VERTEX_POINT('',#4746);
#1422=VERTEX_POINT('',#4748);
#1423=VERTEX_POINT('',#4750);
#1424=VERTEX_POINT('',#4752);
#1425=VERTEX_POINT('',#4754);
#1426=VERTEX_POINT('',#4756);
#1427=VERTEX_POINT('',#4760);
#1428=VERTEX_POINT('',#4762);
#1429=VERTEX_POINT('',#4766);
#1430=VERTEX_POINT('',#4770);
#1431=VERTEX_POINT('',#4774);
#1432=VERTEX_POINT('',#4778);
#1433=VERTEX_POINT('',#4779);
#1434=VERTEX_POINT('',#4781);
#1435=VERTEX_POINT('',#4783);
#1436=VERTEX_POINT('',#4785);
#1437=VERTEX_POINT('',#4787);
#1438=VERTEX_POINT('',#4789);
#1439=VERTEX_POINT('',#4791);
#1440=VERTEX_POINT('',#4794);
#1441=VERTEX_POINT('',#4795);
#1442=VERTEX_POINT('',#4797);
#1443=VERTEX_POINT('',#4799);
#1444=VERTEX_POINT('',#4801);
#1445=VERTEX_POINT('',#4803);
#1446=VERTEX_POINT('',#4805);
#1447=VERTEX_POINT('',#4807);
#1448=VERTEX_POINT('',#4809);
#1449=VERTEX_POINT('',#4811);
#1450=VERTEX_POINT('',#4813);
#1451=VERTEX_POINT('',#4815);
#1452=VERTEX_POINT('',#4819);
#1453=VERTEX_POINT('',#4821);
#1454=VERTEX_POINT('',#4825);
#1455=VERTEX_POINT('',#4829);
#1456=VERTEX_POINT('',#4833);
#1457=VERTEX_POINT('',#4837);
#1458=VERTEX_POINT('',#4841);
#1459=VERTEX_POINT('',#4845);
#1460=VERTEX_POINT('',#4847);
#1461=VERTEX_POINT('',#4851);
#1462=VERTEX_POINT('',#4855);
#1463=VERTEX_POINT('',#4859);
#1464=VERTEX_POINT('',#4863);
#1465=VERTEX_POINT('',#4865);
#1466=VERTEX_POINT('',#4869);
#1467=VERTEX_POINT('',#4872);
#1468=VERTEX_POINT('',#4874);
#1469=VERTEX_POINT('',#4879);
#1470=VERTEX_POINT('',#4883);
#1471=VERTEX_POINT('',#4887);
#1472=VERTEX_POINT('',#4906);
#1473=VERTEX_POINT('',#4908);
#1474=VERTEX_POINT('',#4912);
#1475=VERTEX_POINT('',#4916);
#1476=VERTEX_POINT('',#4920);
#1477=VERTEX_POINT('',#4926);
#1478=VERTEX_POINT('',#4930);
#1479=VERTEX_POINT('',#4934);
#1480=VERTEX_POINT('',#4938);
#1481=VERTEX_POINT('',#4939);
#1482=VERTEX_POINT('',#4941);
#1483=VERTEX_POINT('',#4943);
#1484=VERTEX_POINT('',#4946);
#1485=VERTEX_POINT('',#4947);
#1486=VERTEX_POINT('',#4949);
#1487=VERTEX_POINT('',#4951);
#1488=VERTEX_POINT('',#4956);
#1489=VERTEX_POINT('',#4957);
#1490=VERTEX_POINT('',#4959);
#1491=VERTEX_POINT('',#4972);
#1492=VERTEX_POINT('',#4974);
#1493=VERTEX_POINT('',#4978);
#1494=VERTEX_POINT('',#4981);
#1495=VERTEX_POINT('',#4985);
#1496=VERTEX_POINT('',#4987);
#1497=VERTEX_POINT('',#4991);
#1498=VERTEX_POINT('',#4994);
#1499=VERTEX_POINT('',#4998);
#1500=VERTEX_POINT('',#4999);
#1501=VERTEX_POINT('',#5001);
#1502=VERTEX_POINT('',#5003);
#1503=VERTEX_POINT('',#5007);
#1504=VERTEX_POINT('',#5010);
#1505=VERTEX_POINT('',#5014);
#1506=VERTEX_POINT('',#5015);
#1507=VERTEX_POINT('',#5017);
#1508=VERTEX_POINT('',#5019);
#1509=VERTEX_POINT('',#5023);
#1510=VERTEX_POINT('',#5026);
#1511=VERTEX_POINT('',#5030);
#1512=VERTEX_POINT('',#5032);
#1513=VERTEX_POINT('',#5039);
#1514=VERTEX_POINT('',#5041);
#1515=VERTEX_POINT('',#5048);
#1516=VERTEX_POINT('',#5049);
#1517=VERTEX_POINT('',#5051);
#1518=VERTEX_POINT('',#5053);
#1519=VERTEX_POINT('',#5060);
#1520=VERTEX_POINT('',#5061);
#1521=VERTEX_POINT('',#5063);
#1522=VERTEX_POINT('',#5065);
#1523=VERTEX_POINT('',#5104);
#1524=VERTEX_POINT('',#5105);
#1525=VERTEX_POINT('',#5107);
#1526=VERTEX_POINT('',#5109);
#1527=VERTEX_POINT('',#5113);
#1528=VERTEX_POINT('',#5115);
#1529=VERTEX_POINT('',#5119);
#1530=VERTEX_POINT('',#5120);
#1531=VERTEX_POINT('',#5122);
#1532=VERTEX_POINT('',#5124);
#1533=VERTEX_POINT('',#5128);
#1534=VERTEX_POINT('',#5130);
#1535=VERTEX_POINT('',#5134);
#1536=VERTEX_POINT('',#5135);
#1537=VERTEX_POINT('',#5137);
#1538=VERTEX_POINT('',#5139);
#1539=VERTEX_POINT('',#5143);
#1540=VERTEX_POINT('',#5145);
#1541=VERTEX_POINT('',#5149);
#1542=VERTEX_POINT('',#5150);
#1543=VERTEX_POINT('',#5152);
#1544=VERTEX_POINT('',#5154);
#1545=VERTEX_POINT('',#5158);
#1546=VERTEX_POINT('',#5160);
#1547=VERTEX_POINT('',#5164);
#1548=VERTEX_POINT('',#5166);
#1549=VERTEX_POINT('',#5170);
#1550=VERTEX_POINT('',#5172);
#1551=VERTEX_POINT('',#5177);
#1552=VERTEX_POINT('',#5179);
#1553=VERTEX_POINT('',#5181);
#1554=VERTEX_POINT('',#5183);
#1555=VERTEX_POINT('',#5185);
#1556=VERTEX_POINT('',#5189);
#1557=VERTEX_POINT('',#5194);
#1558=VERTEX_POINT('',#5198);
#1559=VERTEX_POINT('',#5200);
#1560=VERTEX_POINT('',#5202);
#1561=VERTEX_POINT('',#5204);
#1562=VERTEX_POINT('',#5206);
#1563=VERTEX_POINT('',#5212);
#1564=VERTEX_POINT('',#5214);
#1565=VERTEX_POINT('',#5218);
#1566=VERTEX_POINT('',#5220);
#1567=VERTEX_POINT('',#5224);
#1568=VERTEX_POINT('',#5228);
#1569=VERTEX_POINT('',#5234);
#1570=VERTEX_POINT('',#5236);
#1571=VERTEX_POINT('',#5240);
#1572=VERTEX_POINT('',#5242);
#1573=VERTEX_POINT('',#5246);
#1574=VERTEX_POINT('',#5250);
#1575=VERTEX_POINT('',#5259);
#1576=VERTEX_POINT('',#5261);
#1577=VERTEX_POINT('',#5263);
#1578=VERTEX_POINT('',#5265);
#1579=VERTEX_POINT('',#5267);
#1580=VERTEX_POINT('',#5269);
#1581=VERTEX_POINT('',#5273);
#1582=VERTEX_POINT('',#5274);
#1583=VERTEX_POINT('',#5279);
#1584=VERTEX_POINT('',#5283);
#1585=VERTEX_POINT('',#5287);
#1586=VERTEX_POINT('',#5291);
#1587=VERTEX_POINT('',#5300);
#1588=VERTEX_POINT('',#5301);
#1589=VERTEX_POINT('',#5303);
#1590=VERTEX_POINT('',#5305);
#1591=VERTEX_POINT('',#5309);
#1592=VERTEX_POINT('',#5311);
#1593=VERTEX_POINT('',#5313);
#1594=VERTEX_POINT('',#5315);
#1595=VERTEX_POINT('',#5317);
#1596=VERTEX_POINT('',#5319);
#1597=VERTEX_POINT('',#5321);
#1598=VERTEX_POINT('',#5323);
#1599=VERTEX_POINT('',#5325);
#1600=VERTEX_POINT('',#5327);
#1601=VERTEX_POINT('',#5331);
#1602=VERTEX_POINT('',#5335);
#1603=VERTEX_POINT('',#5336);
#1604=VERTEX_POINT('',#5338);
#1605=VERTEX_POINT('',#5340);
#1606=VERTEX_POINT('',#5344);
#1607=VERTEX_POINT('',#5346);
#1608=VERTEX_POINT('',#5350);
#1609=VERTEX_POINT('',#5352);
#1610=VERTEX_POINT('',#5354);
#1611=VERTEX_POINT('',#5356);
#1612=VERTEX_POINT('',#5358);
#1613=VERTEX_POINT('',#5360);
#1614=VERTEX_POINT('',#5363);
#1615=VERTEX_POINT('',#5365);
#1616=VERTEX_POINT('',#5368);
#1617=VERTEX_POINT('',#5372);
#1618=VERTEX_POINT('',#5376);
#1619=VERTEX_POINT('',#5377);
#1620=VERTEX_POINT('',#5382);
#1621=VERTEX_POINT('',#5386);
#1622=VERTEX_POINT('',#5390);
#1623=VERTEX_POINT('',#5396);
#1624=VERTEX_POINT('',#5400);
#1625=VERTEX_POINT('',#5406);
#1626=VERTEX_POINT('',#5414);
#1627=EDGE_CURVE('',#1317,#1318,#495,.T.);
#1628=EDGE_CURVE('',#1319,#1317,#496,.T.);
#1629=EDGE_CURVE('',#1319,#1320,#497,.T.);
#1630=EDGE_CURVE('',#1320,#1321,#498,.T.);
#1631=EDGE_CURVE('',#1321,#1322,#499,.T.);
#1632=EDGE_CURVE('',#1323,#1322,#500,.T.);
#1633=EDGE_CURVE('',#1324,#1323,#435,.T.);
#1634=EDGE_CURVE('',#1324,#1325,#501,.T.);
#1635=EDGE_CURVE('',#1326,#1325,#436,.T.);
#1636=EDGE_CURVE('',#1326,#1327,#502,.T.);
#1637=EDGE_CURVE('',#1328,#1327,#437,.T.);
#1638=EDGE_CURVE('',#1328,#1329,#503,.T.);
#1639=EDGE_CURVE('',#1330,#1329,#438,.T.);
#1640=EDGE_CURVE('',#1330,#1331,#504,.T.);
#1641=EDGE_CURVE('',#1331,#1332,#505,.T.);
#1642=EDGE_CURVE('',#1332,#1333,#506,.T.);
#1643=EDGE_CURVE('',#1333,#1334,#507,.T.);
#1644=EDGE_CURVE('',#1335,#1334,#508,.T.);
#1645=EDGE_CURVE('',#1336,#1335,#509,.T.);
#1646=EDGE_CURVE('',#1318,#1336,#510,.T.);
#1647=EDGE_CURVE('',#1318,#1337,#511,.T.);
#1648=EDGE_CURVE('',#1334,#1338,#512,.T.);
#1649=EDGE_CURVE('',#1338,#1339,#513,.T.);
#1650=EDGE_CURVE('',#1339,#1340,#514,.T.);
#1651=EDGE_CURVE('',#1340,#1341,#515,.T.);
#1652=EDGE_CURVE('',#1341,#1342,#516,.T.);
#1653=EDGE_CURVE('',#1337,#1342,#517,.T.);
#1654=EDGE_CURVE('',#1343,#1344,#518,.T.);
#1655=EDGE_CURVE('',#1344,#1345,#519,.T.);
#1656=EDGE_CURVE('',#1345,#1346,#520,.T.);
#1657=EDGE_CURVE('',#1346,#1343,#521,.T.);
#1658=EDGE_CURVE('',#1347,#1348,#522,.T.);
#1659=EDGE_CURVE('',#1348,#1349,#523,.T.);
#1660=EDGE_CURVE('',#1349,#1350,#524,.T.);
#1661=EDGE_CURVE('',#1350,#1347,#525,.T.);
#1662=EDGE_CURVE('',#1321,#1351,#526,.T.);
#1663=EDGE_CURVE('',#1352,#1320,#527,.T.);
#1664=EDGE_CURVE('',#1351,#1352,#528,.T.);
#1665=EDGE_CURVE('',#1351,#1353,#529,.T.);
#1666=EDGE_CURVE('',#1354,#1352,#530,.T.);
#1667=EDGE_CURVE('',#1353,#1354,#531,.T.);
#1668=EDGE_CURVE('',#1354,#1319,#532,.T.);
#1669=EDGE_CURVE('',#1355,#1355,#439,.T.);
#1670=EDGE_CURVE('',#1356,#1353,#533,.T.);
#1671=EDGE_CURVE('',#1356,#1357,#534,.T.);
#1672=EDGE_CURVE('',#1357,#1358,#535,.T.);
#1673=EDGE_CURVE('',#1359,#1358,#536,.T.);
#1674=EDGE_CURVE('',#1359,#1360,#537,.T.);
#1675=EDGE_CURVE('',#1360,#1340,#538,.T.);
#1676=EDGE_CURVE('',#1339,#1361,#539,.T.);
#1677=EDGE_CURVE('',#1361,#1332,#540,.T.);
#1678=EDGE_CURVE('',#1362,#1331,#541,.T.);
#1679=EDGE_CURVE('',#1363,#1362,#542,.T.);
#1680=EDGE_CURVE('',#1322,#1363,#543,.T.);
#1681=EDGE_CURVE('',#1364,#1359,#544,.T.);
#1682=EDGE_CURVE('',#1365,#1364,#545,.T.);
#1683=EDGE_CURVE('',#1360,#1365,#546,.T.);
#1684=EDGE_CURVE('',#1341,#1365,#547,.T.);
#1685=EDGE_CURVE('',#1342,#1364,#548,.T.);
#1686=EDGE_CURVE('',#1366,#1366,#440,.T.);
#1687=EDGE_CURVE('',#1367,#1338,#549,.T.);
#1688=EDGE_CURVE('',#1361,#1367,#550,.T.);
#1689=EDGE_CURVE('',#1333,#1367,#551,.T.);
#1690=EDGE_CURVE('',#1368,#1368,#441,.T.);
#1691=EDGE_CURVE('',#1369,#1356,#552,.T.);
#1692=EDGE_CURVE('',#1370,#1369,#553,.T.);
#1693=EDGE_CURVE('',#1357,#1370,#554,.T.);
#1694=EDGE_CURVE('',#1371,#1370,#555,.T.);
#1695=EDGE_CURVE('',#1358,#1371,#556,.T.);
#1696=EDGE_CURVE('',#1372,#1369,#557,.T.);
#1697=EDGE_CURVE('',#1371,#1372,#558,.T.);
#1698=EDGE_CURVE('',#1373,#1373,#442,.T.);
#1699=EDGE_CURVE('',#1374,#1317,#559,.T.);
#1700=EDGE_CURVE('',#1374,#1372,#560,.T.);
#1701=EDGE_CURVE('',#1375,#1330,#561,.T.);
#1702=EDGE_CURVE('',#1362,#1375,#562,.T.);
#1703=EDGE_CURVE('',#1323,#1376,#563,.T.);
#1704=EDGE_CURVE('',#1376,#1363,#564,.T.);
#1705=EDGE_CURVE('',#1377,#1378,#565,.T.);
#1706=EDGE_CURVE('',#1377,#1379,#566,.F.);
#1707=EDGE_CURVE('',#1380,#1379,#567,.T.);
#1708=EDGE_CURVE('',#1378,#1380,#568,.T.);
#1709=EDGE_CURVE('',#1381,#1375,#443,.T.);
#1710=EDGE_CURVE('',#1381,#1382,#569,.T.);
#1711=EDGE_CURVE('',#1383,#1382,#444,.T.);
#1712=EDGE_CURVE('',#1383,#1384,#570,.T.);
#1713=EDGE_CURVE('',#1385,#1384,#445,.T.);
#1714=EDGE_CURVE('',#1385,#1386,#571,.T.);
#1715=EDGE_CURVE('',#1376,#1386,#446,.T.);
#1716=EDGE_CURVE('',#1387,#1387,#447,.T.);
#1717=EDGE_CURVE('',#1388,#1388,#448,.T.);
#1718=EDGE_CURVE('',#1389,#1389,#449,.T.);
#1719=EDGE_CURVE('',#1390,#1390,#450,.T.);
#1720=EDGE_CURVE('',#1355,#1389,#572,.T.);
#1721=EDGE_CURVE('',#1366,#1387,#573,.T.);
#1722=EDGE_CURVE('',#1368,#1388,#574,.T.);
#1723=EDGE_CURVE('',#1373,#1390,#575,.T.);
#1724=EDGE_CURVE('',#1391,#1392,#576,.T.);
#1725=EDGE_CURVE('',#1392,#1393,#577,.T.);
#1726=EDGE_CURVE('',#1393,#1394,#578,.T.);
#1727=EDGE_CURVE('',#1391,#1394,#579,.T.);
#1728=EDGE_CURVE('',#1392,#1395,#580,.T.);
#1729=EDGE_CURVE('',#1395,#1396,#581,.T.);
#1730=EDGE_CURVE('',#1396,#1393,#582,.T.);
#1731=EDGE_CURVE('',#1394,#1397,#583,.T.);
#1732=EDGE_CURVE('',#1397,#1398,#584,.T.);
#1733=EDGE_CURVE('',#1398,#1391,#585,.T.);
#1734=EDGE_CURVE('',#1395,#1398,#586,.F.);
#1735=EDGE_CURVE('',#1397,#1396,#587,.T.);
#1736=EDGE_CURVE('',#1398,#1399,#588,.F.);
#1737=EDGE_CURVE('',#1400,#1399,#589,.T.);
#1738=EDGE_CURVE('',#1401,#1400,#590,.T.);
#1739=EDGE_CURVE('',#1402,#1401,#591,.T.);
#1740=EDGE_CURVE('',#1402,#1395,#592,.F.);
#1741=EDGE_CURVE('',#1403,#1404,#593,.T.);
#1742=EDGE_CURVE('',#1405,#1403,#594,.T.);
#1743=EDGE_CURVE('',#1406,#1405,#595,.T.);
#1744=EDGE_CURVE('',#1404,#1406,#596,.T.);
#1745=EDGE_CURVE('',#1407,#1408,#597,.T.);
#1746=EDGE_CURVE('',#1409,#1407,#598,.T.);
#1747=EDGE_CURVE('',#1410,#1409,#599,.T.);
#1748=EDGE_CURVE('',#1408,#1410,#600,.T.);
#1749=EDGE_CURVE('',#1411,#1412,#601,.T.);
#1750=EDGE_CURVE('',#1413,#1411,#602,.T.);
#1751=EDGE_CURVE('',#1414,#1413,#603,.T.);
#1752=EDGE_CURVE('',#1412,#1414,#604,.T.);
#1753=EDGE_CURVE('',#1404,#1415,#605,.T.);
#1754=EDGE_CURVE('',#1415,#1416,#606,.T.);
#1755=EDGE_CURVE('',#1416,#1403,#607,.T.);
#1756=EDGE_CURVE('',#1406,#1417,#608,.T.);
#1757=EDGE_CURVE('',#1417,#1415,#609,.T.);
#1758=EDGE_CURVE('',#1418,#1417,#610,.T.);
#1759=EDGE_CURVE('',#1405,#1418,#611,.T.);
#1760=EDGE_CURVE('',#1416,#1418,#612,.T.);
#1761=EDGE_CURVE('',#1419,#1420,#451,.T.);
#1762=EDGE_CURVE('',#1421,#1419,#613,.T.);
#1763=EDGE_CURVE('',#1422,#1421,#452,.T.);
#1764=EDGE_CURVE('',#1423,#1422,#614,.T.);
#1765=EDGE_CURVE('',#1424,#1423,#453,.T.);
#1766=EDGE_CURVE('',#1425,#1424,#615,.T.);
#1767=EDGE_CURVE('',#1426,#1425,#454,.T.);
#1768=EDGE_CURVE('',#1420,#1426,#616,.T.);
#1769=EDGE_CURVE('',#1423,#1427,#617,.T.);
#1770=EDGE_CURVE('',#1427,#1428,#455,.T.);
#1771=EDGE_CURVE('',#1428,#1424,#618,.T.);
#1772=EDGE_CURVE('',#1429,#1422,#619,.T.);
#1773=EDGE_CURVE('',#1427,#1429,#620,.T.);
#1774=EDGE_CURVE('',#1421,#1430,#621,.T.);
#1775=EDGE_CURVE('',#1430,#1429,#456,.T.);
#1776=EDGE_CURVE('',#1431,#1419,#622,.T.);
#1777=EDGE_CURVE('',#1430,#1431,#623,.T.);
#1778=EDGE_CURVE('',#1432,#1433,#457,.T.);
#1779=EDGE_CURVE('',#1434,#1432,#624,.T.);
#1780=EDGE_CURVE('',#1435,#1434,#458,.T.);
#1781=EDGE_CURVE('',#1436,#1435,#625,.T.);
#1782=EDGE_CURVE('',#1437,#1436,#459,.T.);
#1783=EDGE_CURVE('',#1438,#1437,#626,.T.);
#1784=EDGE_CURVE('',#1439,#1438,#460,.T.);
#1785=EDGE_CURVE('',#1433,#1439,#627,.T.);
#1786=EDGE_CURVE('',#1440,#1441,#461,.T.);
#1787=EDGE_CURVE('',#1442,#1440,#628,.T.);
#1788=EDGE_CURVE('',#1443,#1442,#462,.T.);
#1789=EDGE_CURVE('',#1444,#1443,#629,.T.);
#1790=EDGE_CURVE('',#1445,#1444,#463,.T.);
#1791=EDGE_CURVE('',#1446,#1445,#630,.T.);
#1792=EDGE_CURVE('',#1447,#1446,#464,.T.);
#1793=EDGE_CURVE('',#1448,#1447,#631,.T.);
#1794=EDGE_CURVE('',#1449,#1448,#465,.T.);
#1795=EDGE_CURVE('',#1450,#1449,#632,.T.);
#1796=EDGE_CURVE('',#1451,#1450,#466,.T.);
#1797=EDGE_CURVE('',#1441,#1451,#633,.T.);
#1798=EDGE_CURVE('',#1446,#1452,#634,.T.);
#1799=EDGE_CURVE('',#1452,#1453,#467,.T.);
#1800=EDGE_CURVE('',#1453,#1447,#635,.T.);
#1801=EDGE_CURVE('',#1454,#1445,#636,.T.);
#1802=EDGE_CURVE('',#1452,#1454,#637,.T.);
#1803=EDGE_CURVE('',#1444,#1455,#638,.T.);
#1804=EDGE_CURVE('',#1455,#1454,#468,.T.);
#1805=EDGE_CURVE('',#1456,#1443,#639,.T.);
#1806=EDGE_CURVE('',#1455,#1456,#640,.T.);
#1807=EDGE_CURVE('',#1442,#1457,#641,.T.);
#1808=EDGE_CURVE('',#1457,#1456,#469,.T.);
#1809=EDGE_CURVE('',#1458,#1440,#642,.T.);
#1810=EDGE_CURVE('',#1457,#1458,#643,.T.);
#1811=EDGE_CURVE('',#1436,#1459,#644,.T.);
#1812=EDGE_CURVE('',#1459,#1460,#470,.T.);
#1813=EDGE_CURVE('',#1460,#1437,#645,.T.);
#1814=EDGE_CURVE('',#1461,#1435,#646,.T.);
#1815=EDGE_CURVE('',#1459,#1461,#647,.T.);
#1816=EDGE_CURVE('',#1434,#1462,#648,.T.);
#1817=EDGE_CURVE('',#1462,#1461,#471,.T.);
#1818=EDGE_CURVE('',#1463,#1432,#649,.T.);
#1819=EDGE_CURVE('',#1462,#1463,#650,.T.);
#1820=EDGE_CURVE('',#1464,#1400,#472,.T.);
#1821=EDGE_CURVE('',#1399,#1465,#473,.T.);
#1822=EDGE_CURVE('',#1465,#1464,#651,.T.);
#1823=EDGE_CURVE('',#1464,#1466,#652,.T.);
#1824=EDGE_CURVE('',#1378,#1466,#474,.T.);
#1825=EDGE_CURVE('',#1467,#1380,#475,.T.);
#1826=EDGE_CURVE('',#1467,#1468,#653,.T.);
#1827=EDGE_CURVE('',#1401,#1468,#476,.T.);
#1828=EDGE_CURVE('',#1337,#1374,#654,.T.);
#1829=EDGE_CURVE('',#1468,#1469,#655,.T.);
#1830=EDGE_CURVE('',#1469,#1402,#477,.T.);
#1831=EDGE_CURVE('',#1470,#1467,#656,.T.);
#1832=EDGE_CURVE('',#1470,#1469,#657,.F.);
#1833=EDGE_CURVE('',#1466,#1471,#658,.T.);
#1834=EDGE_CURVE('',#1471,#1377,#478,.T.);
#1835=EDGE_CURVE('',#1379,#1470,#479,.T.);
#1836=EDGE_CURVE('',#1327,#1383,#659,.T.);
#1837=EDGE_CURVE('',#1382,#1328,#660,.T.);
#1838=EDGE_CURVE('',#1384,#1326,#661,.T.);
#1839=EDGE_CURVE('',#1325,#1385,#662,.T.);
#1840=EDGE_CURVE('',#1386,#1324,#663,.T.);
#1841=EDGE_CURVE('',#1329,#1381,#664,.T.);
#1842=EDGE_CURVE('',#1450,#1472,#665,.T.);
#1843=EDGE_CURVE('',#1472,#1473,#480,.T.);
#1844=EDGE_CURVE('',#1473,#1451,#666,.T.);
#1845=EDGE_CURVE('',#1474,#1449,#667,.T.);
#1846=EDGE_CURVE('',#1472,#1474,#668,.T.);
#1847=EDGE_CURVE('',#1475,#1453,#669,.T.);
#1848=EDGE_CURVE('',#1448,#1475,#670,.T.);
#1849=EDGE_CURVE('',#1441,#1476,#671,.T.);
#1850=EDGE_CURVE('',#1476,#1458,#481,.T.);
#1851=EDGE_CURVE('',#1475,#1474,#482,.T.);
#1852=EDGE_CURVE('',#1477,#1460,#672,.T.);
#1853=EDGE_CURVE('',#1438,#1477,#673,.T.);
#1854=EDGE_CURVE('',#1433,#1478,#674,.T.);
#1855=EDGE_CURVE('',#1478,#1463,#483,.T.);
#1856=EDGE_CURVE('',#1477,#1479,#484,.T.);
#1857=EDGE_CURVE('',#1479,#1439,#675,.T.);
#1858=EDGE_CURVE('',#1480,#1481,#676,.T.);
#1859=EDGE_CURVE('',#1481,#1482,#677,.T.);
#1860=EDGE_CURVE('',#1482,#1483,#678,.T.);
#1861=EDGE_CURVE('',#1483,#1480,#679,.T.);
#1862=EDGE_CURVE('',#1484,#1485,#680,.T.);
#1863=EDGE_CURVE('',#1485,#1486,#681,.T.);
#1864=EDGE_CURVE('',#1486,#1487,#682,.T.);
#1865=EDGE_CURVE('',#1487,#1484,#683,.T.);
#1866=EDGE_CURVE('',#1478,#1479,#684,.T.);
#1867=EDGE_CURVE('',#1476,#1473,#685,.T.);
#1868=EDGE_CURVE('',#1488,#1489,#686,.T.);
#1869=EDGE_CURVE('',#1490,#1489,#485,.T.);
#1870=EDGE_CURVE('',#1490,#1428,#687,.T.);
#1871=EDGE_CURVE('',#1488,#1431,#486,.T.);
#1872=EDGE_CURVE('',#1420,#1488,#688,.T.);
#1873=EDGE_CURVE('',#1489,#1426,#689,.T.);
#1874=EDGE_CURVE('',#1425,#1490,#690,.T.);
#1875=EDGE_CURVE('',#1414,#1491,#691,.F.);
#1876=EDGE_CURVE('',#1491,#1492,#692,.T.);
#1877=EDGE_CURVE('',#1492,#1412,#693,.F.);
#1878=EDGE_CURVE('',#1493,#1491,#694,.F.);
#1879=EDGE_CURVE('',#1493,#1483,#695,.T.);
#1880=EDGE_CURVE('',#1494,#1482,#696,.T.);
#1881=EDGE_CURVE('',#1492,#1494,#697,.F.);
#1882=EDGE_CURVE('',#1410,#1495,#698,.F.);
#1883=EDGE_CURVE('',#1495,#1496,#699,.T.);
#1884=EDGE_CURVE('',#1496,#1408,#700,.F.);
#1885=EDGE_CURVE('',#1497,#1495,#701,.F.);
#1886=EDGE_CURVE('',#1497,#1485,#702,.T.);
#1887=EDGE_CURVE('',#1498,#1484,#703,.T.);
#1888=EDGE_CURVE('',#1496,#1498,#704,.F.);
#1889=EDGE_CURVE('',#1499,#1500,#705,.F.);
#1890=EDGE_CURVE('',#1500,#1501,#706,.T.);
#1891=EDGE_CURVE('',#1501,#1502,#707,.F.);
#1892=EDGE_CURVE('',#1502,#1499,#708,.T.);
#1893=EDGE_CURVE('',#1503,#1500,#709,.F.);
#1894=EDGE_CURVE('',#1503,#1343,#710,.T.);
#1895=EDGE_CURVE('',#1504,#1346,#711,.T.);
#1896=EDGE_CURVE('',#1501,#1504,#712,.F.);
#1897=EDGE_CURVE('',#1505,#1506,#713,.F.);
#1898=EDGE_CURVE('',#1506,#1507,#714,.T.);
#1899=EDGE_CURVE('',#1507,#1508,#715,.F.);
#1900=EDGE_CURVE('',#1508,#1505,#716,.T.);
#1901=EDGE_CURVE('',#1509,#1506,#717,.F.);
#1902=EDGE_CURVE('',#1509,#1350,#718,.T.);
#1903=EDGE_CURVE('',#1510,#1349,#719,.T.);
#1904=EDGE_CURVE('',#1507,#1510,#720,.F.);
#1905=EDGE_CURVE('',#1407,#1511,#721,.F.);
#1906=EDGE_CURVE('',#1511,#1512,#722,.T.);
#1907=EDGE_CURVE('',#1512,#1409,#723,.F.);
#1908=EDGE_CURVE('',#1511,#1487,#724,.T.);
#1909=EDGE_CURVE('',#1512,#1486,#725,.T.);
#1910=EDGE_CURVE('',#1411,#1513,#726,.F.);
#1911=EDGE_CURVE('',#1513,#1514,#727,.T.);
#1912=EDGE_CURVE('',#1514,#1413,#728,.F.);
#1913=EDGE_CURVE('',#1513,#1481,#729,.T.);
#1914=EDGE_CURVE('',#1514,#1480,#730,.T.);
#1915=EDGE_CURVE('',#1515,#1516,#731,.F.);
#1916=EDGE_CURVE('',#1516,#1517,#732,.T.);
#1917=EDGE_CURVE('',#1517,#1518,#733,.F.);
#1918=EDGE_CURVE('',#1518,#1515,#734,.T.);
#1919=EDGE_CURVE('',#1516,#1348,#735,.T.);
#1920=EDGE_CURVE('',#1517,#1347,#736,.T.);
#1921=EDGE_CURVE('',#1519,#1520,#737,.F.);
#1922=EDGE_CURVE('',#1520,#1521,#738,.T.);
#1923=EDGE_CURVE('',#1521,#1522,#739,.F.);
#1924=EDGE_CURVE('',#1522,#1519,#740,.T.);
#1925=EDGE_CURVE('',#1520,#1345,#741,.T.);
#1926=EDGE_CURVE('',#1521,#1344,#742,.T.);
#1927=EDGE_CURVE('',#1517,#1509,#743,.T.);
#1928=EDGE_CURVE('',#1505,#1518,#744,.T.);
#1929=EDGE_CURVE('',#1504,#1520,#745,.T.);
#1930=EDGE_CURVE('',#1519,#1502,#746,.T.);
#1931=EDGE_CURVE('',#1521,#1503,#747,.T.);
#1932=EDGE_CURVE('',#1499,#1522,#748,.T.);
#1933=EDGE_CURVE('',#1510,#1516,#749,.T.);
#1934=EDGE_CURVE('',#1515,#1508,#750,.T.);
#1935=EDGE_CURVE('',#1494,#1513,#751,.T.);
#1936=EDGE_CURVE('',#1512,#1497,#752,.T.);
#1937=EDGE_CURVE('',#1498,#1511,#753,.T.);
#1938=EDGE_CURVE('',#1514,#1493,#754,.T.);
#1939=EDGE_CURVE('',#1465,#1471,#755,.F.);
#1940=EDGE_CURVE('',#1523,#1524,#756,.F.);
#1941=EDGE_CURVE('',#1524,#1525,#757,.T.);
#1942=EDGE_CURVE('',#1525,#1526,#758,.F.);
#1943=EDGE_CURVE('',#1526,#1523,#759,.T.);
#1944=EDGE_CURVE('',#1527,#1524,#760,.T.);
#1945=EDGE_CURVE('',#1528,#1527,#761,.T.);
#1946=EDGE_CURVE('',#1528,#1525,#762,.T.);
#1947=EDGE_CURVE('',#1529,#1530,#763,.F.);
#1948=EDGE_CURVE('',#1530,#1531,#764,.T.);
#1949=EDGE_CURVE('',#1531,#1532,#765,.F.);
#1950=EDGE_CURVE('',#1532,#1529,#766,.T.);
#1951=EDGE_CURVE('',#1533,#1530,#767,.T.);
#1952=EDGE_CURVE('',#1534,#1533,#768,.T.);
#1953=EDGE_CURVE('',#1531,#1534,#769,.T.);
#1954=EDGE_CURVE('',#1535,#1536,#770,.F.);
#1955=EDGE_CURVE('',#1536,#1537,#771,.T.);
#1956=EDGE_CURVE('',#1537,#1538,#772,.F.);
#1957=EDGE_CURVE('',#1538,#1535,#773,.T.);
#1958=EDGE_CURVE('',#1539,#1536,#774,.T.);
#1959=EDGE_CURVE('',#1540,#1539,#775,.T.);
#1960=EDGE_CURVE('',#1540,#1537,#776,.T.);
#1961=EDGE_CURVE('',#1541,#1542,#777,.F.);
#1962=EDGE_CURVE('',#1542,#1543,#778,.T.);
#1963=EDGE_CURVE('',#1543,#1544,#779,.F.);
#1964=EDGE_CURVE('',#1544,#1541,#780,.T.);
#1965=EDGE_CURVE('',#1542,#1545,#781,.T.);
#1966=EDGE_CURVE('',#1546,#1545,#782,.T.);
#1967=EDGE_CURVE('',#1546,#1543,#783,.T.);
#1968=EDGE_CURVE('',#1547,#1532,#784,.T.);
#1969=EDGE_CURVE('',#1548,#1547,#785,.T.);
#1970=EDGE_CURVE('',#1529,#1548,#786,.T.);
#1971=EDGE_CURVE('',#1549,#1544,#787,.T.);
#1972=EDGE_CURVE('',#1550,#1549,#788,.T.);
#1973=EDGE_CURVE('',#1541,#1550,#789,.T.);
#1974=EDGE_CURVE('',#1533,#1528,#790,.T.);
#1975=EDGE_CURVE('',#1551,#1548,#791,.T.);
#1976=EDGE_CURVE('',#1552,#1551,#792,.T.);
#1977=EDGE_CURVE('',#1553,#1552,#793,.T.);
#1978=EDGE_CURVE('',#1554,#1553,#794,.T.);
#1979=EDGE_CURVE('',#1555,#1554,#795,.T.);
#1980=EDGE_CURVE('',#1555,#1538,#796,.T.);
#1981=EDGE_CURVE('',#1545,#1540,#797,.T.);
#1982=EDGE_CURVE('',#1550,#1556,#798,.T.);
#1983=EDGE_CURVE('',#1556,#1526,#799,.T.);
#1984=EDGE_CURVE('',#1527,#1534,#800,.T.);
#1985=EDGE_CURVE('',#1523,#1557,#801,.T.);
#1986=EDGE_CURVE('',#1557,#1549,#802,.T.);
#1987=EDGE_CURVE('',#1539,#1546,#803,.T.);
#1988=EDGE_CURVE('',#1535,#1558,#804,.T.);
#1989=EDGE_CURVE('',#1559,#1558,#805,.T.);
#1990=EDGE_CURVE('',#1560,#1559,#806,.T.);
#1991=EDGE_CURVE('',#1561,#1560,#807,.T.);
#1992=EDGE_CURVE('',#1562,#1561,#808,.T.);
#1993=EDGE_CURVE('',#1547,#1562,#809,.T.);
#1994=EDGE_CURVE('',#1557,#1556,#810,.T.);
#1995=EDGE_CURVE('',#1561,#1563,#811,.T.);
#1996=EDGE_CURVE('',#1564,#1563,#812,.T.);
#1997=EDGE_CURVE('',#1562,#1564,#813,.T.);
#1998=EDGE_CURVE('',#1565,#1551,#814,.T.);
#1999=EDGE_CURVE('',#1566,#1565,#815,.T.);
#2000=EDGE_CURVE('',#1566,#1552,#816,.T.);
#2001=EDGE_CURVE('',#1567,#1564,#817,.T.);
#2002=EDGE_CURVE('',#1547,#1567,#818,.T.);
#2003=EDGE_CURVE('',#1568,#1548,#819,.T.);
#2004=EDGE_CURVE('',#1568,#1565,#820,.T.);
#2005=EDGE_CURVE('',#1555,#1558,#821,.T.);
#2006=EDGE_CURVE('',#1558,#1569,#822,.T.);
#2007=EDGE_CURVE('',#1570,#1569,#823,.T.);
#2008=EDGE_CURVE('',#1570,#1559,#824,.T.);
#2009=EDGE_CURVE('',#1554,#1571,#825,.T.);
#2010=EDGE_CURVE('',#1571,#1572,#826,.T.);
#2011=EDGE_CURVE('',#1572,#1555,#827,.T.);
#2012=EDGE_CURVE('',#1573,#1570,#828,.T.);
#2013=EDGE_CURVE('',#1560,#1573,#829,.T.);
#2014=EDGE_CURVE('',#1574,#1553,#830,.T.);
#2015=EDGE_CURVE('',#1574,#1571,#831,.T.);
#2016=EDGE_CURVE('',#1566,#1574,#832,.T.);
#2017=EDGE_CURVE('',#1563,#1573,#833,.T.);
#2018=EDGE_CURVE('',#1569,#1575,#487,.T.);
#2019=EDGE_CURVE('',#1575,#1576,#834,.T.);
#2020=EDGE_CURVE('',#1576,#1577,#488,.T.);
#2021=EDGE_CURVE('',#1577,#1578,#835,.T.);
#2022=EDGE_CURVE('',#1578,#1579,#489,.T.);
#2023=EDGE_CURVE('',#1579,#1580,#836,.T.);
#2024=EDGE_CURVE('',#1580,#1567,#490,.T.);
#2025=EDGE_CURVE('',#1581,#1582,#837,.T.);
#2026=EDGE_CURVE('',#1582,#1580,#838,.T.);
#2027=EDGE_CURVE('',#1581,#1579,#839,.T.);
#2028=EDGE_CURVE('',#1581,#1583,#491,.T.);
#2029=EDGE_CURVE('',#1583,#1578,#840,.T.);
#2030=EDGE_CURVE('',#1584,#1583,#841,.T.);
#2031=EDGE_CURVE('',#1584,#1577,#842,.T.);
#2032=EDGE_CURVE('',#1584,#1585,#492,.T.);
#2033=EDGE_CURVE('',#1585,#1576,#843,.T.);
#2034=EDGE_CURVE('',#1586,#1585,#844,.T.);
#2035=EDGE_CURVE('',#1586,#1575,#845,.T.);
#2036=EDGE_CURVE('',#1586,#1572,#493,.T.);
#2037=EDGE_CURVE('',#1568,#1582,#494,.T.);
#2038=EDGE_CURVE('',#1587,#1588,#846,.T.);
#2039=EDGE_CURVE('',#1589,#1587,#847,.T.);
#2040=EDGE_CURVE('',#1590,#1589,#848,.T.);
#2041=EDGE_CURVE('',#1588,#1590,#849,.T.);
#2042=EDGE_CURVE('',#1591,#1588,#850,.T.);
#2043=EDGE_CURVE('',#1591,#1592,#851,.T.);
#2044=EDGE_CURVE('',#1592,#1593,#852,.T.);
#2045=EDGE_CURVE('',#1593,#1594,#853,.T.);
#2046=EDGE_CURVE('',#1594,#1595,#854,.T.);
#2047=EDGE_CURVE('',#1596,#1595,#855,.T.);
#2048=EDGE_CURVE('',#1597,#1596,#856,.T.);
#2049=EDGE_CURVE('',#1597,#1598,#857,.T.);
#2050=EDGE_CURVE('',#1598,#1599,#858,.T.);
#2051=EDGE_CURVE('',#1599,#1600,#859,.T.);
#2052=EDGE_CURVE('',#1600,#1587,#860,.T.);
#2053=EDGE_CURVE('',#1601,#1590,#861,.T.);
#2054=EDGE_CURVE('',#1591,#1601,#862,.T.);
#2055=EDGE_CURVE('',#1602,#1603,#863,.T.);
#2056=EDGE_CURVE('',#1603,#1604,#864,.T.);
#2057=EDGE_CURVE('',#1604,#1605,#865,.T.);
#2058=EDGE_CURVE('',#1602,#1605,#866,.T.);
#2059=EDGE_CURVE('',#1603,#1606,#867,.T.);
#2060=EDGE_CURVE('',#1607,#1606,#868,.T.);
#2061=EDGE_CURVE('',#1607,#1604,#869,.T.);
#2062=EDGE_CURVE('',#1608,#1602,#870,.T.);
#2063=EDGE_CURVE('',#1609,#1608,#871,.T.);
#2064=EDGE_CURVE('',#1609,#1610,#872,.T.);
#2065=EDGE_CURVE('',#1611,#1610,#873,.T.);
#2066=EDGE_CURVE('',#1612,#1611,#874,.T.);
#2067=EDGE_CURVE('',#1613,#1612,#875,.T.);
#2068=EDGE_CURVE('',#1613,#1598,#876,.T.);
#2069=EDGE_CURVE('',#1597,#1614,#877,.T.);
#2070=EDGE_CURVE('',#1614,#1615,#878,.T.);
#2071=EDGE_CURVE('',#1615,#1594,#879,.T.);
#2072=EDGE_CURVE('',#1616,#1593,#880,.T.);
#2073=EDGE_CURVE('',#1606,#1616,#881,.T.);
#2074=EDGE_CURVE('',#1617,#1607,#882,.T.);
#2075=EDGE_CURVE('',#1617,#1616,#883,.T.);
#2076=EDGE_CURVE('',#1618,#1619,#884,.T.);
#2077=EDGE_CURVE('',#1619,#1611,#885,.T.);
#2078=EDGE_CURVE('',#1618,#1610,#886,.T.);
#2079=EDGE_CURVE('',#1619,#1620,#887,.T.);
#2080=EDGE_CURVE('',#1612,#1620,#888,.T.);
#2081=EDGE_CURVE('',#1620,#1621,#889,.T.);
#2082=EDGE_CURVE('',#1613,#1621,#890,.T.);
#2083=EDGE_CURVE('',#1622,#1605,#891,.T.);
#2084=EDGE_CURVE('',#1622,#1608,#892,.T.);
#2085=EDGE_CURVE('',#1621,#1599,#893,.T.);
#2086=EDGE_CURVE('',#1609,#1623,#894,.T.);
#2087=EDGE_CURVE('',#1623,#1618,#895,.T.);
#2088=EDGE_CURVE('',#1624,#1589,#896,.T.);
#2089=EDGE_CURVE('',#1601,#1624,#897,.T.);
#2090=EDGE_CURVE('',#1624,#1600,#898,.T.);
#2091=EDGE_CURVE('',#1615,#1625,#899,.T.);
#2092=EDGE_CURVE('',#1595,#1625,#900,.T.);
#2093=EDGE_CURVE('',#1617,#1592,#901,.T.);
#2094=EDGE_CURVE('',#1622,#1623,#902,.T.);
#2095=EDGE_CURVE('',#1614,#1626,#903,.T.);
#2096=EDGE_CURVE('',#1625,#1626,#904,.T.);
#2097=EDGE_CURVE('',#1626,#1596,#905,.T.);
#2098=ORIENTED_EDGE('',*,*,#1627,.F.);
#2099=ORIENTED_EDGE('',*,*,#1628,.F.);
#2100=ORIENTED_EDGE('',*,*,#1629,.T.);
#2101=ORIENTED_EDGE('',*,*,#1630,.T.);
#2102=ORIENTED_EDGE('',*,*,#1631,.T.);
#2103=ORIENTED_EDGE('',*,*,#1632,.F.);
#2104=ORIENTED_EDGE('',*,*,#1633,.F.);
#2105=ORIENTED_EDGE('',*,*,#1634,.T.);
#2106=ORIENTED_EDGE('',*,*,#1635,.F.);
#2107=ORIENTED_EDGE('',*,*,#1636,.T.);
#2108=ORIENTED_EDGE('',*,*,#1637,.F.);
#2109=ORIENTED_EDGE('',*,*,#1638,.T.);
#2110=ORIENTED_EDGE('',*,*,#1639,.F.);
#2111=ORIENTED_EDGE('',*,*,#1640,.T.);
#2112=ORIENTED_EDGE('',*,*,#1641,.T.);
#2113=ORIENTED_EDGE('',*,*,#1642,.T.);
#2114=ORIENTED_EDGE('',*,*,#1643,.T.);
#2115=ORIENTED_EDGE('',*,*,#1644,.F.);
#2116=ORIENTED_EDGE('',*,*,#1645,.F.);
#2117=ORIENTED_EDGE('',*,*,#1646,.F.);
#2118=ORIENTED_EDGE('',*,*,#1647,.F.);
#2119=ORIENTED_EDGE('',*,*,#1646,.T.);
#2120=ORIENTED_EDGE('',*,*,#1645,.T.);
#2121=ORIENTED_EDGE('',*,*,#1644,.T.);
#2122=ORIENTED_EDGE('',*,*,#1648,.T.);
#2123=ORIENTED_EDGE('',*,*,#1649,.T.);
#2124=ORIENTED_EDGE('',*,*,#1650,.T.);
#2125=ORIENTED_EDGE('',*,*,#1651,.T.);
#2126=ORIENTED_EDGE('',*,*,#1652,.T.);
#2127=ORIENTED_EDGE('',*,*,#1653,.F.);
#2128=ORIENTED_EDGE('',*,*,#1654,.T.);
#2129=ORIENTED_EDGE('',*,*,#1655,.T.);
#2130=ORIENTED_EDGE('',*,*,#1656,.T.);
#2131=ORIENTED_EDGE('',*,*,#1657,.T.);
#2132=ORIENTED_EDGE('',*,*,#1658,.T.);
#2133=ORIENTED_EDGE('',*,*,#1659,.T.);
#2134=ORIENTED_EDGE('',*,*,#1660,.T.);
#2135=ORIENTED_EDGE('',*,*,#1661,.T.);
#2136=ORIENTED_EDGE('',*,*,#1662,.F.);
#2137=ORIENTED_EDGE('',*,*,#1630,.F.);
#2138=ORIENTED_EDGE('',*,*,#1663,.F.);
#2139=ORIENTED_EDGE('',*,*,#1664,.F.);
#2140=ORIENTED_EDGE('',*,*,#1665,.F.);
#2141=ORIENTED_EDGE('',*,*,#1664,.T.);
#2142=ORIENTED_EDGE('',*,*,#1666,.F.);
#2143=ORIENTED_EDGE('',*,*,#1667,.F.);
#2144=ORIENTED_EDGE('',*,*,#1666,.T.);
#2145=ORIENTED_EDGE('',*,*,#1663,.T.);
#2146=ORIENTED_EDGE('',*,*,#1629,.F.);
#2147=ORIENTED_EDGE('',*,*,#1668,.F.);
#2148=ORIENTED_EDGE('',*,*,#1669,.T.);
#2149=ORIENTED_EDGE('',*,*,#1662,.T.);
#2150=ORIENTED_EDGE('',*,*,#1665,.T.);
#2151=ORIENTED_EDGE('',*,*,#1670,.F.);
#2152=ORIENTED_EDGE('',*,*,#1671,.T.);
#2153=ORIENTED_EDGE('',*,*,#1672,.T.);
#2154=ORIENTED_EDGE('',*,*,#1673,.F.);
#2155=ORIENTED_EDGE('',*,*,#1674,.T.);
#2156=ORIENTED_EDGE('',*,*,#1675,.T.);
#2157=ORIENTED_EDGE('',*,*,#1650,.F.);
#2158=ORIENTED_EDGE('',*,*,#1676,.T.);
#2159=ORIENTED_EDGE('',*,*,#1677,.T.);
#2160=ORIENTED_EDGE('',*,*,#1641,.F.);
#2161=ORIENTED_EDGE('',*,*,#1678,.F.);
#2162=ORIENTED_EDGE('',*,*,#1679,.F.);
#2163=ORIENTED_EDGE('',*,*,#1680,.F.);
#2164=ORIENTED_EDGE('',*,*,#1631,.F.);
#2165=ORIENTED_EDGE('',*,*,#1674,.F.);
#2166=ORIENTED_EDGE('',*,*,#1681,.F.);
#2167=ORIENTED_EDGE('',*,*,#1682,.F.);
#2168=ORIENTED_EDGE('',*,*,#1683,.F.);
#2169=ORIENTED_EDGE('',*,*,#1675,.F.);
#2170=ORIENTED_EDGE('',*,*,#1683,.T.);
#2171=ORIENTED_EDGE('',*,*,#1684,.F.);
#2172=ORIENTED_EDGE('',*,*,#1651,.F.);
#2173=ORIENTED_EDGE('',*,*,#1685,.F.);
#2174=ORIENTED_EDGE('',*,*,#1652,.F.);
#2175=ORIENTED_EDGE('',*,*,#1684,.T.);
#2176=ORIENTED_EDGE('',*,*,#1682,.T.);
#2177=ORIENTED_EDGE('',*,*,#1686,.T.);
#2178=ORIENTED_EDGE('',*,*,#1676,.F.);
#2179=ORIENTED_EDGE('',*,*,#1649,.F.);
#2180=ORIENTED_EDGE('',*,*,#1687,.F.);
#2181=ORIENTED_EDGE('',*,*,#1688,.F.);
#2182=ORIENTED_EDGE('',*,*,#1677,.F.);
#2183=ORIENTED_EDGE('',*,*,#1688,.T.);
#2184=ORIENTED_EDGE('',*,*,#1689,.F.);
#2185=ORIENTED_EDGE('',*,*,#1642,.F.);
#2186=ORIENTED_EDGE('',*,*,#1689,.T.);
#2187=ORIENTED_EDGE('',*,*,#1687,.T.);
#2188=ORIENTED_EDGE('',*,*,#1648,.F.);
#2189=ORIENTED_EDGE('',*,*,#1643,.F.);
#2190=ORIENTED_EDGE('',*,*,#1690,.T.);
#2191=ORIENTED_EDGE('',*,*,#1671,.F.);
#2192=ORIENTED_EDGE('',*,*,#1691,.F.);
#2193=ORIENTED_EDGE('',*,*,#1692,.F.);
#2194=ORIENTED_EDGE('',*,*,#1693,.F.);
#2195=ORIENTED_EDGE('',*,*,#1672,.F.);
#2196=ORIENTED_EDGE('',*,*,#1693,.T.);
#2197=ORIENTED_EDGE('',*,*,#1694,.F.);
#2198=ORIENTED_EDGE('',*,*,#1695,.F.);
#2199=ORIENTED_EDGE('',*,*,#1696,.F.);
#2200=ORIENTED_EDGE('',*,*,#1697,.F.);
#2201=ORIENTED_EDGE('',*,*,#1694,.T.);
#2202=ORIENTED_EDGE('',*,*,#1692,.T.);
#2203=ORIENTED_EDGE('',*,*,#1698,.T.);
#2204=ORIENTED_EDGE('',*,*,#1699,.F.);
#2205=ORIENTED_EDGE('',*,*,#1700,.T.);
#2206=ORIENTED_EDGE('',*,*,#1696,.T.);
#2207=ORIENTED_EDGE('',*,*,#1691,.T.);
#2208=ORIENTED_EDGE('',*,*,#1670,.T.);
#2209=ORIENTED_EDGE('',*,*,#1667,.T.);
#2210=ORIENTED_EDGE('',*,*,#1668,.T.);
#2211=ORIENTED_EDGE('',*,*,#1628,.T.);
#2212=ORIENTED_EDGE('',*,*,#1701,.F.);
#2213=ORIENTED_EDGE('',*,*,#1702,.F.);
#2214=ORIENTED_EDGE('',*,*,#1678,.T.);
#2215=ORIENTED_EDGE('',*,*,#1640,.F.);
#2216=ORIENTED_EDGE('',*,*,#1703,.F.);
#2217=ORIENTED_EDGE('',*,*,#1632,.T.);
#2218=ORIENTED_EDGE('',*,*,#1680,.T.);
#2219=ORIENTED_EDGE('',*,*,#1704,.F.);
#2220=ORIENTED_EDGE('',*,*,#1705,.F.);
#2221=ORIENTED_EDGE('',*,*,#1706,.T.);
#2222=ORIENTED_EDGE('',*,*,#1707,.F.);
#2223=ORIENTED_EDGE('',*,*,#1708,.F.);
#2224=ORIENTED_EDGE('',*,*,#1704,.T.);
#2225=ORIENTED_EDGE('',*,*,#1679,.T.);
#2226=ORIENTED_EDGE('',*,*,#1702,.T.);
#2227=ORIENTED_EDGE('',*,*,#1709,.F.);
#2228=ORIENTED_EDGE('',*,*,#1710,.T.);
#2229=ORIENTED_EDGE('',*,*,#1711,.F.);
#2230=ORIENTED_EDGE('',*,*,#1712,.T.);
#2231=ORIENTED_EDGE('',*,*,#1713,.F.);
#2232=ORIENTED_EDGE('',*,*,#1714,.T.);
#2233=ORIENTED_EDGE('',*,*,#1715,.F.);
#2234=ORIENTED_EDGE('',*,*,#1716,.F.);
#2235=ORIENTED_EDGE('',*,*,#1717,.F.);
#2236=ORIENTED_EDGE('',*,*,#1718,.F.);
#2237=ORIENTED_EDGE('',*,*,#1719,.F.);
#2238=ORIENTED_EDGE('',*,*,#1669,.F.);
#2239=ORIENTED_EDGE('',*,*,#1720,.T.);
#2240=ORIENTED_EDGE('',*,*,#1718,.T.);
#2241=ORIENTED_EDGE('',*,*,#1720,.F.);
#2242=ORIENTED_EDGE('',*,*,#1686,.F.);
#2243=ORIENTED_EDGE('',*,*,#1721,.T.);
#2244=ORIENTED_EDGE('',*,*,#1716,.T.);
#2245=ORIENTED_EDGE('',*,*,#1721,.F.);
#2246=ORIENTED_EDGE('',*,*,#1690,.F.);
#2247=ORIENTED_EDGE('',*,*,#1722,.T.);
#2248=ORIENTED_EDGE('',*,*,#1717,.T.);
#2249=ORIENTED_EDGE('',*,*,#1722,.F.);
#2250=ORIENTED_EDGE('',*,*,#1698,.F.);
#2251=ORIENTED_EDGE('',*,*,#1723,.T.);
#2252=ORIENTED_EDGE('',*,*,#1719,.T.);
#2253=ORIENTED_EDGE('',*,*,#1723,.F.);
#2254=ORIENTED_EDGE('',*,*,#1724,.T.);
#2255=ORIENTED_EDGE('',*,*,#1725,.T.);
#2256=ORIENTED_EDGE('',*,*,#1726,.T.);
#2257=ORIENTED_EDGE('',*,*,#1727,.F.);
#2258=ORIENTED_EDGE('',*,*,#1728,.T.);
#2259=ORIENTED_EDGE('',*,*,#1729,.T.);
#2260=ORIENTED_EDGE('',*,*,#1730,.T.);
#2261=ORIENTED_EDGE('',*,*,#1725,.F.);
#2262=ORIENTED_EDGE('',*,*,#1731,.T.);
#2263=ORIENTED_EDGE('',*,*,#1732,.T.);
#2264=ORIENTED_EDGE('',*,*,#1733,.T.);
#2265=ORIENTED_EDGE('',*,*,#1727,.T.);
#2266=ORIENTED_EDGE('',*,*,#1734,.T.);
#2267=ORIENTED_EDGE('',*,*,#1732,.F.);
#2268=ORIENTED_EDGE('',*,*,#1735,.T.);
#2269=ORIENTED_EDGE('',*,*,#1729,.F.);
#2270=ORIENTED_EDGE('',*,*,#1728,.F.);
#2271=ORIENTED_EDGE('',*,*,#1724,.F.);
#2272=ORIENTED_EDGE('',*,*,#1733,.F.);
#2273=ORIENTED_EDGE('',*,*,#1736,.T.);
#2274=ORIENTED_EDGE('',*,*,#1737,.F.);
#2275=ORIENTED_EDGE('',*,*,#1738,.F.);
#2276=ORIENTED_EDGE('',*,*,#1739,.F.);
#2277=ORIENTED_EDGE('',*,*,#1740,.T.);
#2278=ORIENTED_EDGE('',*,*,#1741,.F.);
#2279=ORIENTED_EDGE('',*,*,#1742,.F.);
#2280=ORIENTED_EDGE('',*,*,#1743,.F.);
#2281=ORIENTED_EDGE('',*,*,#1744,.F.);
#2282=ORIENTED_EDGE('',*,*,#1745,.F.);
#2283=ORIENTED_EDGE('',*,*,#1746,.F.);
#2284=ORIENTED_EDGE('',*,*,#1747,.F.);
#2285=ORIENTED_EDGE('',*,*,#1748,.F.);
#2286=ORIENTED_EDGE('',*,*,#1749,.F.);
#2287=ORIENTED_EDGE('',*,*,#1750,.F.);
#2288=ORIENTED_EDGE('',*,*,#1751,.F.);
#2289=ORIENTED_EDGE('',*,*,#1752,.F.);
#2290=ORIENTED_EDGE('',*,*,#1741,.T.);
#2291=ORIENTED_EDGE('',*,*,#1753,.T.);
#2292=ORIENTED_EDGE('',*,*,#1754,.T.);
#2293=ORIENTED_EDGE('',*,*,#1755,.T.);
#2294=ORIENTED_EDGE('',*,*,#1744,.T.);
#2295=ORIENTED_EDGE('',*,*,#1756,.T.);
#2296=ORIENTED_EDGE('',*,*,#1757,.T.);
#2297=ORIENTED_EDGE('',*,*,#1753,.F.);
#2298=ORIENTED_EDGE('',*,*,#1758,.T.);
#2299=ORIENTED_EDGE('',*,*,#1756,.F.);
#2300=ORIENTED_EDGE('',*,*,#1743,.T.);
#2301=ORIENTED_EDGE('',*,*,#1759,.T.);
#2302=ORIENTED_EDGE('',*,*,#1742,.T.);
#2303=ORIENTED_EDGE('',*,*,#1755,.F.);
#2304=ORIENTED_EDGE('',*,*,#1760,.T.);
#2305=ORIENTED_EDGE('',*,*,#1759,.F.);
#2306=ORIENTED_EDGE('',*,*,#1760,.F.);
#2307=ORIENTED_EDGE('',*,*,#1754,.F.);
#2308=ORIENTED_EDGE('',*,*,#1757,.F.);
#2309=ORIENTED_EDGE('',*,*,#1758,.F.);
#2310=ORIENTED_EDGE('',*,*,#1761,.F.);
#2311=ORIENTED_EDGE('',*,*,#1762,.F.);
#2312=ORIENTED_EDGE('',*,*,#1763,.F.);
#2313=ORIENTED_EDGE('',*,*,#1764,.F.);
#2314=ORIENTED_EDGE('',*,*,#1765,.F.);
#2315=ORIENTED_EDGE('',*,*,#1766,.F.);
#2316=ORIENTED_EDGE('',*,*,#1767,.F.);
#2317=ORIENTED_EDGE('',*,*,#1768,.F.);
#2318=ORIENTED_EDGE('',*,*,#1765,.T.);
#2319=ORIENTED_EDGE('',*,*,#1769,.T.);
#2320=ORIENTED_EDGE('',*,*,#1770,.T.);
#2321=ORIENTED_EDGE('',*,*,#1771,.T.);
#2322=ORIENTED_EDGE('',*,*,#1764,.T.);
#2323=ORIENTED_EDGE('',*,*,#1772,.F.);
#2324=ORIENTED_EDGE('',*,*,#1773,.F.);
#2325=ORIENTED_EDGE('',*,*,#1769,.F.);
#2326=ORIENTED_EDGE('',*,*,#1763,.T.);
#2327=ORIENTED_EDGE('',*,*,#1774,.T.);
#2328=ORIENTED_EDGE('',*,*,#1775,.T.);
#2329=ORIENTED_EDGE('',*,*,#1772,.T.);
#2330=ORIENTED_EDGE('',*,*,#1762,.T.);
#2331=ORIENTED_EDGE('',*,*,#1776,.F.);
#2332=ORIENTED_EDGE('',*,*,#1777,.F.);
#2333=ORIENTED_EDGE('',*,*,#1774,.F.);
#2334=ORIENTED_EDGE('',*,*,#1735,.F.);
#2335=ORIENTED_EDGE('',*,*,#1731,.F.);
#2336=ORIENTED_EDGE('',*,*,#1726,.F.);
#2337=ORIENTED_EDGE('',*,*,#1730,.F.);
#2338=ORIENTED_EDGE('',*,*,#1778,.F.);
#2339=ORIENTED_EDGE('',*,*,#1779,.F.);
#2340=ORIENTED_EDGE('',*,*,#1780,.F.);
#2341=ORIENTED_EDGE('',*,*,#1781,.F.);
#2342=ORIENTED_EDGE('',*,*,#1782,.F.);
#2343=ORIENTED_EDGE('',*,*,#1783,.F.);
#2344=ORIENTED_EDGE('',*,*,#1784,.F.);
#2345=ORIENTED_EDGE('',*,*,#1785,.F.);
#2346=ORIENTED_EDGE('',*,*,#1786,.F.);
#2347=ORIENTED_EDGE('',*,*,#1787,.F.);
#2348=ORIENTED_EDGE('',*,*,#1788,.F.);
#2349=ORIENTED_EDGE('',*,*,#1789,.F.);
#2350=ORIENTED_EDGE('',*,*,#1790,.F.);
#2351=ORIENTED_EDGE('',*,*,#1791,.F.);
#2352=ORIENTED_EDGE('',*,*,#1792,.F.);
#2353=ORIENTED_EDGE('',*,*,#1793,.F.);
#2354=ORIENTED_EDGE('',*,*,#1794,.F.);
#2355=ORIENTED_EDGE('',*,*,#1795,.F.);
#2356=ORIENTED_EDGE('',*,*,#1796,.F.);
#2357=ORIENTED_EDGE('',*,*,#1797,.F.);
#2358=ORIENTED_EDGE('',*,*,#1792,.T.);
#2359=ORIENTED_EDGE('',*,*,#1798,.T.);
#2360=ORIENTED_EDGE('',*,*,#1799,.T.);
#2361=ORIENTED_EDGE('',*,*,#1800,.T.);
#2362=ORIENTED_EDGE('',*,*,#1791,.T.);
#2363=ORIENTED_EDGE('',*,*,#1801,.F.);
#2364=ORIENTED_EDGE('',*,*,#1802,.F.);
#2365=ORIENTED_EDGE('',*,*,#1798,.F.);
#2366=ORIENTED_EDGE('',*,*,#1790,.T.);
#2367=ORIENTED_EDGE('',*,*,#1803,.T.);
#2368=ORIENTED_EDGE('',*,*,#1804,.T.);
#2369=ORIENTED_EDGE('',*,*,#1801,.T.);
#2370=ORIENTED_EDGE('',*,*,#1789,.T.);
#2371=ORIENTED_EDGE('',*,*,#1805,.F.);
#2372=ORIENTED_EDGE('',*,*,#1806,.F.);
#2373=ORIENTED_EDGE('',*,*,#1803,.F.);
#2374=ORIENTED_EDGE('',*,*,#1788,.T.);
#2375=ORIENTED_EDGE('',*,*,#1807,.T.);
#2376=ORIENTED_EDGE('',*,*,#1808,.T.);
#2377=ORIENTED_EDGE('',*,*,#1805,.T.);
#2378=ORIENTED_EDGE('',*,*,#1787,.T.);
#2379=ORIENTED_EDGE('',*,*,#1809,.F.);
#2380=ORIENTED_EDGE('',*,*,#1810,.F.);
#2381=ORIENTED_EDGE('',*,*,#1807,.F.);
#2382=ORIENTED_EDGE('',*,*,#1782,.T.);
#2383=ORIENTED_EDGE('',*,*,#1811,.T.);
#2384=ORIENTED_EDGE('',*,*,#1812,.T.);
#2385=ORIENTED_EDGE('',*,*,#1813,.T.);
#2386=ORIENTED_EDGE('',*,*,#1781,.T.);
#2387=ORIENTED_EDGE('',*,*,#1814,.F.);
#2388=ORIENTED_EDGE('',*,*,#1815,.F.);
#2389=ORIENTED_EDGE('',*,*,#1811,.F.);
#2390=ORIENTED_EDGE('',*,*,#1780,.T.);
#2391=ORIENTED_EDGE('',*,*,#1816,.T.);
#2392=ORIENTED_EDGE('',*,*,#1817,.T.);
#2393=ORIENTED_EDGE('',*,*,#1814,.T.);
#2394=ORIENTED_EDGE('',*,*,#1779,.T.);
#2395=ORIENTED_EDGE('',*,*,#1818,.F.);
#2396=ORIENTED_EDGE('',*,*,#1819,.F.);
#2397=ORIENTED_EDGE('',*,*,#1816,.F.);
#2398=ORIENTED_EDGE('',*,*,#1820,.T.);
#2399=ORIENTED_EDGE('',*,*,#1737,.T.);
#2400=ORIENTED_EDGE('',*,*,#1821,.T.);
#2401=ORIENTED_EDGE('',*,*,#1822,.T.);
#2402=ORIENTED_EDGE('',*,*,#1820,.F.);
#2403=ORIENTED_EDGE('',*,*,#1823,.T.);
#2404=ORIENTED_EDGE('',*,*,#1824,.F.);
#2405=ORIENTED_EDGE('',*,*,#1708,.T.);
#2406=ORIENTED_EDGE('',*,*,#1825,.F.);
#2407=ORIENTED_EDGE('',*,*,#1826,.T.);
#2408=ORIENTED_EDGE('',*,*,#1827,.F.);
#2409=ORIENTED_EDGE('',*,*,#1738,.T.);
#2410=ORIENTED_EDGE('',*,*,#1699,.T.);
#2411=ORIENTED_EDGE('',*,*,#1627,.T.);
#2412=ORIENTED_EDGE('',*,*,#1647,.T.);
#2413=ORIENTED_EDGE('',*,*,#1828,.T.);
#2414=ORIENTED_EDGE('',*,*,#1827,.T.);
#2415=ORIENTED_EDGE('',*,*,#1829,.T.);
#2416=ORIENTED_EDGE('',*,*,#1830,.T.);
#2417=ORIENTED_EDGE('',*,*,#1739,.T.);
#2418=ORIENTED_EDGE('',*,*,#1829,.F.);
#2419=ORIENTED_EDGE('',*,*,#1826,.F.);
#2420=ORIENTED_EDGE('',*,*,#1831,.F.);
#2421=ORIENTED_EDGE('',*,*,#1832,.T.);
#2422=ORIENTED_EDGE('',*,*,#1824,.T.);
#2423=ORIENTED_EDGE('',*,*,#1833,.T.);
#2424=ORIENTED_EDGE('',*,*,#1834,.T.);
#2425=ORIENTED_EDGE('',*,*,#1705,.T.);
#2426=ORIENTED_EDGE('',*,*,#1825,.T.);
#2427=ORIENTED_EDGE('',*,*,#1707,.T.);
#2428=ORIENTED_EDGE('',*,*,#1835,.T.);
#2429=ORIENTED_EDGE('',*,*,#1831,.T.);
#2430=ORIENTED_EDGE('',*,*,#1637,.T.);
#2431=ORIENTED_EDGE('',*,*,#1836,.T.);
#2432=ORIENTED_EDGE('',*,*,#1711,.T.);
#2433=ORIENTED_EDGE('',*,*,#1837,.T.);
#2434=ORIENTED_EDGE('',*,*,#1836,.F.);
#2435=ORIENTED_EDGE('',*,*,#1636,.F.);
#2436=ORIENTED_EDGE('',*,*,#1838,.F.);
#2437=ORIENTED_EDGE('',*,*,#1712,.F.);
#2438=ORIENTED_EDGE('',*,*,#1635,.T.);
#2439=ORIENTED_EDGE('',*,*,#1839,.T.);
#2440=ORIENTED_EDGE('',*,*,#1713,.T.);
#2441=ORIENTED_EDGE('',*,*,#1838,.T.);
#2442=ORIENTED_EDGE('',*,*,#1839,.F.);
#2443=ORIENTED_EDGE('',*,*,#1634,.F.);
#2444=ORIENTED_EDGE('',*,*,#1840,.F.);
#2445=ORIENTED_EDGE('',*,*,#1714,.F.);
#2446=ORIENTED_EDGE('',*,*,#1633,.T.);
#2447=ORIENTED_EDGE('',*,*,#1703,.T.);
#2448=ORIENTED_EDGE('',*,*,#1715,.T.);
#2449=ORIENTED_EDGE('',*,*,#1840,.T.);
#2450=ORIENTED_EDGE('',*,*,#1639,.T.);
#2451=ORIENTED_EDGE('',*,*,#1841,.T.);
#2452=ORIENTED_EDGE('',*,*,#1709,.T.);
#2453=ORIENTED_EDGE('',*,*,#1701,.T.);
#2454=ORIENTED_EDGE('',*,*,#1837,.F.);
#2455=ORIENTED_EDGE('',*,*,#1710,.F.);
#2456=ORIENTED_EDGE('',*,*,#1841,.F.);
#2457=ORIENTED_EDGE('',*,*,#1638,.F.);
#2458=ORIENTED_EDGE('',*,*,#1796,.T.);
#2459=ORIENTED_EDGE('',*,*,#1842,.T.);
#2460=ORIENTED_EDGE('',*,*,#1843,.T.);
#2461=ORIENTED_EDGE('',*,*,#1844,.T.);
#2462=ORIENTED_EDGE('',*,*,#1795,.T.);
#2463=ORIENTED_EDGE('',*,*,#1845,.F.);
#2464=ORIENTED_EDGE('',*,*,#1846,.F.);
#2465=ORIENTED_EDGE('',*,*,#1842,.F.);
#2466=ORIENTED_EDGE('',*,*,#1793,.T.);
#2467=ORIENTED_EDGE('',*,*,#1800,.F.);
#2468=ORIENTED_EDGE('',*,*,#1847,.F.);
#2469=ORIENTED_EDGE('',*,*,#1848,.F.);
#2470=ORIENTED_EDGE('',*,*,#1786,.T.);
#2471=ORIENTED_EDGE('',*,*,#1849,.T.);
#2472=ORIENTED_EDGE('',*,*,#1850,.T.);
#2473=ORIENTED_EDGE('',*,*,#1809,.T.);
#2474=ORIENTED_EDGE('',*,*,#1794,.T.);
#2475=ORIENTED_EDGE('',*,*,#1848,.T.);
#2476=ORIENTED_EDGE('',*,*,#1851,.T.);
#2477=ORIENTED_EDGE('',*,*,#1845,.T.);
#2478=ORIENTED_EDGE('',*,*,#1783,.T.);
#2479=ORIENTED_EDGE('',*,*,#1813,.F.);
#2480=ORIENTED_EDGE('',*,*,#1852,.F.);
#2481=ORIENTED_EDGE('',*,*,#1853,.F.);
#2482=ORIENTED_EDGE('',*,*,#1778,.T.);
#2483=ORIENTED_EDGE('',*,*,#1854,.T.);
#2484=ORIENTED_EDGE('',*,*,#1855,.T.);
#2485=ORIENTED_EDGE('',*,*,#1818,.T.);
#2486=ORIENTED_EDGE('',*,*,#1784,.T.);
#2487=ORIENTED_EDGE('',*,*,#1853,.T.);
#2488=ORIENTED_EDGE('',*,*,#1856,.T.);
#2489=ORIENTED_EDGE('',*,*,#1857,.T.);
#2490=ORIENTED_EDGE('',*,*,#1828,.F.);
#2491=ORIENTED_EDGE('',*,*,#1653,.T.);
#2492=ORIENTED_EDGE('',*,*,#1685,.T.);
#2493=ORIENTED_EDGE('',*,*,#1681,.T.);
#2494=ORIENTED_EDGE('',*,*,#1673,.T.);
#2495=ORIENTED_EDGE('',*,*,#1695,.T.);
#2496=ORIENTED_EDGE('',*,*,#1697,.T.);
#2497=ORIENTED_EDGE('',*,*,#1700,.F.);
#2498=ORIENTED_EDGE('',*,*,#1858,.T.);
#2499=ORIENTED_EDGE('',*,*,#1859,.T.);
#2500=ORIENTED_EDGE('',*,*,#1860,.T.);
#2501=ORIENTED_EDGE('',*,*,#1861,.T.);
#2502=ORIENTED_EDGE('',*,*,#1862,.T.);
#2503=ORIENTED_EDGE('',*,*,#1863,.T.);
#2504=ORIENTED_EDGE('',*,*,#1864,.T.);
#2505=ORIENTED_EDGE('',*,*,#1865,.T.);
#2506=ORIENTED_EDGE('',*,*,#1866,.T.);
#2507=ORIENTED_EDGE('',*,*,#1856,.F.);
#2508=ORIENTED_EDGE('',*,*,#1852,.T.);
#2509=ORIENTED_EDGE('',*,*,#1812,.F.);
#2510=ORIENTED_EDGE('',*,*,#1815,.T.);
#2511=ORIENTED_EDGE('',*,*,#1817,.F.);
#2512=ORIENTED_EDGE('',*,*,#1819,.T.);
#2513=ORIENTED_EDGE('',*,*,#1855,.F.);
#2514=ORIENTED_EDGE('',*,*,#1867,.T.);
#2515=ORIENTED_EDGE('',*,*,#1843,.F.);
#2516=ORIENTED_EDGE('',*,*,#1846,.T.);
#2517=ORIENTED_EDGE('',*,*,#1851,.F.);
#2518=ORIENTED_EDGE('',*,*,#1847,.T.);
#2519=ORIENTED_EDGE('',*,*,#1799,.F.);
#2520=ORIENTED_EDGE('',*,*,#1802,.T.);
#2521=ORIENTED_EDGE('',*,*,#1804,.F.);
#2522=ORIENTED_EDGE('',*,*,#1806,.T.);
#2523=ORIENTED_EDGE('',*,*,#1808,.F.);
#2524=ORIENTED_EDGE('',*,*,#1810,.T.);
#2525=ORIENTED_EDGE('',*,*,#1850,.F.);
#2526=ORIENTED_EDGE('',*,*,#1868,.T.);
#2527=ORIENTED_EDGE('',*,*,#1869,.F.);
#2528=ORIENTED_EDGE('',*,*,#1870,.T.);
#2529=ORIENTED_EDGE('',*,*,#1770,.F.);
#2530=ORIENTED_EDGE('',*,*,#1773,.T.);
#2531=ORIENTED_EDGE('',*,*,#1775,.F.);
#2532=ORIENTED_EDGE('',*,*,#1777,.T.);
#2533=ORIENTED_EDGE('',*,*,#1871,.F.);
#2534=ORIENTED_EDGE('',*,*,#1761,.T.);
#2535=ORIENTED_EDGE('',*,*,#1872,.T.);
#2536=ORIENTED_EDGE('',*,*,#1871,.T.);
#2537=ORIENTED_EDGE('',*,*,#1776,.T.);
#2538=ORIENTED_EDGE('',*,*,#1768,.T.);
#2539=ORIENTED_EDGE('',*,*,#1873,.F.);
#2540=ORIENTED_EDGE('',*,*,#1868,.F.);
#2541=ORIENTED_EDGE('',*,*,#1872,.F.);
#2542=ORIENTED_EDGE('',*,*,#1767,.T.);
#2543=ORIENTED_EDGE('',*,*,#1874,.T.);
#2544=ORIENTED_EDGE('',*,*,#1869,.T.);
#2545=ORIENTED_EDGE('',*,*,#1873,.T.);
#2546=ORIENTED_EDGE('',*,*,#1766,.T.);
#2547=ORIENTED_EDGE('',*,*,#1771,.F.);
#2548=ORIENTED_EDGE('',*,*,#1870,.F.);
#2549=ORIENTED_EDGE('',*,*,#1874,.F.);
#2550=ORIENTED_EDGE('',*,*,#1785,.T.);
#2551=ORIENTED_EDGE('',*,*,#1857,.F.);
#2552=ORIENTED_EDGE('',*,*,#1866,.F.);
#2553=ORIENTED_EDGE('',*,*,#1854,.F.);
#2554=ORIENTED_EDGE('',*,*,#1875,.T.);
#2555=ORIENTED_EDGE('',*,*,#1876,.T.);
#2556=ORIENTED_EDGE('',*,*,#1877,.T.);
#2557=ORIENTED_EDGE('',*,*,#1752,.T.);
#2558=ORIENTED_EDGE('',*,*,#1876,.F.);
#2559=ORIENTED_EDGE('',*,*,#1878,.F.);
#2560=ORIENTED_EDGE('',*,*,#1879,.T.);
#2561=ORIENTED_EDGE('',*,*,#1860,.F.);
#2562=ORIENTED_EDGE('',*,*,#1880,.F.);
#2563=ORIENTED_EDGE('',*,*,#1881,.F.);
#2564=ORIENTED_EDGE('',*,*,#1882,.T.);
#2565=ORIENTED_EDGE('',*,*,#1883,.T.);
#2566=ORIENTED_EDGE('',*,*,#1884,.T.);
#2567=ORIENTED_EDGE('',*,*,#1748,.T.);
#2568=ORIENTED_EDGE('',*,*,#1883,.F.);
#2569=ORIENTED_EDGE('',*,*,#1885,.F.);
#2570=ORIENTED_EDGE('',*,*,#1886,.T.);
#2571=ORIENTED_EDGE('',*,*,#1862,.F.);
#2572=ORIENTED_EDGE('',*,*,#1887,.F.);
#2573=ORIENTED_EDGE('',*,*,#1888,.F.);
#2574=ORIENTED_EDGE('',*,*,#1889,.T.);
#2575=ORIENTED_EDGE('',*,*,#1890,.T.);
#2576=ORIENTED_EDGE('',*,*,#1891,.T.);
#2577=ORIENTED_EDGE('',*,*,#1892,.T.);
#2578=ORIENTED_EDGE('',*,*,#1890,.F.);
#2579=ORIENTED_EDGE('',*,*,#1893,.F.);
#2580=ORIENTED_EDGE('',*,*,#1894,.T.);
#2581=ORIENTED_EDGE('',*,*,#1657,.F.);
#2582=ORIENTED_EDGE('',*,*,#1895,.F.);
#2583=ORIENTED_EDGE('',*,*,#1896,.F.);
#2584=ORIENTED_EDGE('',*,*,#1897,.T.);
#2585=ORIENTED_EDGE('',*,*,#1898,.T.);
#2586=ORIENTED_EDGE('',*,*,#1899,.T.);
#2587=ORIENTED_EDGE('',*,*,#1900,.T.);
#2588=ORIENTED_EDGE('',*,*,#1898,.F.);
#2589=ORIENTED_EDGE('',*,*,#1901,.F.);
#2590=ORIENTED_EDGE('',*,*,#1902,.T.);
#2591=ORIENTED_EDGE('',*,*,#1660,.F.);
#2592=ORIENTED_EDGE('',*,*,#1903,.F.);
#2593=ORIENTED_EDGE('',*,*,#1904,.F.);
#2594=ORIENTED_EDGE('',*,*,#1905,.T.);
#2595=ORIENTED_EDGE('',*,*,#1906,.T.);
#2596=ORIENTED_EDGE('',*,*,#1907,.T.);
#2597=ORIENTED_EDGE('',*,*,#1746,.T.);
#2598=ORIENTED_EDGE('',*,*,#1906,.F.);
#2599=ORIENTED_EDGE('',*,*,#1908,.T.);
#2600=ORIENTED_EDGE('',*,*,#1864,.F.);
#2601=ORIENTED_EDGE('',*,*,#1909,.F.);
#2602=ORIENTED_EDGE('',*,*,#1910,.T.);
#2603=ORIENTED_EDGE('',*,*,#1911,.T.);
#2604=ORIENTED_EDGE('',*,*,#1912,.T.);
#2605=ORIENTED_EDGE('',*,*,#1750,.T.);
#2606=ORIENTED_EDGE('',*,*,#1911,.F.);
#2607=ORIENTED_EDGE('',*,*,#1913,.T.);
#2608=ORIENTED_EDGE('',*,*,#1858,.F.);
#2609=ORIENTED_EDGE('',*,*,#1914,.F.);
#2610=ORIENTED_EDGE('',*,*,#1915,.T.);
#2611=ORIENTED_EDGE('',*,*,#1916,.T.);
#2612=ORIENTED_EDGE('',*,*,#1917,.T.);
#2613=ORIENTED_EDGE('',*,*,#1918,.T.);
#2614=ORIENTED_EDGE('',*,*,#1916,.F.);
#2615=ORIENTED_EDGE('',*,*,#1919,.T.);
#2616=ORIENTED_EDGE('',*,*,#1658,.F.);
#2617=ORIENTED_EDGE('',*,*,#1920,.F.);
#2618=ORIENTED_EDGE('',*,*,#1921,.T.);
#2619=ORIENTED_EDGE('',*,*,#1922,.T.);
#2620=ORIENTED_EDGE('',*,*,#1923,.T.);
#2621=ORIENTED_EDGE('',*,*,#1924,.T.);
#2622=ORIENTED_EDGE('',*,*,#1922,.F.);
#2623=ORIENTED_EDGE('',*,*,#1925,.T.);
#2624=ORIENTED_EDGE('',*,*,#1655,.F.);
#2625=ORIENTED_EDGE('',*,*,#1926,.F.);
#2626=ORIENTED_EDGE('',*,*,#1927,.T.);
#2627=ORIENTED_EDGE('',*,*,#1901,.T.);
#2628=ORIENTED_EDGE('',*,*,#1897,.F.);
#2629=ORIENTED_EDGE('',*,*,#1928,.T.);
#2630=ORIENTED_EDGE('',*,*,#1917,.F.);
#2631=ORIENTED_EDGE('',*,*,#1927,.F.);
#2632=ORIENTED_EDGE('',*,*,#1920,.T.);
#2633=ORIENTED_EDGE('',*,*,#1661,.F.);
#2634=ORIENTED_EDGE('',*,*,#1902,.F.);
#2635=ORIENTED_EDGE('',*,*,#1896,.T.);
#2636=ORIENTED_EDGE('',*,*,#1929,.T.);
#2637=ORIENTED_EDGE('',*,*,#1921,.F.);
#2638=ORIENTED_EDGE('',*,*,#1930,.T.);
#2639=ORIENTED_EDGE('',*,*,#1891,.F.);
#2640=ORIENTED_EDGE('',*,*,#1929,.F.);
#2641=ORIENTED_EDGE('',*,*,#1895,.T.);
#2642=ORIENTED_EDGE('',*,*,#1656,.F.);
#2643=ORIENTED_EDGE('',*,*,#1925,.F.);
#2644=ORIENTED_EDGE('',*,*,#1931,.T.);
#2645=ORIENTED_EDGE('',*,*,#1893,.T.);
#2646=ORIENTED_EDGE('',*,*,#1889,.F.);
#2647=ORIENTED_EDGE('',*,*,#1932,.T.);
#2648=ORIENTED_EDGE('',*,*,#1923,.F.);
#2649=ORIENTED_EDGE('',*,*,#1931,.F.);
#2650=ORIENTED_EDGE('',*,*,#1926,.T.);
#2651=ORIENTED_EDGE('',*,*,#1654,.F.);
#2652=ORIENTED_EDGE('',*,*,#1894,.F.);
#2653=ORIENTED_EDGE('',*,*,#1904,.T.);
#2654=ORIENTED_EDGE('',*,*,#1933,.T.);
#2655=ORIENTED_EDGE('',*,*,#1915,.F.);
#2656=ORIENTED_EDGE('',*,*,#1934,.T.);
#2657=ORIENTED_EDGE('',*,*,#1899,.F.);
#2658=ORIENTED_EDGE('',*,*,#1933,.F.);
#2659=ORIENTED_EDGE('',*,*,#1903,.T.);
#2660=ORIENTED_EDGE('',*,*,#1659,.F.);
#2661=ORIENTED_EDGE('',*,*,#1919,.F.);
#2662=ORIENTED_EDGE('',*,*,#1881,.T.);
#2663=ORIENTED_EDGE('',*,*,#1935,.T.);
#2664=ORIENTED_EDGE('',*,*,#1910,.F.);
#2665=ORIENTED_EDGE('',*,*,#1749,.T.);
#2666=ORIENTED_EDGE('',*,*,#1877,.F.);
#2667=ORIENTED_EDGE('',*,*,#1935,.F.);
#2668=ORIENTED_EDGE('',*,*,#1880,.T.);
#2669=ORIENTED_EDGE('',*,*,#1859,.F.);
#2670=ORIENTED_EDGE('',*,*,#1913,.F.);
#2671=ORIENTED_EDGE('',*,*,#1936,.T.);
#2672=ORIENTED_EDGE('',*,*,#1885,.T.);
#2673=ORIENTED_EDGE('',*,*,#1882,.F.);
#2674=ORIENTED_EDGE('',*,*,#1747,.T.);
#2675=ORIENTED_EDGE('',*,*,#1907,.F.);
#2676=ORIENTED_EDGE('',*,*,#1936,.F.);
#2677=ORIENTED_EDGE('',*,*,#1909,.T.);
#2678=ORIENTED_EDGE('',*,*,#1863,.F.);
#2679=ORIENTED_EDGE('',*,*,#1886,.F.);
#2680=ORIENTED_EDGE('',*,*,#1888,.T.);
#2681=ORIENTED_EDGE('',*,*,#1937,.T.);
#2682=ORIENTED_EDGE('',*,*,#1905,.F.);
#2683=ORIENTED_EDGE('',*,*,#1745,.T.);
#2684=ORIENTED_EDGE('',*,*,#1884,.F.);
#2685=ORIENTED_EDGE('',*,*,#1937,.F.);
#2686=ORIENTED_EDGE('',*,*,#1887,.T.);
#2687=ORIENTED_EDGE('',*,*,#1865,.F.);
#2688=ORIENTED_EDGE('',*,*,#1908,.F.);
#2689=ORIENTED_EDGE('',*,*,#1938,.T.);
#2690=ORIENTED_EDGE('',*,*,#1878,.T.);
#2691=ORIENTED_EDGE('',*,*,#1875,.F.);
#2692=ORIENTED_EDGE('',*,*,#1751,.T.);
#2693=ORIENTED_EDGE('',*,*,#1912,.F.);
#2694=ORIENTED_EDGE('',*,*,#1938,.F.);
#2695=ORIENTED_EDGE('',*,*,#1914,.T.);
#2696=ORIENTED_EDGE('',*,*,#1861,.F.);
#2697=ORIENTED_EDGE('',*,*,#1879,.F.);
#2698=ORIENTED_EDGE('',*,*,#1797,.T.);
#2699=ORIENTED_EDGE('',*,*,#1844,.F.);
#2700=ORIENTED_EDGE('',*,*,#1867,.F.);
#2701=ORIENTED_EDGE('',*,*,#1849,.F.);
#2702=ORIENTED_EDGE('',*,*,#1822,.F.);
#2703=ORIENTED_EDGE('',*,*,#1939,.T.);
#2704=ORIENTED_EDGE('',*,*,#1833,.F.);
#2705=ORIENTED_EDGE('',*,*,#1823,.F.);
#2706=ORIENTED_EDGE('',*,*,#1930,.F.);
#2707=ORIENTED_EDGE('',*,*,#1924,.F.);
#2708=ORIENTED_EDGE('',*,*,#1932,.F.);
#2709=ORIENTED_EDGE('',*,*,#1892,.F.);
#2710=ORIENTED_EDGE('',*,*,#1934,.F.);
#2711=ORIENTED_EDGE('',*,*,#1918,.F.);
#2712=ORIENTED_EDGE('',*,*,#1928,.F.);
#2713=ORIENTED_EDGE('',*,*,#1900,.F.);
#2714=ORIENTED_EDGE('',*,*,#1821,.F.);
#2715=ORIENTED_EDGE('',*,*,#1736,.F.);
#2716=ORIENTED_EDGE('',*,*,#1734,.F.);
#2717=ORIENTED_EDGE('',*,*,#1740,.F.);
#2718=ORIENTED_EDGE('',*,*,#1830,.F.);
#2719=ORIENTED_EDGE('',*,*,#1832,.F.);
#2720=ORIENTED_EDGE('',*,*,#1835,.F.);
#2721=ORIENTED_EDGE('',*,*,#1706,.F.);
#2722=ORIENTED_EDGE('',*,*,#1834,.F.);
#2723=ORIENTED_EDGE('',*,*,#1939,.F.);
#2724=ORIENTED_EDGE('',*,*,#1940,.T.);
#2725=ORIENTED_EDGE('',*,*,#1941,.T.);
#2726=ORIENTED_EDGE('',*,*,#1942,.T.);
#2727=ORIENTED_EDGE('',*,*,#1943,.T.);
#2728=ORIENTED_EDGE('',*,*,#1941,.F.);
#2729=ORIENTED_EDGE('',*,*,#1944,.F.);
#2730=ORIENTED_EDGE('',*,*,#1945,.F.);
#2731=ORIENTED_EDGE('',*,*,#1946,.T.);
#2732=ORIENTED_EDGE('',*,*,#1947,.T.);
#2733=ORIENTED_EDGE('',*,*,#1948,.T.);
#2734=ORIENTED_EDGE('',*,*,#1949,.T.);
#2735=ORIENTED_EDGE('',*,*,#1950,.T.);
#2736=ORIENTED_EDGE('',*,*,#1948,.F.);
#2737=ORIENTED_EDGE('',*,*,#1951,.F.);
#2738=ORIENTED_EDGE('',*,*,#1952,.F.);
#2739=ORIENTED_EDGE('',*,*,#1953,.F.);
#2740=ORIENTED_EDGE('',*,*,#1954,.T.);
#2741=ORIENTED_EDGE('',*,*,#1955,.T.);
#2742=ORIENTED_EDGE('',*,*,#1956,.T.);
#2743=ORIENTED_EDGE('',*,*,#1957,.T.);
#2744=ORIENTED_EDGE('',*,*,#1955,.F.);
#2745=ORIENTED_EDGE('',*,*,#1958,.F.);
#2746=ORIENTED_EDGE('',*,*,#1959,.F.);
#2747=ORIENTED_EDGE('',*,*,#1960,.T.);
#2748=ORIENTED_EDGE('',*,*,#1961,.T.);
#2749=ORIENTED_EDGE('',*,*,#1962,.T.);
#2750=ORIENTED_EDGE('',*,*,#1963,.T.);
#2751=ORIENTED_EDGE('',*,*,#1964,.T.);
#2752=ORIENTED_EDGE('',*,*,#1962,.F.);
#2753=ORIENTED_EDGE('',*,*,#1965,.T.);
#2754=ORIENTED_EDGE('',*,*,#1966,.F.);
#2755=ORIENTED_EDGE('',*,*,#1967,.T.);
#2756=ORIENTED_EDGE('',*,*,#1950,.F.);
#2757=ORIENTED_EDGE('',*,*,#1968,.F.);
#2758=ORIENTED_EDGE('',*,*,#1969,.F.);
#2759=ORIENTED_EDGE('',*,*,#1970,.F.);
#2760=ORIENTED_EDGE('',*,*,#1964,.F.);
#2761=ORIENTED_EDGE('',*,*,#1971,.F.);
#2762=ORIENTED_EDGE('',*,*,#1972,.F.);
#2763=ORIENTED_EDGE('',*,*,#1973,.F.);
#2764=ORIENTED_EDGE('',*,*,#1946,.F.);
#2765=ORIENTED_EDGE('',*,*,#1974,.F.);
#2766=ORIENTED_EDGE('',*,*,#1951,.T.);
#2767=ORIENTED_EDGE('',*,*,#1947,.F.);
#2768=ORIENTED_EDGE('',*,*,#1970,.T.);
#2769=ORIENTED_EDGE('',*,*,#1975,.F.);
#2770=ORIENTED_EDGE('',*,*,#1976,.F.);
#2771=ORIENTED_EDGE('',*,*,#1977,.F.);
#2772=ORIENTED_EDGE('',*,*,#1978,.F.);
#2773=ORIENTED_EDGE('',*,*,#1979,.F.);
#2774=ORIENTED_EDGE('',*,*,#1980,.T.);
#2775=ORIENTED_EDGE('',*,*,#1956,.F.);
#2776=ORIENTED_EDGE('',*,*,#1960,.F.);
#2777=ORIENTED_EDGE('',*,*,#1981,.F.);
#2778=ORIENTED_EDGE('',*,*,#1965,.F.);
#2779=ORIENTED_EDGE('',*,*,#1961,.F.);
#2780=ORIENTED_EDGE('',*,*,#1973,.T.);
#2781=ORIENTED_EDGE('',*,*,#1982,.T.);
#2782=ORIENTED_EDGE('',*,*,#1983,.T.);
#2783=ORIENTED_EDGE('',*,*,#1942,.F.);
#2784=ORIENTED_EDGE('',*,*,#1953,.T.);
#2785=ORIENTED_EDGE('',*,*,#1984,.F.);
#2786=ORIENTED_EDGE('',*,*,#1944,.T.);
#2787=ORIENTED_EDGE('',*,*,#1940,.F.);
#2788=ORIENTED_EDGE('',*,*,#1985,.T.);
#2789=ORIENTED_EDGE('',*,*,#1986,.T.);
#2790=ORIENTED_EDGE('',*,*,#1971,.T.);
#2791=ORIENTED_EDGE('',*,*,#1963,.F.);
#2792=ORIENTED_EDGE('',*,*,#1967,.F.);
#2793=ORIENTED_EDGE('',*,*,#1987,.F.);
#2794=ORIENTED_EDGE('',*,*,#1958,.T.);
#2795=ORIENTED_EDGE('',*,*,#1954,.F.);
#2796=ORIENTED_EDGE('',*,*,#1988,.T.);
#2797=ORIENTED_EDGE('',*,*,#1989,.F.);
#2798=ORIENTED_EDGE('',*,*,#1990,.F.);
#2799=ORIENTED_EDGE('',*,*,#1991,.F.);
#2800=ORIENTED_EDGE('',*,*,#1992,.F.);
#2801=ORIENTED_EDGE('',*,*,#1993,.F.);
#2802=ORIENTED_EDGE('',*,*,#1968,.T.);
#2803=ORIENTED_EDGE('',*,*,#1949,.F.);
#2804=ORIENTED_EDGE('',*,*,#1943,.F.);
#2805=ORIENTED_EDGE('',*,*,#1983,.F.);
#2806=ORIENTED_EDGE('',*,*,#1994,.F.);
#2807=ORIENTED_EDGE('',*,*,#1985,.F.);
#2808=ORIENTED_EDGE('',*,*,#1992,.T.);
#2809=ORIENTED_EDGE('',*,*,#1995,.T.);
#2810=ORIENTED_EDGE('',*,*,#1996,.F.);
#2811=ORIENTED_EDGE('',*,*,#1997,.F.);
#2812=ORIENTED_EDGE('',*,*,#1976,.T.);
#2813=ORIENTED_EDGE('',*,*,#1998,.F.);
#2814=ORIENTED_EDGE('',*,*,#1999,.F.);
#2815=ORIENTED_EDGE('',*,*,#2000,.T.);
#2816=ORIENTED_EDGE('',*,*,#1993,.T.);
#2817=ORIENTED_EDGE('',*,*,#1997,.T.);
#2818=ORIENTED_EDGE('',*,*,#2001,.F.);
#2819=ORIENTED_EDGE('',*,*,#2002,.F.);
#2820=ORIENTED_EDGE('',*,*,#1975,.T.);
#2821=ORIENTED_EDGE('',*,*,#2003,.F.);
#2822=ORIENTED_EDGE('',*,*,#2004,.T.);
#2823=ORIENTED_EDGE('',*,*,#1998,.T.);
#2824=ORIENTED_EDGE('',*,*,#1957,.F.);
#2825=ORIENTED_EDGE('',*,*,#1980,.F.);
#2826=ORIENTED_EDGE('',*,*,#2005,.T.);
#2827=ORIENTED_EDGE('',*,*,#1988,.F.);
#2828=ORIENTED_EDGE('',*,*,#1989,.T.);
#2829=ORIENTED_EDGE('',*,*,#2006,.T.);
#2830=ORIENTED_EDGE('',*,*,#2007,.F.);
#2831=ORIENTED_EDGE('',*,*,#2008,.T.);
#2832=ORIENTED_EDGE('',*,*,#1979,.T.);
#2833=ORIENTED_EDGE('',*,*,#2009,.T.);
#2834=ORIENTED_EDGE('',*,*,#2010,.T.);
#2835=ORIENTED_EDGE('',*,*,#2011,.T.);
#2836=ORIENTED_EDGE('',*,*,#1990,.T.);
#2837=ORIENTED_EDGE('',*,*,#2008,.F.);
#2838=ORIENTED_EDGE('',*,*,#2012,.F.);
#2839=ORIENTED_EDGE('',*,*,#2013,.F.);
#2840=ORIENTED_EDGE('',*,*,#1978,.T.);
#2841=ORIENTED_EDGE('',*,*,#2014,.F.);
#2842=ORIENTED_EDGE('',*,*,#2015,.T.);
#2843=ORIENTED_EDGE('',*,*,#2009,.F.);
#2844=ORIENTED_EDGE('',*,*,#1982,.F.);
#2845=ORIENTED_EDGE('',*,*,#1972,.T.);
#2846=ORIENTED_EDGE('',*,*,#1986,.F.);
#2847=ORIENTED_EDGE('',*,*,#1994,.T.);
#2848=ORIENTED_EDGE('',*,*,#1977,.T.);
#2849=ORIENTED_EDGE('',*,*,#2000,.F.);
#2850=ORIENTED_EDGE('',*,*,#2016,.T.);
#2851=ORIENTED_EDGE('',*,*,#2014,.T.);
#2852=ORIENTED_EDGE('',*,*,#1991,.T.);
#2853=ORIENTED_EDGE('',*,*,#2013,.T.);
#2854=ORIENTED_EDGE('',*,*,#2017,.F.);
#2855=ORIENTED_EDGE('',*,*,#1995,.F.);
#2856=ORIENTED_EDGE('',*,*,#2012,.T.);
#2857=ORIENTED_EDGE('',*,*,#2007,.T.);
#2858=ORIENTED_EDGE('',*,*,#2018,.T.);
#2859=ORIENTED_EDGE('',*,*,#2019,.T.);
#2860=ORIENTED_EDGE('',*,*,#2020,.T.);
#2861=ORIENTED_EDGE('',*,*,#2021,.T.);
#2862=ORIENTED_EDGE('',*,*,#2022,.T.);
#2863=ORIENTED_EDGE('',*,*,#2023,.T.);
#2864=ORIENTED_EDGE('',*,*,#2024,.T.);
#2865=ORIENTED_EDGE('',*,*,#2001,.T.);
#2866=ORIENTED_EDGE('',*,*,#1996,.T.);
#2867=ORIENTED_EDGE('',*,*,#2017,.T.);
#2868=ORIENTED_EDGE('',*,*,#2025,.T.);
#2869=ORIENTED_EDGE('',*,*,#2026,.T.);
#2870=ORIENTED_EDGE('',*,*,#2023,.F.);
#2871=ORIENTED_EDGE('',*,*,#2027,.F.);
#2872=ORIENTED_EDGE('',*,*,#1952,.T.);
#2873=ORIENTED_EDGE('',*,*,#1974,.T.);
#2874=ORIENTED_EDGE('',*,*,#1945,.T.);
#2875=ORIENTED_EDGE('',*,*,#1984,.T.);
#2876=ORIENTED_EDGE('',*,*,#2028,.F.);
#2877=ORIENTED_EDGE('',*,*,#2027,.T.);
#2878=ORIENTED_EDGE('',*,*,#2022,.F.);
#2879=ORIENTED_EDGE('',*,*,#2029,.F.);
#2880=ORIENTED_EDGE('',*,*,#2030,.T.);
#2881=ORIENTED_EDGE('',*,*,#2029,.T.);
#2882=ORIENTED_EDGE('',*,*,#2021,.F.);
#2883=ORIENTED_EDGE('',*,*,#2031,.F.);
#2884=ORIENTED_EDGE('',*,*,#2032,.F.);
#2885=ORIENTED_EDGE('',*,*,#2031,.T.);
#2886=ORIENTED_EDGE('',*,*,#2020,.F.);
#2887=ORIENTED_EDGE('',*,*,#2033,.F.);
#2888=ORIENTED_EDGE('',*,*,#2034,.T.);
#2889=ORIENTED_EDGE('',*,*,#2033,.T.);
#2890=ORIENTED_EDGE('',*,*,#2019,.F.);
#2891=ORIENTED_EDGE('',*,*,#2035,.F.);
#2892=ORIENTED_EDGE('',*,*,#1981,.T.);
#2893=ORIENTED_EDGE('',*,*,#1959,.T.);
#2894=ORIENTED_EDGE('',*,*,#1987,.T.);
#2895=ORIENTED_EDGE('',*,*,#1966,.T.);
#2896=ORIENTED_EDGE('',*,*,#2036,.F.);
#2897=ORIENTED_EDGE('',*,*,#2035,.T.);
#2898=ORIENTED_EDGE('',*,*,#2018,.F.);
#2899=ORIENTED_EDGE('',*,*,#2006,.F.);
#2900=ORIENTED_EDGE('',*,*,#2005,.F.);
#2901=ORIENTED_EDGE('',*,*,#2011,.F.);
#2902=ORIENTED_EDGE('',*,*,#2037,.F.);
#2903=ORIENTED_EDGE('',*,*,#2003,.T.);
#2904=ORIENTED_EDGE('',*,*,#1969,.T.);
#2905=ORIENTED_EDGE('',*,*,#2002,.T.);
#2906=ORIENTED_EDGE('',*,*,#2024,.F.);
#2907=ORIENTED_EDGE('',*,*,#2026,.F.);
#2908=ORIENTED_EDGE('',*,*,#2015,.F.);
#2909=ORIENTED_EDGE('',*,*,#2016,.F.);
#2910=ORIENTED_EDGE('',*,*,#1999,.T.);
#2911=ORIENTED_EDGE('',*,*,#2004,.F.);
#2912=ORIENTED_EDGE('',*,*,#2037,.T.);
#2913=ORIENTED_EDGE('',*,*,#2025,.F.);
#2914=ORIENTED_EDGE('',*,*,#2028,.T.);
#2915=ORIENTED_EDGE('',*,*,#2030,.F.);
#2916=ORIENTED_EDGE('',*,*,#2032,.T.);
#2917=ORIENTED_EDGE('',*,*,#2034,.F.);
#2918=ORIENTED_EDGE('',*,*,#2036,.T.);
#2919=ORIENTED_EDGE('',*,*,#2010,.F.);
#2920=ORIENTED_EDGE('',*,*,#2038,.F.);
#2921=ORIENTED_EDGE('',*,*,#2039,.F.);
#2922=ORIENTED_EDGE('',*,*,#2040,.F.);
#2923=ORIENTED_EDGE('',*,*,#2041,.F.);
#2924=ORIENTED_EDGE('',*,*,#2038,.T.);
#2925=ORIENTED_EDGE('',*,*,#2042,.F.);
#2926=ORIENTED_EDGE('',*,*,#2043,.T.);
#2927=ORIENTED_EDGE('',*,*,#2044,.T.);
#2928=ORIENTED_EDGE('',*,*,#2045,.T.);
#2929=ORIENTED_EDGE('',*,*,#2046,.T.);
#2930=ORIENTED_EDGE('',*,*,#2047,.F.);
#2931=ORIENTED_EDGE('',*,*,#2048,.F.);
#2932=ORIENTED_EDGE('',*,*,#2049,.T.);
#2933=ORIENTED_EDGE('',*,*,#2050,.T.);
#2934=ORIENTED_EDGE('',*,*,#2051,.T.);
#2935=ORIENTED_EDGE('',*,*,#2052,.T.);
#2936=ORIENTED_EDGE('',*,*,#2041,.T.);
#2937=ORIENTED_EDGE('',*,*,#2053,.F.);
#2938=ORIENTED_EDGE('',*,*,#2054,.F.);
#2939=ORIENTED_EDGE('',*,*,#2042,.T.);
#2940=ORIENTED_EDGE('',*,*,#2055,.T.);
#2941=ORIENTED_EDGE('',*,*,#2056,.T.);
#2942=ORIENTED_EDGE('',*,*,#2057,.T.);
#2943=ORIENTED_EDGE('',*,*,#2058,.F.);
#2944=ORIENTED_EDGE('',*,*,#2056,.F.);
#2945=ORIENTED_EDGE('',*,*,#2059,.T.);
#2946=ORIENTED_EDGE('',*,*,#2060,.F.);
#2947=ORIENTED_EDGE('',*,*,#2061,.T.);
#2948=ORIENTED_EDGE('',*,*,#2055,.F.);
#2949=ORIENTED_EDGE('',*,*,#2062,.F.);
#2950=ORIENTED_EDGE('',*,*,#2063,.F.);
#2951=ORIENTED_EDGE('',*,*,#2064,.T.);
#2952=ORIENTED_EDGE('',*,*,#2065,.F.);
#2953=ORIENTED_EDGE('',*,*,#2066,.F.);
#2954=ORIENTED_EDGE('',*,*,#2067,.F.);
#2955=ORIENTED_EDGE('',*,*,#2068,.T.);
#2956=ORIENTED_EDGE('',*,*,#2049,.F.);
#2957=ORIENTED_EDGE('',*,*,#2069,.T.);
#2958=ORIENTED_EDGE('',*,*,#2070,.T.);
#2959=ORIENTED_EDGE('',*,*,#2071,.T.);
#2960=ORIENTED_EDGE('',*,*,#2045,.F.);
#2961=ORIENTED_EDGE('',*,*,#2072,.F.);
#2962=ORIENTED_EDGE('',*,*,#2073,.F.);
#2963=ORIENTED_EDGE('',*,*,#2059,.F.);
#2964=ORIENTED_EDGE('',*,*,#2074,.T.);
#2965=ORIENTED_EDGE('',*,*,#2060,.T.);
#2966=ORIENTED_EDGE('',*,*,#2073,.T.);
#2967=ORIENTED_EDGE('',*,*,#2075,.F.);
#2968=ORIENTED_EDGE('',*,*,#2076,.T.);
#2969=ORIENTED_EDGE('',*,*,#2077,.T.);
#2970=ORIENTED_EDGE('',*,*,#2065,.T.);
#2971=ORIENTED_EDGE('',*,*,#2078,.F.);
#2972=ORIENTED_EDGE('',*,*,#2077,.F.);
#2973=ORIENTED_EDGE('',*,*,#2079,.T.);
#2974=ORIENTED_EDGE('',*,*,#2080,.F.);
#2975=ORIENTED_EDGE('',*,*,#2066,.T.);
#2976=ORIENTED_EDGE('',*,*,#2067,.T.);
#2977=ORIENTED_EDGE('',*,*,#2080,.T.);
#2978=ORIENTED_EDGE('',*,*,#2081,.T.);
#2979=ORIENTED_EDGE('',*,*,#2082,.F.);
#2980=ORIENTED_EDGE('',*,*,#2058,.T.);
#2981=ORIENTED_EDGE('',*,*,#2083,.F.);
#2982=ORIENTED_EDGE('',*,*,#2084,.T.);
#2983=ORIENTED_EDGE('',*,*,#2062,.T.);
#2984=ORIENTED_EDGE('',*,*,#2082,.T.);
#2985=ORIENTED_EDGE('',*,*,#2085,.T.);
#2986=ORIENTED_EDGE('',*,*,#2050,.F.);
#2987=ORIENTED_EDGE('',*,*,#2068,.F.);
#2988=ORIENTED_EDGE('',*,*,#2078,.T.);
#2989=ORIENTED_EDGE('',*,*,#2064,.F.);
#2990=ORIENTED_EDGE('',*,*,#2086,.T.);
#2991=ORIENTED_EDGE('',*,*,#2087,.T.);
#2992=ORIENTED_EDGE('',*,*,#2040,.T.);
#2993=ORIENTED_EDGE('',*,*,#2088,.F.);
#2994=ORIENTED_EDGE('',*,*,#2089,.F.);
#2995=ORIENTED_EDGE('',*,*,#2053,.T.);
#2996=ORIENTED_EDGE('',*,*,#2039,.T.);
#2997=ORIENTED_EDGE('',*,*,#2052,.F.);
#2998=ORIENTED_EDGE('',*,*,#2090,.F.);
#2999=ORIENTED_EDGE('',*,*,#2088,.T.);
#3000=ORIENTED_EDGE('',*,*,#2071,.F.);
#3001=ORIENTED_EDGE('',*,*,#2091,.T.);
#3002=ORIENTED_EDGE('',*,*,#2092,.F.);
#3003=ORIENTED_EDGE('',*,*,#2046,.F.);
#3004=ORIENTED_EDGE('',*,*,#2075,.T.);
#3005=ORIENTED_EDGE('',*,*,#2072,.T.);
#3006=ORIENTED_EDGE('',*,*,#2044,.F.);
#3007=ORIENTED_EDGE('',*,*,#2093,.F.);
#3008=ORIENTED_EDGE('',*,*,#2057,.F.);
#3009=ORIENTED_EDGE('',*,*,#2061,.F.);
#3010=ORIENTED_EDGE('',*,*,#2074,.F.);
#3011=ORIENTED_EDGE('',*,*,#2093,.T.);
#3012=ORIENTED_EDGE('',*,*,#2043,.F.);
#3013=ORIENTED_EDGE('',*,*,#2054,.T.);
#3014=ORIENTED_EDGE('',*,*,#2089,.T.);
#3015=ORIENTED_EDGE('',*,*,#2090,.T.);
#3016=ORIENTED_EDGE('',*,*,#2051,.F.);
#3017=ORIENTED_EDGE('',*,*,#2085,.F.);
#3018=ORIENTED_EDGE('',*,*,#2081,.F.);
#3019=ORIENTED_EDGE('',*,*,#2079,.F.);
#3020=ORIENTED_EDGE('',*,*,#2076,.F.);
#3021=ORIENTED_EDGE('',*,*,#2087,.F.);
#3022=ORIENTED_EDGE('',*,*,#2094,.F.);
#3023=ORIENTED_EDGE('',*,*,#2083,.T.);
#3024=ORIENTED_EDGE('',*,*,#2070,.F.);
#3025=ORIENTED_EDGE('',*,*,#2095,.T.);
#3026=ORIENTED_EDGE('',*,*,#2096,.F.);
#3027=ORIENTED_EDGE('',*,*,#2091,.F.);
#3028=ORIENTED_EDGE('',*,*,#2097,.F.);
#3029=ORIENTED_EDGE('',*,*,#2095,.F.);
#3030=ORIENTED_EDGE('',*,*,#2069,.F.);
#3031=ORIENTED_EDGE('',*,*,#2048,.T.);
#3032=ORIENTED_EDGE('',*,*,#2092,.T.);
#3033=ORIENTED_EDGE('',*,*,#2096,.T.);
#3034=ORIENTED_EDGE('',*,*,#2097,.T.);
#3035=ORIENTED_EDGE('',*,*,#2047,.T.);
#3036=ORIENTED_EDGE('',*,*,#2094,.T.);
#3037=ORIENTED_EDGE('',*,*,#2086,.F.);
#3038=ORIENTED_EDGE('',*,*,#2063,.T.);
#3039=ORIENTED_EDGE('',*,*,#2084,.F.);
#3040=PLANE('',#3366);
#3041=PLANE('',#3371);
#3042=PLANE('',#3372);
#3043=PLANE('',#3373);
#3044=PLANE('',#3374);
#3045=PLANE('',#3376);
#3046=PLANE('',#3377);
#3047=PLANE('',#3378);
#3048=PLANE('',#3379);
#3049=PLANE('',#3381);
#3050=PLANE('',#3382);
#3051=PLANE('',#3383);
#3052=PLANE('',#3385);
#3053=PLANE('',#3386);
#3054=PLANE('',#3387);
#3055=PLANE('',#3389);
#3056=PLANE('',#3390);
#3057=PLANE('',#3391);
#3058=PLANE('',#3392);
#3059=PLANE('',#3397);
#3060=PLANE('',#3399);
#3061=PLANE('',#3401);
#3062=PLANE('',#3403);
#3063=PLANE('',#3409);
#3064=PLANE('',#3410);
#3065=PLANE('',#3411);
#3066=PLANE('',#3412);
#3067=PLANE('',#3413);
#3068=PLANE('',#3414);
#3069=PLANE('',#3415);
#3070=PLANE('',#3416);
#3071=PLANE('',#3417);
#3072=PLANE('',#3418);
#3073=PLANE('',#3425);
#3074=PLANE('',#3428);
#3075=PLANE('',#3429);
#3076=PLANE('',#3442);
#3077=PLANE('',#3445);
#3078=PLANE('',#3448);
#3079=PLANE('',#3451);
#3080=PLANE('',#3454);
#3081=PLANE('',#3458);
#3082=PLANE('',#3464);
#3083=PLANE('',#3470);
#3084=PLANE('',#3472);
#3085=PLANE('',#3475);
#3086=PLANE('',#3478);
#3087=PLANE('',#3479);
#3088=PLANE('',#3484);
#3089=PLANE('',#3489);
#3090=PLANE('',#3493);
#3091=PLANE('',#3495);
#3092=PLANE('',#3496);
#3093=PLANE('',#3497);
#3094=PLANE('',#3498);
#3095=PLANE('',#3499);
#3096=PLANE('',#3500);
#3097=PLANE('',#3501);
#3098=PLANE('',#3502);
#3099=PLANE('',#3503);
#3100=PLANE('',#3504);
#3101=PLANE('',#3505);
#3102=PLANE('',#3506);
#3103=PLANE('',#3507);
#3104=PLANE('',#3508);
#3105=PLANE('',#3509);
#3106=PLANE('',#3510);
#3107=PLANE('',#3511);
#3108=PLANE('',#3512);
#3109=PLANE('',#3513);
#3110=PLANE('',#3514);
#3111=PLANE('',#3515);
#3112=PLANE('',#3516);
#3113=PLANE('',#3517);
#3114=PLANE('',#3518);
#3115=PLANE('',#3519);
#3116=PLANE('',#3520);
#3117=PLANE('',#3521);
#3118=PLANE('',#3522);
#3119=PLANE('',#3523);
#3120=PLANE('',#3524);
#3121=PLANE('',#3525);
#3122=PLANE('',#3526);
#3123=PLANE('',#3527);
#3124=PLANE('',#3528);
#3125=PLANE('',#3529);
#3126=PLANE('',#3530);
#3127=PLANE('',#3531);
#3128=PLANE('',#3532);
#3129=PLANE('',#3533);
#3130=PLANE('',#3534);
#3131=PLANE('',#3535);
#3132=PLANE('',#3536);
#3133=PLANE('',#3537);
#3134=PLANE('',#3538);
#3135=PLANE('',#3539);
#3136=PLANE('',#3540);
#3137=PLANE('',#3541);
#3138=PLANE('',#3542);
#3139=PLANE('',#3543);
#3140=PLANE('',#3544);
#3141=PLANE('',#3545);
#3142=PLANE('',#3546);
#3143=PLANE('',#3547);
#3144=PLANE('',#3548);
#3145=PLANE('',#3549);
#3146=PLANE('',#3550);
#3147=PLANE('',#3551);
#3148=PLANE('',#3552);
#3149=PLANE('',#3553);
#3150=PLANE('',#3554);
#3151=PLANE('',#3555);
#3152=PLANE('',#3556);
#3153=PLANE('',#3557);
#3154=PLANE('',#3562);
#3155=PLANE('',#3565);
#3156=PLANE('',#3568);
#3157=PLANE('',#3573);
#3158=PLANE('',#3574);
#3159=PLANE('',#3575);
#3160=PLANE('',#3576);
#3161=PLANE('',#3577);
#3162=PLANE('',#3578);
#3163=PLANE('',#3579);
#3164=PLANE('',#3580);
#3165=PLANE('',#3581);
#3166=PLANE('',#3582);
#3167=PLANE('',#3583);
#3168=PLANE('',#3584);
#3169=PLANE('',#3585);
#3170=PLANE('',#3586);
#3171=PLANE('',#3587);
#3172=PLANE('',#3588);
#3173=PLANE('',#3589);
#3174=PLANE('',#3590);
#3175=PLANE('',#3591);
#3176=PLANE('',#3592);
#3177=PLANE('',#3593);
#3178=PLANE('',#3594);
#3179=PLANE('',#3595);
#3180=ADVANCED_FACE('',(#72),#3040,.F.);
#3181=ADVANCED_FACE('',(#73,#49,#50),#3041,.F.);
#3182=ADVANCED_FACE('',(#74),#3042,.T.);
#3183=ADVANCED_FACE('',(#75),#3043,.T.);
#3184=ADVANCED_FACE('',(#76,#51),#3044,.T.);
#3185=ADVANCED_FACE('',(#77),#3045,.T.);
#3186=ADVANCED_FACE('',(#78),#3046,.T.);
#3187=ADVANCED_FACE('',(#79),#3047,.T.);
#3188=ADVANCED_FACE('',(#80,#52),#3048,.T.);
#3189=ADVANCED_FACE('',(#81),#3049,.T.);
#3190=ADVANCED_FACE('',(#82),#3050,.T.);
#3191=ADVANCED_FACE('',(#83,#53),#3051,.T.);
#3192=ADVANCED_FACE('',(#84),#3052,.T.);
#3193=ADVANCED_FACE('',(#85),#3053,.T.);
#3194=ADVANCED_FACE('',(#86,#54),#3054,.T.);
#3195=ADVANCED_FACE('',(#87),#3055,.F.);
#3196=ADVANCED_FACE('',(#88),#3056,.F.);
#3197=ADVANCED_FACE('',(#89),#3057,.F.);
#3198=ADVANCED_FACE('',(#90,#55),#3058,.T.);
#3199=ADVANCED_FACE('',(#91),#3059,.T.);
#3200=ADVANCED_FACE('',(#92),#3060,.T.);
#3201=ADVANCED_FACE('',(#93),#3061,.T.);
#3202=ADVANCED_FACE('',(#94),#3062,.T.);
#3203=ADVANCED_FACE('',(#95),#19,.F.);
#3204=ADVANCED_FACE('',(#96),#20,.F.);
#3205=ADVANCED_FACE('',(#97),#21,.F.);
#3206=ADVANCED_FACE('',(#98),#22,.F.);
#3207=ADVANCED_FACE('',(#99),#3063,.T.);
#3208=ADVANCED_FACE('',(#100),#3064,.T.);
#3209=ADVANCED_FACE('',(#101),#3065,.T.);
#3210=ADVANCED_FACE('',(#102),#3066,.T.);
#3211=ADVANCED_FACE('',(#103,#56,#57,#58),#3067,.T.);
#3212=ADVANCED_FACE('',(#104),#3068,.T.);
#3213=ADVANCED_FACE('',(#105),#3069,.T.);
#3214=ADVANCED_FACE('',(#106),#3070,.T.);
#3215=ADVANCED_FACE('',(#107),#3071,.T.);
#3216=ADVANCED_FACE('',(#108,#59),#3072,.T.);
#3217=ADVANCED_FACE('',(#109),#23,.F.);
#3218=ADVANCED_FACE('',(#110),#3073,.F.);
#3219=ADVANCED_FACE('',(#111),#24,.F.);
#3220=ADVANCED_FACE('',(#112),#3074,.F.);
#3221=ADVANCED_FACE('',(#113,#60,#61),#3075,.T.);
#3222=ADVANCED_FACE('',(#114),#25,.F.);
#3223=ADVANCED_FACE('',(#115),#3076,.F.);
#3224=ADVANCED_FACE('',(#116),#26,.F.);
#3225=ADVANCED_FACE('',(#117),#3077,.F.);
#3226=ADVANCED_FACE('',(#118),#27,.F.);
#3227=ADVANCED_FACE('',(#119),#3078,.F.);
#3228=ADVANCED_FACE('',(#120),#28,.F.);
#3229=ADVANCED_FACE('',(#121),#3079,.F.);
#3230=ADVANCED_FACE('',(#122),#29,.F.);
#3231=ADVANCED_FACE('',(#123),#3080,.F.);
#3232=ADVANCED_FACE('',(#124),#30,.T.);
#3233=ADVANCED_FACE('',(#125,#62),#3081,.T.);
#3234=ADVANCED_FACE('',(#126),#31,.T.);
#3235=ADVANCED_FACE('',(#127),#3082,.T.);
#3236=ADVANCED_FACE('',(#128),#32,.T.);
#3237=ADVANCED_FACE('',(#129),#33,.T.);
#3238=ADVANCED_FACE('',(#130),#34,.F.);
#3239=ADVANCED_FACE('',(#131),#3083,.F.);
#3240=ADVANCED_FACE('',(#132),#35,.F.);
#3241=ADVANCED_FACE('',(#133),#3084,.F.);
#3242=ADVANCED_FACE('',(#134),#36,.F.);
#3243=ADVANCED_FACE('',(#135),#37,.F.);
#3244=ADVANCED_FACE('',(#136),#3085,.F.);
#3245=ADVANCED_FACE('',(#137),#38,.F.);
#3246=ADVANCED_FACE('',(#138),#3086,.F.);
#3247=ADVANCED_FACE('',(#139),#3087,.F.);
#3248=ADVANCED_FACE('',(#140),#39,.F.);
#3249=ADVANCED_FACE('',(#141),#40,.F.);
#3250=ADVANCED_FACE('',(#142),#3088,.F.);
#3251=ADVANCED_FACE('',(#143),#41,.F.);
#3252=ADVANCED_FACE('',(#144),#42,.F.);
#3253=ADVANCED_FACE('',(#145,#63,#64,#65,#66,#67),#3089,.F.);
#3254=ADVANCED_FACE('',(#146),#43,.F.);
#3255=ADVANCED_FACE('',(#147),#3090,.F.);
#3256=ADVANCED_FACE('',(#148),#44,.F.);
#3257=ADVANCED_FACE('',(#149),#3091,.F.);
#3258=ADVANCED_FACE('',(#150),#3092,.F.);
#3259=ADVANCED_FACE('',(#151),#3093,.T.);
#3260=ADVANCED_FACE('',(#152),#3094,.F.);
#3261=ADVANCED_FACE('',(#153),#3095,.T.);
#3262=ADVANCED_FACE('',(#154),#3096,.F.);
#3263=ADVANCED_FACE('',(#155),#3097,.T.);
#3264=ADVANCED_FACE('',(#156),#3098,.F.);
#3265=ADVANCED_FACE('',(#157),#3099,.T.);
#3266=ADVANCED_FACE('',(#158),#3100,.F.);
#3267=ADVANCED_FACE('',(#159),#3101,.T.);
#3268=ADVANCED_FACE('',(#160),#3102,.F.);
#3269=ADVANCED_FACE('',(#161),#3103,.T.);
#3270=ADVANCED_FACE('',(#162),#3104,.F.);
#3271=ADVANCED_FACE('',(#163),#3105,.T.);
#3272=ADVANCED_FACE('',(#164),#3106,.F.);
#3273=ADVANCED_FACE('',(#165),#3107,.T.);
#3274=ADVANCED_FACE('',(#166),#3108,.F.);
#3275=ADVANCED_FACE('',(#167),#3109,.T.);
#3276=ADVANCED_FACE('',(#168),#3110,.F.);
#3277=ADVANCED_FACE('',(#169),#3111,.T.);
#3278=ADVANCED_FACE('',(#170),#3112,.F.);
#3279=ADVANCED_FACE('',(#171),#3113,.T.);
#3280=ADVANCED_FACE('',(#172),#3114,.F.);
#3281=ADVANCED_FACE('',(#173),#3115,.T.);
#3282=ADVANCED_FACE('',(#174),#3116,.F.);
#3283=ADVANCED_FACE('',(#175),#3117,.T.);
#3284=ADVANCED_FACE('',(#176),#3118,.F.);
#3285=ADVANCED_FACE('',(#177),#3119,.T.);
#3286=ADVANCED_FACE('',(#178),#3120,.F.);
#3287=ADVANCED_FACE('',(#179),#3121,.T.);
#3288=ADVANCED_FACE('',(#180),#3122,.F.);
#3289=ADVANCED_FACE('',(#181),#3123,.T.);
#3290=ADVANCED_FACE('',(#182),#3124,.F.);
#3291=ADVANCED_FACE('',(#183),#3125,.F.);
#3292=ADVANCED_FACE('',(#184,#68,#69),#3126,.T.);
#3293=ADVANCED_FACE('',(#185),#3127,.F.);
#3294=ADVANCED_FACE('',(#186),#3128,.T.);
#3295=ADVANCED_FACE('',(#187),#3129,.F.);
#3296=ADVANCED_FACE('',(#188),#3130,.T.);
#3297=ADVANCED_FACE('',(#189),#3131,.F.);
#3298=ADVANCED_FACE('',(#190),#3132,.T.);
#3299=ADVANCED_FACE('',(#191),#3133,.F.);
#3300=ADVANCED_FACE('',(#192),#3134,.T.);
#3301=ADVANCED_FACE('',(#193),#3135,.F.);
#3302=ADVANCED_FACE('',(#194),#3136,.F.);
#3303=ADVANCED_FACE('',(#195),#3137,.F.);
#3304=ADVANCED_FACE('',(#196),#3138,.F.);
#3305=ADVANCED_FACE('',(#197),#3139,.F.);
#3306=ADVANCED_FACE('',(#198),#3140,.F.);
#3307=ADVANCED_FACE('',(#199),#3141,.T.);
#3308=ADVANCED_FACE('',(#200),#3142,.T.);
#3309=ADVANCED_FACE('',(#201),#3143,.T.);
#3310=ADVANCED_FACE('',(#202),#3144,.T.);
#3311=ADVANCED_FACE('',(#203),#3145,.F.);
#3312=ADVANCED_FACE('',(#204),#3146,.T.);
#3313=ADVANCED_FACE('',(#205),#3147,.T.);
#3314=ADVANCED_FACE('',(#206),#3148,.T.);
#3315=ADVANCED_FACE('',(#207),#3149,.T.);
#3316=ADVANCED_FACE('',(#208),#3150,.F.);
#3317=ADVANCED_FACE('',(#209),#3151,.T.);
#3318=ADVANCED_FACE('',(#210),#3152,.T.);
#3319=ADVANCED_FACE('',(#211),#3153,.T.);
#3320=ADVANCED_FACE('',(#212,#70),#3154,.T.);
#3321=ADVANCED_FACE('',(#213),#45,.T.);
#3322=ADVANCED_FACE('',(#214),#3155,.T.);
#3323=ADVANCED_FACE('',(#215),#46,.T.);
#3324=ADVANCED_FACE('',(#216,#71),#3156,.T.);
#3325=ADVANCED_FACE('',(#217),#47,.T.);
#3326=ADVANCED_FACE('',(#218),#48,.T.);
#3327=ADVANCED_FACE('',(#219),#3157,.F.);
#3328=ADVANCED_FACE('',(#220),#3158,.F.);
#3329=ADVANCED_FACE('',(#221),#3159,.T.);
#3330=ADVANCED_FACE('',(#222),#3160,.T.);
#3331=ADVANCED_FACE('',(#223),#3161,.T.);
#3332=ADVANCED_FACE('',(#224),#3162,.T.);
#3333=ADVANCED_FACE('',(#225),#3163,.T.);
#3334=ADVANCED_FACE('',(#226),#3164,.T.);
#3335=ADVANCED_FACE('',(#227),#3165,.T.);
#3336=ADVANCED_FACE('',(#228),#3166,.T.);
#3337=ADVANCED_FACE('',(#229),#3167,.T.);
#3338=ADVANCED_FACE('',(#230),#3168,.T.);
#3339=ADVANCED_FACE('',(#231),#3169,.T.);
#3340=ADVANCED_FACE('',(#232),#3170,.T.);
#3341=ADVANCED_FACE('',(#233),#3171,.T.);
#3342=ADVANCED_FACE('',(#234),#3172,.T.);
#3343=ADVANCED_FACE('',(#235),#3173,.T.);
#3344=ADVANCED_FACE('',(#236),#3174,.T.);
#3345=ADVANCED_FACE('',(#237),#3175,.T.);
#3346=ADVANCED_FACE('',(#238),#3176,.T.);
#3347=ADVANCED_FACE('',(#239),#3177,.T.);
#3348=ADVANCED_FACE('',(#240),#3178,.T.);
#3349=ADVANCED_FACE('',(#241),#3179,.T.);
#3350=CLOSED_SHELL('',(#3180,#3181,#3182,#3183,#3184,#3185,#3186,#3187,
#3188,#3189,#3190,#3191,#3192,#3193,#3194,#3195,#3196,#3197,#3198,#3199,
#3200,#3201,#3202,#3203,#3204,#3205,#3206,#3207,#3208,#3209,#3210,#3211,
#3212,#3213,#3214,#3215,#3216,#3217,#3218,#3219,#3220,#3221,#3222,#3223,
#3224,#3225,#3226,#3227,#3228,#3229,#3230,#3231,#3232,#3233,#3234,#3235,
#3236,#3237,#3238,#3239,#3240,#3241,#3242,#3243,#3244,#3245,#3246,#3247,
#3248,#3249,#3250,#3251,#3252,#3253,#3254,#3255,#3256,#3257,#3258,#3259,
#3260,#3261,#3262,#3263,#3264,#3265,#3266,#3267,#3268,#3269,#3270,#3271,
#3272,#3273,#3274,#3275,#3276,#3277,#3278,#3279,#3280,#3281,#3282,#3283,
#3284,#3285,#3286,#3287,#3288,#3289,#3290,#3291,#3292,#3293));
#3351=CLOSED_SHELL('',(#3294,#3295,#3296,#3297,#3298,#3299,#3300,#3301,
#3302,#3303,#3304,#3305,#3306,#3307,#3308,#3309,#3310,#3311,#3312,#3313,
#3314,#3315,#3316,#3317,#3318,#3319,#3320,#3321,#3322,#3323,#3324,#3325,
#3326,#3327));
#3352=CLOSED_SHELL('',(#3328,#3329,#3330,#3331,#3332,#3333,#3334,#3335,
#3336,#3337,#3338,#3339,#3340,#3341,#3342,#3343,#3344,#3345,#3346,#3347,
#3348,#3349));
#3353=DERIVED_UNIT_ELEMENT(#3355,1.);
#3354=DERIVED_UNIT_ELEMENT(#5426,-3.);
#3355=(
MASS_UNIT()
NAMED_UNIT(*)
SI_UNIT(.KILO.,.GRAM.)
);
#3356=DERIVED_UNIT((#3353,#3354));
#3357=MEASURE_REPRESENTATION_ITEM('density measure',
POSITIVE_RATIO_MEASURE(7850.),#3356);
#3358=PROPERTY_DEFINITION_REPRESENTATION(#3363,#3360);
#3359=PROPERTY_DEFINITION_REPRESENTATION(#3364,#3361);
#3360=REPRESENTATION('material name',(#3362),#5423);
#3361=REPRESENTATION('density',(#3357),#5423);
#3362=DESCRIPTIVE_REPRESENTATION_ITEM('Steel','Steel');
#3363=PROPERTY_DEFINITION('material property','material name',#5433);
#3364=PROPERTY_DEFINITION('material property','density of part',#5433);
#3365=AXIS2_PLACEMENT_3D('',#4469,#3596,#3597);
#3366=AXIS2_PLACEMENT_3D('',#4470,#3598,#3599);
#3367=AXIS2_PLACEMENT_3D('',#4485,#3606,#3607);
#3368=AXIS2_PLACEMENT_3D('',#4489,#3609,#3610);
#3369=AXIS2_PLACEMENT_3D('',#4493,#3612,#3613);
#3370=AXIS2_PLACEMENT_3D('',#4497,#3615,#3616);
#3371=AXIS2_PLACEMENT_3D('',#4511,#3624,#3625);
#3372=AXIS2_PLACEMENT_3D('',#4541,#3641,#3642);
#3373=AXIS2_PLACEMENT_3D('',#4547,#3646,#3647);
#3374=AXIS2_PLACEMENT_3D('',#4553,#3651,#3652);
#3375=AXIS2_PLACEMENT_3D('',#4556,#3654,#3655);
#3376=AXIS2_PLACEMENT_3D('',#4557,#3656,#3657);
#3377=AXIS2_PLACEMENT_3D('',#4577,#3669,#3670);
#3378=AXIS2_PLACEMENT_3D('',#4583,#3674,#3675);
#3379=AXIS2_PLACEMENT_3D('',#4585,#3677,#3678);
#3380=AXIS2_PLACEMENT_3D('',#4588,#3680,#3681);
#3381=AXIS2_PLACEMENT_3D('',#4589,#3682,#3683);
#3382=AXIS2_PLACEMENT_3D('',#4593,#3686,#3687);
#3383=AXIS2_PLACEMENT_3D('',#4595,#3689,#3690);
#3384=AXIS2_PLACEMENT_3D('',#4597,#3691,#3692);
#3385=AXIS2_PLACEMENT_3D('',#4598,#3693,#3694);
#3386=AXIS2_PLACEMENT_3D('',#4604,#3698,#3699);
#3387=AXIS2_PLACEMENT_3D('',#4608,#3702,#3703);
#3388=AXIS2_PLACEMENT_3D('',#4613,#3706,#3707);
#3389=AXIS2_PLACEMENT_3D('',#4614,#3708,#3709);
#3390=AXIS2_PLACEMENT_3D('',#4618,#3712,#3713);
#3391=AXIS2_PLACEMENT_3D('',#4622,#3716,#3717);
#3392=AXIS2_PLACEMENT_3D('',#4626,#3720,#3721);
#3393=AXIS2_PLACEMENT_3D('',#4636,#3726,#3727);
#3394=AXIS2_PLACEMENT_3D('',#4640,#3729,#3730);
#3395=AXIS2_PLACEMENT_3D('',#4644,#3732,#3733);
#3396=AXIS2_PLACEMENT_3D('',#4647,#3735,#3736);
#3397=AXIS2_PLACEMENT_3D('',#4648,#3737,#3738);
#3398=AXIS2_PLACEMENT_3D('',#4650,#3739,#3740);
#3399=AXIS2_PLACEMENT_3D('',#4651,#3741,#3742);
#3400=AXIS2_PLACEMENT_3D('',#4653,#3743,#3744);
#3401=AXIS2_PLACEMENT_3D('',#4654,#3745,#3746);
#3402=AXIS2_PLACEMENT_3D('',#4656,#3747,#3748);
#3403=AXIS2_PLACEMENT_3D('',#4657,#3749,#3750);
#3404=AXIS2_PLACEMENT_3D('',#4659,#3751,#3752);
#3405=AXIS2_PLACEMENT_3D('',#4660,#3753,#3754);
#3406=AXIS2_PLACEMENT_3D('',#4662,#3756,#3757);
#3407=AXIS2_PLACEMENT_3D('',#4664,#3759,#3760);
#3408=AXIS2_PLACEMENT_3D('',#4666,#3762,#3763);
#3409=AXIS2_PLACEMENT_3D('',#4668,#3765,#3766);
#3410=AXIS2_PLACEMENT_3D('',#4677,#3771,#3772);
#3411=AXIS2_PLACEMENT_3D('',#4683,#3776,#3777);
#3412=AXIS2_PLACEMENT_3D('',#4689,#3781,#3782);
#3413=AXIS2_PLACEMENT_3D('',#4692,#3785,#3786);
#3414=AXIS2_PLACEMENT_3D('',#4726,#3804,#3805);
#3415=AXIS2_PLACEMENT_3D('',#4732,#3809,#3810);
#3416=AXIS2_PLACEMENT_3D('',#4736,#3813,#3814);
#3417=AXIS2_PLACEMENT_3D('',#4740,#3817,#3818);
#3418=AXIS2_PLACEMENT_3D('',#4742,#3820,#3821);
#3419=AXIS2_PLACEMENT_3D('',#4745,#3822,#3823);
#3420=AXIS2_PLACEMENT_3D('',#4749,#3825,#3826);
#3421=AXIS2_PLACEMENT_3D('',#4753,#3828,#3829);
#3422=AXIS2_PLACEMENT_3D('',#4757,#3831,#3832);
#3423=AXIS2_PLACEMENT_3D('',#4759,#3834,#3835);
#3424=AXIS2_PLACEMENT_3D('',#4763,#3837,#3838);
#3425=AXIS2_PLACEMENT_3D('',#4765,#3840,#3841);
#3426=AXIS2_PLACEMENT_3D('',#4769,#3844,#3845);
#3427=AXIS2_PLACEMENT_3D('',#4772,#3847,#3848);
#3428=AXIS2_PLACEMENT_3D('',#4773,#3849,#3850);
#3429=AXIS2_PLACEMENT_3D('',#4777,#3853,#3854);
#3430=AXIS2_PLACEMENT_3D('',#4780,#3855,#3856);
#3431=AXIS2_PLACEMENT_3D('',#4784,#3858,#3859);
#3432=AXIS2_PLACEMENT_3D('',#4788,#3861,#3862);
#3433=AXIS2_PLACEMENT_3D('',#4792,#3864,#3865);
#3434=AXIS2_PLACEMENT_3D('',#4796,#3867,#3868);
#3435=AXIS2_PLACEMENT_3D('',#4800,#3870,#3871);
#3436=AXIS2_PLACEMENT_3D('',#4804,#3873,#3874);
#3437=AXIS2_PLACEMENT_3D('',#4808,#3876,#3877);
#3438=AXIS2_PLACEMENT_3D('',#4812,#3879,#3880);
#3439=AXIS2_PLACEMENT_3D('',#4816,#3882,#3883);
#3440=AXIS2_PLACEMENT_3D('',#4818,#3885,#3886);
#3441=AXIS2_PLACEMENT_3D('',#4822,#3888,#3889);
#3442=AXIS2_PLACEMENT_3D('',#4824,#3891,#3892);
#3443=AXIS2_PLACEMENT_3D('',#4828,#3895,#3896);
#3444=AXIS2_PLACEMENT_3D('',#4831,#3898,#3899);
#3445=AXIS2_PLACEMENT_3D('',#4832,#3900,#3901);
#3446=AXIS2_PLACEMENT_3D('',#4836,#3904,#3905);
#3447=AXIS2_PLACEMENT_3D('',#4839,#3907,#3908);
#3448=AXIS2_PLACEMENT_3D('',#4840,#3909,#3910);
#3449=AXIS2_PLACEMENT_3D('',#4844,#3913,#3914);
#3450=AXIS2_PLACEMENT_3D('',#4848,#3916,#3917);
#3451=AXIS2_PLACEMENT_3D('',#4850,#3919,#3920);
#3452=AXIS2_PLACEMENT_3D('',#4854,#3923,#3924);
#3453=AXIS2_PLACEMENT_3D('',#4857,#3926,#3927);
#3454=AXIS2_PLACEMENT_3D('',#4858,#3928,#3929);
#3455=AXIS2_PLACEMENT_3D('',#4862,#3932,#3933);
#3456=AXIS2_PLACEMENT_3D('',#4864,#3934,#3935);
#3457=AXIS2_PLACEMENT_3D('',#4866,#3936,#3937);
#3458=AXIS2_PLACEMENT_3D('',#4868,#3939,#3940);
#3459=AXIS2_PLACEMENT_3D('',#4871,#3942,#3943);
#3460=AXIS2_PLACEMENT_3D('',#4873,#3944,#3945);
#3461=AXIS2_PLACEMENT_3D('',#4876,#3947,#3948);
#3462=AXIS2_PLACEMENT_3D('',#4878,#3950,#3951);
#3463=AXIS2_PLACEMENT_3D('',#4881,#3953,#3954);
#3464=AXIS2_PLACEMENT_3D('',#4882,#3955,#3956);
#3465=AXIS2_PLACEMENT_3D('',#4886,#3959,#3960);
#3466=AXIS2_PLACEMENT_3D('',#4889,#3962,#3963);
#3467=AXIS2_PLACEMENT_3D('',#4890,#3964,#3965);
#3468=AXIS2_PLACEMENT_3D('',#4891,#3966,#3967);
#3469=AXIS2_PLACEMENT_3D('',#4892,#3968,#3969);
#3470=AXIS2_PLACEMENT_3D('',#4895,#3972,#3973);
#3471=AXIS2_PLACEMENT_3D('',#4897,#3975,#3976);
#3472=AXIS2_PLACEMENT_3D('',#4899,#3978,#3979);
#3473=AXIS2_PLACEMENT_3D('',#4901,#3981,#3982);
#3474=AXIS2_PLACEMENT_3D('',#4902,#3983,#3984);
#3475=AXIS2_PLACEMENT_3D('',#4904,#3986,#3987);
#3476=AXIS2_PLACEMENT_3D('',#4905,#3988,#3989);
#3477=AXIS2_PLACEMENT_3D('',#4909,#3991,#3992);
#3478=AXIS2_PLACEMENT_3D('',#4911,#3994,#3995);
#3479=AXIS2_PLACEMENT_3D('',#4915,#3998,#3999);
#3480=AXIS2_PLACEMENT_3D('',#4919,#4002,#4003);
#3481=AXIS2_PLACEMENT_3D('',#4922,#4005,#4006);
#3482=AXIS2_PLACEMENT_3D('',#4923,#4007,#4008);
#3483=AXIS2_PLACEMENT_3D('',#4924,#4009,#4010);
#3484=AXIS2_PLACEMENT_3D('',#4925,#4011,#4012);
#3485=AXIS2_PLACEMENT_3D('',#4929,#4015,#4016);
#3486=AXIS2_PLACEMENT_3D('',#4932,#4018,#4019);
#3487=AXIS2_PLACEMENT_3D('',#4933,#4020,#4021);
#3488=AXIS2_PLACEMENT_3D('',#4935,#4022,#4023);
#3489=AXIS2_PLACEMENT_3D('',#4937,#4025,#4026);
#3490=AXIS2_PLACEMENT_3D('',#4960,#4038,#4039);
#3491=AXIS2_PLACEMENT_3D('',#4962,#4041,#4042);
#3492=AXIS2_PLACEMENT_3D('',#4963,#4043,#4044);
#3493=AXIS2_PLACEMENT_3D('',#4965,#4046,#4047);
#3494=AXIS2_PLACEMENT_3D('',#4967,#4049,#4050);
#3495=AXIS2_PLACEMENT_3D('',#4969,#4052,#4053);
#3496=AXIS2_PLACEMENT_3D('',#4970,#4054,#4055);
#3497=AXIS2_PLACEMENT_3D('',#4971,#4056,#4057);
#3498=AXIS2_PLACEMENT_3D('',#4977,#4061,#4062);
#3499=AXIS2_PLACEMENT_3D('',#4984,#4067,#4068);
#3500=AXIS2_PLACEMENT_3D('',#4990,#4072,#4073);
#3501=AXIS2_PLACEMENT_3D('',#4997,#4078,#4079);
#3502=AXIS2_PLACEMENT_3D('',#5006,#4084,#4085);
#3503=AXIS2_PLACEMENT_3D('',#5013,#4090,#4091);
#3504=AXIS2_PLACEMENT_3D('',#5022,#4096,#4097);
#3505=AXIS2_PLACEMENT_3D('',#5029,#4102,#4103);
#3506=AXIS2_PLACEMENT_3D('',#5035,#4107,#4108);
#3507=AXIS2_PLACEMENT_3D('',#5038,#4111,#4112);
#3508=AXIS2_PLACEMENT_3D('',#5044,#4116,#4117);
#3509=AXIS2_PLACEMENT_3D('',#5047,#4120,#4121);
#3510=AXIS2_PLACEMENT_3D('',#5056,#4126,#4127);
#3511=AXIS2_PLACEMENT_3D('',#5059,#4130,#4131);
#3512=AXIS2_PLACEMENT_3D('',#5068,#4136,#4137);
#3513=AXIS2_PLACEMENT_3D('',#5071,#4140,#4141);
#3514=AXIS2_PLACEMENT_3D('',#5074,#4144,#4145);
#3515=AXIS2_PLACEMENT_3D('',#5075,#4146,#4147);
#3516=AXIS2_PLACEMENT_3D('',#5078,#4150,#4151);
#3517=AXIS2_PLACEMENT_3D('',#5079,#4152,#4153);
#3518=AXIS2_PLACEMENT_3D('',#5082,#4156,#4157);
#3519=AXIS2_PLACEMENT_3D('',#5083,#4158,#4159);
#3520=AXIS2_PLACEMENT_3D('',#5086,#4162,#4163);
#3521=AXIS2_PLACEMENT_3D('',#5087,#4164,#4165);
#3522=AXIS2_PLACEMENT_3D('',#5089,#4167,#4168);
#3523=AXIS2_PLACEMENT_3D('',#5090,#4169,#4170);
#3524=AXIS2_PLACEMENT_3D('',#5092,#4172,#4173);
#3525=AXIS2_PLACEMENT_3D('',#5093,#4174,#4175);
#3526=AXIS2_PLACEMENT_3D('',#5095,#4177,#4178);
#3527=AXIS2_PLACEMENT_3D('',#5096,#4179,#4180);
#3528=AXIS2_PLACEMENT_3D('',#5098,#4182,#4183);
#3529=AXIS2_PLACEMENT_3D('',#5099,#4184,#4185);
#3530=AXIS2_PLACEMENT_3D('',#5100,#4186,#4187);
#3531=AXIS2_PLACEMENT_3D('',#5102,#4189,#4190);
#3532=AXIS2_PLACEMENT_3D('',#5103,#4191,#4192);
#3533=AXIS2_PLACEMENT_3D('',#5112,#4197,#4198);
#3534=AXIS2_PLACEMENT_3D('',#5118,#4202,#4203);
#3535=AXIS2_PLACEMENT_3D('',#5127,#4208,#4209);
#3536=AXIS2_PLACEMENT_3D('',#5133,#4213,#4214);
#3537=AXIS2_PLACEMENT_3D('',#5142,#4219,#4220);
#3538=AXIS2_PLACEMENT_3D('',#5148,#4224,#4225);
#3539=AXIS2_PLACEMENT_3D('',#5157,#4230,#4231);
#3540=AXIS2_PLACEMENT_3D('',#5163,#4235,#4236);
#3541=AXIS2_PLACEMENT_3D('',#5169,#4240,#4241);
#3542=AXIS2_PLACEMENT_3D('',#5175,#4245,#4246);
#3543=AXIS2_PLACEMENT_3D('',#5192,#4257,#4258);
#3544=AXIS2_PLACEMENT_3D('',#5209,#4269,#4270);
#3545=AXIS2_PLACEMENT_3D('',#5211,#4272,#4273);
#3546=AXIS2_PLACEMENT_3D('',#5217,#4277,#4278);
#3547=AXIS2_PLACEMENT_3D('',#5223,#4282,#4283);
#3548=AXIS2_PLACEMENT_3D('',#5227,#4286,#4287);
#3549=AXIS2_PLACEMENT_3D('',#5231,#4290,#4291);
#3550=AXIS2_PLACEMENT_3D('',#5233,#4293,#4294);
#3551=AXIS2_PLACEMENT_3D('',#5239,#4298,#4299);
#3552=AXIS2_PLACEMENT_3D('',#5245,#4303,#4304);
#3553=AXIS2_PLACEMENT_3D('',#5249,#4307,#4308);
#3554=AXIS2_PLACEMENT_3D('',#5253,#4311,#4312);
#3555=AXIS2_PLACEMENT_3D('',#5254,#4313,#4314);
#3556=AXIS2_PLACEMENT_3D('',#5256,#4316,#4317);
#3557=AXIS2_PLACEMENT_3D('',#5258,#4319,#4320);
#3558=AXIS2_PLACEMENT_3D('',#5260,#4321,#4322);
#3559=AXIS2_PLACEMENT_3D('',#5264,#4324,#4325);
#3560=AXIS2_PLACEMENT_3D('',#5268,#4327,#4328);
#3561=AXIS2_PLACEMENT_3D('',#5271,#4330,#4331);
#3562=AXIS2_PLACEMENT_3D('',#5272,#4332,#4333);
#3563=AXIS2_PLACEMENT_3D('',#5278,#4337,#4338);
#3564=AXIS2_PLACEMENT_3D('',#5280,#4339,#4340);
#3565=AXIS2_PLACEMENT_3D('',#5282,#4342,#4343);
#3566=AXIS2_PLACEMENT_3D('',#5286,#4346,#4347);
#3567=AXIS2_PLACEMENT_3D('',#5288,#4348,#4349);
#3568=AXIS2_PLACEMENT_3D('',#5290,#4351,#4352);
#3569=AXIS2_PLACEMENT_3D('',#5294,#4355,#4356);
#3570=AXIS2_PLACEMENT_3D('',#5295,#4357,#4358);
#3571=AXIS2_PLACEMENT_3D('',#5296,#4359,#4360);
#3572=AXIS2_PLACEMENT_3D('',#5297,#4361,#4362);
#3573=AXIS2_PLACEMENT_3D('',#5298,#4363,#4364);
#3574=AXIS2_PLACEMENT_3D('',#5299,#4365,#4366);
#3575=AXIS2_PLACEMENT_3D('',#5308,#4371,#4372);
#3576=AXIS2_PLACEMENT_3D('',#5330,#4384,#4385);
#3577=AXIS2_PLACEMENT_3D('',#5334,#4388,#4389);
#3578=AXIS2_PLACEMENT_3D('',#5343,#4394,#4395);
#3579=AXIS2_PLACEMENT_3D('',#5349,#4399,#4400);
#3580=AXIS2_PLACEMENT_3D('',#5371,#4413,#4414);
#3581=AXIS2_PLACEMENT_3D('',#5375,#4417,#4418);
#3582=AXIS2_PLACEMENT_3D('',#5381,#4422,#4423);
#3583=AXIS2_PLACEMENT_3D('',#5385,#4426,#4427);
#3584=AXIS2_PLACEMENT_3D('',#5389,#4430,#4431);
#3585=AXIS2_PLACEMENT_3D('',#5393,#4434,#4435);
#3586=AXIS2_PLACEMENT_3D('',#5395,#4437,#4438);
#3587=AXIS2_PLACEMENT_3D('',#5399,#4441,#4442);
#3588=AXIS2_PLACEMENT_3D('',#5403,#4445,#4446);
#3589=AXIS2_PLACEMENT_3D('',#5405,#4448,#4449);
#3590=AXIS2_PLACEMENT_3D('',#5409,#4452,#4453);
#3591=AXIS2_PLACEMENT_3D('',#5411,#4455,#4456);
#3592=AXIS2_PLACEMENT_3D('',#5413,#4458,#4459);
#3593=AXIS2_PLACEMENT_3D('',#5417,#4462,#4463);
#3594=AXIS2_PLACEMENT_3D('',#5419,#4465,#4466);
#3595=AXIS2_PLACEMENT_3D('',#5420,#4467,#4468);
#3596=DIRECTION('axis',(0.,0.,1.));
#3597=DIRECTION('refdir',(1.,0.,0.));
#3598=DIRECTION('center_axis',(0.,1.,0.));
#3599=DIRECTION('ref_axis',(-1.,0.,0.));
#3600=DIRECTION('',(1.,0.,0.));
#3601=DIRECTION('',(0.,0.,1.));
#3602=DIRECTION('',(1.,0.,0.));
#3603=DIRECTION('',(0.,0.,-1.));
#3604=DIRECTION('',(1.,0.,0.));
#3605=DIRECTION('',(0.,0.,-1.));
#3606=DIRECTION('center_axis',(0.,-1.,0.));
#3607=DIRECTION('ref_axis',(-0.707106781186546,0.,-0.707106781186549));
#3608=DIRECTION('',(0.,0.,1.));
#3609=DIRECTION('center_axis',(0.,-1.,0.));
#3610=DIRECTION('ref_axis',(-0.707106781186546,0.,0.707106781186549));
#3611=DIRECTION('',(1.,0.,0.));
#3612=DIRECTION('center_axis',(0.,-1.,0.));
#3613=DIRECTION('ref_axis',(0.70710678118654,0.,0.707106781186555));
#3614=DIRECTION('',(0.,0.,-1.));
#3615=DIRECTION('center_axis',(0.,-1.,0.));
#3616=DIRECTION('ref_axis',(0.70710678118654,0.,-0.707106781186555));
#3617=DIRECTION('',(0.,0.,-1.));
#3618=DIRECTION('',(1.,0.,0.));
#3619=DIRECTION('',(0.,0.,1.));
#3620=DIRECTION('',(1.,0.,0.));
#3621=DIRECTION('',(0.,0.,-1.));
#3622=DIRECTION('',(0.,0.,-1.));
#3623=DIRECTION('',(0.,0.,-1.));
#3624=DIRECTION('center_axis',(1.,0.,0.));
#3625=DIRECTION('ref_axis',(0.,1.,0.));
#3626=DIRECTION('',(0.,-1.,0.));
#3627=DIRECTION('',(0.,-1.,0.));
#3628=DIRECTION('',(0.,0.,-1.));
#3629=DIRECTION('',(0.,-1.,0.));
#3630=DIRECTION('',(0.,0.,1.));
#3631=DIRECTION('',(0.,-1.,0.));
#3632=DIRECTION('',(0.,0.,-1.));
#3633=DIRECTION('',(0.,1.,0.));
#3634=DIRECTION('',(0.,0.,1.));
#3635=DIRECTION('',(0.,-1.,0.));
#3636=DIRECTION('',(0.,0.,-1.));
#3637=DIRECTION('',(0.,0.,-1.));
#3638=DIRECTION('',(0.,1.,0.));
#3639=DIRECTION('',(0.,0.,1.));
#3640=DIRECTION('',(0.,-1.,0.));
#3641=DIRECTION('center_axis',(1.,0.,0.));
#3642=DIRECTION('ref_axis',(0.,1.,0.));
#3643=DIRECTION('',(0.,-1.,0.));
#3644=DIRECTION('',(0.,1.,0.));
#3645=DIRECTION('',(0.,0.,1.));
#3646=DIRECTION('center_axis',(0.,-1.,0.));
#3647=DIRECTION('ref_axis',(1.,0.,0.));
#3648=DIRECTION('',(-1.,0.,0.));
#3649=DIRECTION('',(1.,0.,0.));
#3650=DIRECTION('',(0.,0.,1.));
#3651=DIRECTION('center_axis',(0.,0.,1.));
#3652=DIRECTION('ref_axis',(-1.,0.,0.));
#3653=DIRECTION('',(0.,1.,0.));
#3654=DIRECTION('center_axis',(0.,0.,-1.));
#3655=DIRECTION('ref_axis',(-1.,0.,0.));
#3656=DIRECTION('center_axis',(0.,0.,1.));
#3657=DIRECTION('ref_axis',(1.,0.,0.));
#3658=DIRECTION('',(0.,1.,0.));
#3659=DIRECTION('',(1.,0.,0.));
#3660=DIRECTION('',(0.,-1.,0.));
#3661=DIRECTION('',(-1.,0.,0.));
#3662=DIRECTION('',(0.,1.,0.));
#3663=DIRECTION('',(1.,0.,0.));
#3664=DIRECTION('',(-1.,0.,0.));
#3665=DIRECTION('',(0.,1.,0.));
#3666=DIRECTION('',(0.,-1.,0.));
#3667=DIRECTION('',(1.,0.,0.));
#3668=DIRECTION('',(0.,1.,0.));
#3669=DIRECTION('center_axis',(-1.,0.,0.));
#3670=DIRECTION('ref_axis',(0.,-1.,0.));
#3671=DIRECTION('',(0.,0.,-1.));
#3672=DIRECTION('',(0.,-1.,0.));
#3673=DIRECTION('',(0.,0.,1.));
#3674=DIRECTION('center_axis',(0.,1.,0.));
#3675=DIRECTION('ref_axis',(-1.,0.,0.));
#3676=DIRECTION('',(-1.,0.,0.));
#3677=DIRECTION('center_axis',(0.,0.,1.));
#3678=DIRECTION('ref_axis',(-1.,0.,0.));
#3679=DIRECTION('',(-1.,0.,0.));
#3680=DIRECTION('center_axis',(0.,0.,-1.));
#3681=DIRECTION('ref_axis',(-1.,0.,0.));
#3682=DIRECTION('center_axis',(0.,-1.,0.));
#3683=DIRECTION('ref_axis',(1.,0.,0.));
#3684=DIRECTION('',(1.,0.,0.));
#3685=DIRECTION('',(0.,0.,1.));
#3686=DIRECTION('center_axis',(-1.,0.,0.));
#3687=DIRECTION('ref_axis',(0.,-1.,0.));
#3688=DIRECTION('',(0.,-1.,0.));
#3689=DIRECTION('center_axis',(0.,0.,1.));
#3690=DIRECTION('ref_axis',(-1.,0.,0.));
#3691=DIRECTION('center_axis',(0.,0.,-1.));
#3692=DIRECTION('ref_axis',(-1.,0.,0.));
#3693=DIRECTION('center_axis',(0.,1.,0.));
#3694=DIRECTION('ref_axis',(-1.,0.,0.));
#3695=DIRECTION('',(0.,0.,-1.));
#3696=DIRECTION('',(-1.,0.,0.));
#3697=DIRECTION('',(0.,0.,1.));
#3698=DIRECTION('center_axis',(1.,0.,0.));
#3699=DIRECTION('ref_axis',(0.,1.,0.));
#3700=DIRECTION('',(0.,1.,0.));
#3701=DIRECTION('',(0.,0.,1.));
#3702=DIRECTION('center_axis',(0.,0.,1.));
#3703=DIRECTION('ref_axis',(-1.,0.,0.));
#3704=DIRECTION('',(0.,1.,0.));
#3705=DIRECTION('',(-1.,0.,0.));
#3706=DIRECTION('center_axis',(0.,0.,-1.));
#3707=DIRECTION('ref_axis',(-1.,0.,0.));
#3708=DIRECTION('center_axis',(-1.,0.,0.));
#3709=DIRECTION('ref_axis',(0.,-1.,0.));
#3710=DIRECTION('',(0.,1.,0.));
#3711=DIRECTION('',(0.,0.,-1.));
#3712=DIRECTION('center_axis',(1.,0.,0.));
#3713=DIRECTION('ref_axis',(0.,-1.,0.));
#3714=DIRECTION('',(0.,-1.,0.));
#3715=DIRECTION('',(0.,0.,1.));
#3716=DIRECTION('center_axis',(-1.,0.,0.));
#3717=DIRECTION('ref_axis',(0.,1.,0.));
#3718=DIRECTION('',(0.,1.,0.));
#3719=DIRECTION('',(0.,0.,-1.));
#3720=DIRECTION('center_axis',(0.,1.,0.));
#3721=DIRECTION('ref_axis',(-1.,0.,0.));
#3722=DIRECTION('',(0.,0.,1.));
#3723=DIRECTION('',(1.,0.,0.));
#3724=DIRECTION('',(0.,0.,-1.));
#3725=DIRECTION('',(-1.,0.,0.));
#3726=DIRECTION('center_axis',(0.,1.,0.));
#3727=DIRECTION('ref_axis',(0.70710678118654,0.,-0.707106781186555));
#3728=DIRECTION('',(0.,0.,1.));
#3729=DIRECTION('center_axis',(0.,1.,0.));
#3730=DIRECTION('ref_axis',(0.70710678118654,0.,0.707106781186555));
#3731=DIRECTION('',(-1.,0.,0.));
#3732=DIRECTION('center_axis',(0.,1.,0.));
#3733=DIRECTION('ref_axis',(-0.707106781186546,0.,0.707106781186549));
#3734=DIRECTION('',(0.,0.,-1.));
#3735=DIRECTION('center_axis',(0.,1.,0.));
#3736=DIRECTION('ref_axis',(-0.707106781186546,0.,-0.707106781186549));
#3737=DIRECTION('center_axis',(0.,0.,1.));
#3738=DIRECTION('ref_axis',(-1.,0.,0.));
#3739=DIRECTION('center_axis',(0.,0.,-1.));
#3740=DIRECTION('ref_axis',(-1.,0.,0.));
#3741=DIRECTION('center_axis',(0.,0.,1.));
#3742=DIRECTION('ref_axis',(-1.,0.,0.));
#3743=DIRECTION('center_axis',(0.,0.,-1.));
#3744=DIRECTION('ref_axis',(-1.,0.,0.));
#3745=DIRECTION('center_axis',(0.,0.,1.));
#3746=DIRECTION('ref_axis',(-1.,0.,0.));
#3747=DIRECTION('center_axis',(0.,0.,-1.));
#3748=DIRECTION('ref_axis',(-1.,0.,0.));
#3749=DIRECTION('center_axis',(0.,0.,1.));
#3750=DIRECTION('ref_axis',(-1.,0.,0.));
#3751=DIRECTION('center_axis',(0.,0.,-1.));
#3752=DIRECTION('ref_axis',(-1.,0.,0.));
#3753=DIRECTION('center_axis',(0.,0.,-1.));
#3754=DIRECTION('ref_axis',(-1.,0.,0.));
#3755=DIRECTION('',(0.,0.,-1.));
#3756=DIRECTION('center_axis',(0.,0.,-1.));
#3757=DIRECTION('ref_axis',(-1.,0.,0.));
#3758=DIRECTION('',(0.,0.,-1.));
#3759=DIRECTION('center_axis',(0.,0.,-1.));
#3760=DIRECTION('ref_axis',(-1.,0.,0.));
#3761=DIRECTION('',(0.,0.,-1.));
#3762=DIRECTION('center_axis',(0.,0.,-1.));
#3763=DIRECTION('ref_axis',(-1.,0.,0.));
#3764=DIRECTION('',(0.,0.,-1.));
#3765=DIRECTION('center_axis',(-7.30275551296547E-17,-0.707106781186547,
-0.707106781186548));
#3766=DIRECTION('ref_axis',(-1.,0.,1.03276558891306E-16));
#3767=DIRECTION('',(-1.,0.,1.03276558891306E-16));
#3768=DIRECTION('',(0.577350269189626,0.577350269189626,-0.577350269189625));
#3769=DIRECTION('',(1.,0.,-1.03276558891306E-16));
#3770=DIRECTION('',(-0.577350269189625,0.577350269189627,-0.577350269189626));
#3771=DIRECTION('center_axis',(0.707106781186547,-0.707106781186548,0.));
#3772=DIRECTION('ref_axis',(0.,0.,-1.));
#3773=DIRECTION('',(0.,0.,-1.));
#3774=DIRECTION('',(0.577350269189626,0.577350269189626,0.577350269189626));
#3775=DIRECTION('',(0.,0.,1.));
#3776=DIRECTION('center_axis',(-0.707106781186549,-0.707106781186546,0.));
#3777=DIRECTION('ref_axis',(0.,0.,1.));
#3778=DIRECTION('',(0.,0.,-1.));
#3779=DIRECTION('',(0.577350269189624,-0.577350269189626,-0.577350269189626));
#3780=DIRECTION('',(0.,0.,1.));
#3781=DIRECTION('center_axis',(0.,-0.707106781186548,0.707106781186548));
#3782=DIRECTION('ref_axis',(1.,0.,0.));
#3783=DIRECTION('',(-1.,0.,0.));
#3784=DIRECTION('',(-1.,0.,0.));
#3785=DIRECTION('center_axis',(0.,-1.,0.));
#3786=DIRECTION('ref_axis',(1.,0.,0.));
#3787=DIRECTION('',(-1.,0.,0.));
#3788=DIRECTION('',(0.,0.,-1.));
#3789=DIRECTION('',(1.,0.,0.));
#3790=DIRECTION('',(0.,0.,1.));
#3791=DIRECTION('',(-1.,0.,0.));
#3792=DIRECTION('',(0.,0.,1.));
#3793=DIRECTION('',(1.,0.,0.));
#3794=DIRECTION('',(0.,0.,-1.));
#3795=DIRECTION('',(-1.,0.,0.));
#3796=DIRECTION('',(1.,0.,0.));
#3797=DIRECTION('',(0.,0.,-1.));
#3798=DIRECTION('',(-1.,0.,0.));
#3799=DIRECTION('',(0.,0.,1.));
#3800=DIRECTION('',(-1.,0.,0.));
#3801=DIRECTION('',(0.,0.,1.));
#3802=DIRECTION('',(1.,0.,0.));
#3803=DIRECTION('',(0.,0.,-1.));
#3804=DIRECTION('center_axis',(-0.707106781186547,-0.707106781186548,0.));
#3805=DIRECTION('ref_axis',(0.,0.,1.));
#3806=DIRECTION('',(-0.577350269189626,0.577350269189626,-0.577350269189626));
#3807=DIRECTION('',(0.,0.,-1.));
#3808=DIRECTION('',(0.577350269189626,-0.577350269189626,-0.577350269189626));
#3809=DIRECTION('center_axis',(0.,-0.707106781186547,-0.707106781186548));
#3810=DIRECTION('ref_axis',(-1.,0.,0.));
#3811=DIRECTION('',(0.577350269189626,0.577350269189626,-0.577350269189626));
#3812=DIRECTION('',(1.,0.,0.));
#3813=DIRECTION('center_axis',(0.707106781186548,-0.707106781186547,0.));
#3814=DIRECTION('ref_axis',(0.,0.,-1.));
#3815=DIRECTION('',(0.,0.,1.));
#3816=DIRECTION('',(0.577350269189626,0.577350269189626,0.577350269189626));
#3817=DIRECTION('center_axis',(0.,-0.707106781186548,0.707106781186548));
#3818=DIRECTION('ref_axis',(1.,0.,0.));
#3819=DIRECTION('',(-1.,0.,0.));
#3820=DIRECTION('center_axis',(0.,-1.,0.));
#3821=DIRECTION('ref_axis',(1.,0.,0.));
#3822=DIRECTION('center_axis',(0.,-1.,0.));
#3823=DIRECTION('ref_axis',(0.707106781186548,0.,-0.707106781186547));
#3824=DIRECTION('',(1.,0.,0.));
#3825=DIRECTION('center_axis',(0.,-1.,0.));
#3826=DIRECTION('ref_axis',(-0.707106781186548,0.,-0.707106781186547));
#3827=DIRECTION('',(0.,0.,-1.));
#3828=DIRECTION('center_axis',(0.,-1.,0.));
#3829=DIRECTION('ref_axis',(-0.707106781186549,0.,0.707106781186546));
#3830=DIRECTION('',(-1.,0.,0.));
#3831=DIRECTION('center_axis',(0.,-1.,0.));
#3832=DIRECTION('ref_axis',(0.707106781186548,0.,0.707106781186548));
#3833=DIRECTION('',(0.,0.,1.));
#3834=DIRECTION('center_axis',(0.,-1.,0.));
#3835=DIRECTION('ref_axis',(-0.707106781186549,0.,0.707106781186546));
#3836=DIRECTION('',(0.,1.,0.));
#3837=DIRECTION('center_axis',(0.,1.,0.));
#3838=DIRECTION('ref_axis',(-0.707106781186549,0.,0.707106781186546));
#3839=DIRECTION('',(0.,-1.,0.));
#3840=DIRECTION('center_axis',(-1.,0.,0.));
#3841=DIRECTION('ref_axis',(0.,0.,1.));
#3842=DIRECTION('',(0.,-1.,0.));
#3843=DIRECTION('',(0.,0.,-1.));
#3844=DIRECTION('center_axis',(0.,-1.,0.));
#3845=DIRECTION('ref_axis',(-0.707106781186548,0.,-0.707106781186547));
#3846=DIRECTION('',(0.,1.,0.));
#3847=DIRECTION('center_axis',(0.,1.,0.));
#3848=DIRECTION('ref_axis',(-0.707106781186548,0.,-0.707106781186547));
#3849=DIRECTION('center_axis',(0.,0.,-1.));
#3850=DIRECTION('ref_axis',(-1.,0.,0.));
#3851=DIRECTION('',(0.,-1.,0.));
#3852=DIRECTION('',(1.,0.,0.));
#3853=DIRECTION('center_axis',(0.,-1.,0.));
#3854=DIRECTION('ref_axis',(1.,0.,0.));
#3855=DIRECTION('center_axis',(0.,-1.,0.));
#3856=DIRECTION('ref_axis',(0.707106781186546,0.,0.707106781186549));
#3857=DIRECTION('',(0.,0.,1.));
#3858=DIRECTION('center_axis',(0.,-1.,0.));
#3859=DIRECTION('ref_axis',(0.707106781186546,0.,-0.707106781186549));
#3860=DIRECTION('',(1.,0.,0.));
#3861=DIRECTION('center_axis',(0.,-1.,0.));
#3862=DIRECTION('ref_axis',(-0.707106781186546,0.,-0.707106781186549));
#3863=DIRECTION('',(0.,0.,-1.));
#3864=DIRECTION('center_axis',(0.,-1.,0.));
#3865=DIRECTION('ref_axis',(-0.707106781186546,0.,0.707106781186549));
#3866=DIRECTION('',(-1.,0.,0.));
#3867=DIRECTION('center_axis',(0.,-1.,0.));
#3868=DIRECTION('ref_axis',(0.923879532511286,0.,-0.382683432365091));
#3869=DIRECTION('',(0.707106781186548,0.,0.707106781186548));
#3870=DIRECTION('center_axis',(0.,-1.,0.));
#3871=DIRECTION('ref_axis',(0.38268343236509,0.,-0.923879532511287));
#3872=DIRECTION('',(1.,0.,0.));
#3873=DIRECTION('center_axis',(0.,-1.,0.));
#3874=DIRECTION('ref_axis',(-0.355380557512881,0.,-0.93472170154642));
#3875=DIRECTION('',(0.74740931868366,0.,-0.66436383882992));
#3876=DIRECTION('center_axis',(0.,-1.,0.));
#3877=DIRECTION('ref_axis',(-0.912240055804918,0.,-0.409656051566481));
#3878=DIRECTION('',(0.,0.,-1.));
#3879=DIRECTION('center_axis',(0.,-1.,0.));
#3880=DIRECTION('ref_axis',(-0.707106781186546,0.,0.707106781186549));
#3881=DIRECTION('',(-1.,0.,0.));
#3882=DIRECTION('center_axis',(0.,-1.,0.));
#3883=DIRECTION('ref_axis',(0.707106781186546,0.,0.707106781186549));
#3884=DIRECTION('',(0.,0.,1.));
#3885=DIRECTION('center_axis',(0.,-1.,0.));
#3886=DIRECTION('ref_axis',(-0.912240055804918,0.,-0.409656051566481));
#3887=DIRECTION('',(0.,1.,0.));
#3888=DIRECTION('center_axis',(0.,1.,0.));
#3889=DIRECTION('ref_axis',(-0.912240055804918,0.,-0.409656051566481));
#3890=DIRECTION('',(0.,-1.,0.));
#3891=DIRECTION('center_axis',(-0.66436383882992,0.,-0.74740931868366));
#3892=DIRECTION('ref_axis',(0.74740931868366,0.,-0.66436383882992));
#3893=DIRECTION('',(0.,-1.,0.));
#3894=DIRECTION('',(0.74740931868366,0.,-0.66436383882992));
#3895=DIRECTION('center_axis',(0.,-1.,0.));
#3896=DIRECTION('ref_axis',(-0.355380557512881,0.,-0.93472170154642));
#3897=DIRECTION('',(0.,1.,0.));
#3898=DIRECTION('center_axis',(0.,1.,0.));
#3899=DIRECTION('ref_axis',(-0.355380557512881,0.,-0.93472170154642));
#3900=DIRECTION('center_axis',(0.,0.,-1.));
#3901=DIRECTION('ref_axis',(1.,0.,0.));
#3902=DIRECTION('',(0.,-1.,0.));
#3903=DIRECTION('',(1.,0.,0.));
#3904=DIRECTION('center_axis',(0.,-1.,0.));
#3905=DIRECTION('ref_axis',(0.38268343236509,0.,-0.923879532511287));
#3906=DIRECTION('',(0.,1.,0.));
#3907=DIRECTION('center_axis',(0.,1.,0.));
#3908=DIRECTION('ref_axis',(0.38268343236509,0.,-0.923879532511287));
#3909=DIRECTION('center_axis',(0.707106781186548,0.,-0.707106781186548));
#3910=DIRECTION('ref_axis',(0.707106781186548,0.,0.707106781186548));
#3911=DIRECTION('',(0.,-1.,0.));
#3912=DIRECTION('',(0.707106781186548,0.,0.707106781186548));
#3913=DIRECTION('center_axis',(0.,-1.,0.));
#3914=DIRECTION('ref_axis',(-0.707106781186546,0.,-0.707106781186549));
#3915=DIRECTION('',(0.,1.,0.));
#3916=DIRECTION('center_axis',(0.,1.,0.));
#3917=DIRECTION('ref_axis',(-0.707106781186546,0.,-0.707106781186549));
#3918=DIRECTION('',(0.,-1.,0.));
#3919=DIRECTION('center_axis',(0.,0.,-1.));
#3920=DIRECTION('ref_axis',(1.,0.,0.));
#3921=DIRECTION('',(0.,-1.,0.));
#3922=DIRECTION('',(1.,0.,0.));
#3923=DIRECTION('center_axis',(0.,1.,0.));
#3924=DIRECTION('ref_axis',(0.707106781186546,0.,-0.707106781186549));
#3925=DIRECTION('',(0.,1.,0.));
#3926=DIRECTION('center_axis',(0.,1.,0.));
#3927=DIRECTION('ref_axis',(0.707106781186546,0.,-0.707106781186549));
#3928=DIRECTION('center_axis',(1.,0.,0.));
#3929=DIRECTION('ref_axis',(0.,0.,-1.));
#3930=DIRECTION('',(0.,-1.,0.));
#3931=DIRECTION('',(0.,0.,1.));
#3932=DIRECTION('center_axis',(0.,0.,1.));
#3933=DIRECTION('ref_axis',(0.707106781186546,-0.707106781186549,0.));
#3934=DIRECTION('center_axis',(0.,0.,-1.));
#3935=DIRECTION('ref_axis',(0.707106781186546,-0.707106781186549,0.));
#3936=DIRECTION('center_axis',(0.,0.,1.));
#3937=DIRECTION('ref_axis',(0.707106781186546,-0.707106781186549,0.));
#3938=DIRECTION('',(0.,0.,1.));
#3939=DIRECTION('center_axis',(0.,0.,1.));
#3940=DIRECTION('ref_axis',(1.,0.,0.));
#3941=DIRECTION('',(0.,1.,0.));
#3942=DIRECTION('center_axis',(0.,0.,-1.));
#3943=DIRECTION('ref_axis',(0.707106781186548,0.707106781186548,0.));
#3944=DIRECTION('center_axis',(0.,0.,-1.));
#3945=DIRECTION('ref_axis',(-0.707106781186549,0.707106781186546,0.));
#3946=DIRECTION('',(0.,-1.,0.));
#3947=DIRECTION('center_axis',(0.,0.,-1.));
#3948=DIRECTION('ref_axis',(-0.707106781186547,-0.707106781186548,0.));
#3949=DIRECTION('',(-1.,0.,0.));
#3950=DIRECTION('center_axis',(0.,0.,1.));
#3951=DIRECTION('ref_axis',(-0.707106781186547,-0.707106781186548,0.));
#3952=DIRECTION('',(0.,0.,-1.));
#3953=DIRECTION('center_axis',(0.,0.,1.));
#3954=DIRECTION('ref_axis',(-0.707106781186547,-0.707106781186548,0.));
#3955=DIRECTION('center_axis',(-1.,0.,0.));
#3956=DIRECTION('ref_axis',(0.,-1.,0.));
#3957=DIRECTION('',(0.,0.,1.));
#3958=DIRECTION('',(0.,1.,0.));
#3959=DIRECTION('center_axis',(0.,0.,1.));
#3960=DIRECTION('ref_axis',(0.707106781186548,0.707106781186548,0.));
#3961=DIRECTION('',(0.,0.,-1.));
#3962=DIRECTION('center_axis',(0.,0.,1.));
#3963=DIRECTION('ref_axis',(0.707106781186548,0.707106781186548,0.));
#3964=DIRECTION('center_axis',(0.,0.,1.));
#3965=DIRECTION('ref_axis',(-0.707106781186549,0.707106781186546,0.));
#3966=DIRECTION('center_axis',(0.,0.,1.));
#3967=DIRECTION('ref_axis',(-0.707106781186549,0.707106781186546,0.));
#3968=DIRECTION('center_axis',(0.,1.,0.));
#3969=DIRECTION('ref_axis',(0.70710678118654,0.,0.707106781186555));
#3970=DIRECTION('',(0.,1.,0.));
#3971=DIRECTION('',(0.,-1.,0.));
#3972=DIRECTION('center_axis',(0.,0.,1.));
#3973=DIRECTION('ref_axis',(1.,0.,0.));
#3974=DIRECTION('',(0.,-1.,0.));
#3975=DIRECTION('center_axis',(0.,1.,0.));
#3976=DIRECTION('ref_axis',(-0.707106781186546,0.,0.707106781186549));
#3977=DIRECTION('',(0.,1.,0.));
#3978=DIRECTION('center_axis',(-1.,0.,0.));
#3979=DIRECTION('ref_axis',(0.,0.,1.));
#3980=DIRECTION('',(0.,-1.,0.));
#3981=DIRECTION('center_axis',(0.,1.,0.));
#3982=DIRECTION('ref_axis',(-0.707106781186546,0.,-0.707106781186549));
#3983=DIRECTION('center_axis',(0.,1.,0.));
#3984=DIRECTION('ref_axis',(0.70710678118654,0.,-0.707106781186555));
#3985=DIRECTION('',(0.,1.,0.));
#3986=DIRECTION('center_axis',(1.,0.,0.));
#3987=DIRECTION('ref_axis',(0.,0.,-1.));
#3988=DIRECTION('center_axis',(0.,1.,0.));
#3989=DIRECTION('ref_axis',(0.707106781186546,0.,0.707106781186549));
#3990=DIRECTION('',(0.,1.,0.));
#3991=DIRECTION('center_axis',(0.,1.,0.));
#3992=DIRECTION('ref_axis',(0.707106781186546,0.,0.707106781186549));
#3993=DIRECTION('',(0.,-1.,0.));
#3994=DIRECTION('center_axis',(0.,0.,1.));
#3995=DIRECTION('ref_axis',(1.,0.,0.));
#3996=DIRECTION('',(0.,-1.,0.));
#3997=DIRECTION('',(-1.,0.,0.));
#3998=DIRECTION('center_axis',(-1.,0.,0.));
#3999=DIRECTION('ref_axis',(0.,0.,-1.));
#4000=DIRECTION('',(0.,0.,-1.));
#4001=DIRECTION('',(0.,1.,0.));
#4002=DIRECTION('center_axis',(0.,-1.,0.));
#4003=DIRECTION('ref_axis',(0.923879532511286,0.,-0.382683432365091));
#4004=DIRECTION('',(0.,1.,0.));
#4005=DIRECTION('center_axis',(0.,1.,0.));
#4006=DIRECTION('ref_axis',(0.923879532511286,0.,-0.382683432365091));
#4007=DIRECTION('center_axis',(0.,-1.,0.));
#4008=DIRECTION('ref_axis',(-0.707106781186546,0.,0.707106781186549));
#4009=DIRECTION('center_axis',(0.,1.,0.));
#4010=DIRECTION('ref_axis',(-0.707106781186546,0.,0.707106781186549));
#4011=DIRECTION('center_axis',(-1.,0.,0.));
#4012=DIRECTION('ref_axis',(0.,0.,1.));
#4013=DIRECTION('',(0.,0.,-1.));
#4014=DIRECTION('',(0.,1.,0.));
#4015=DIRECTION('center_axis',(0.,-1.,0.));
#4016=DIRECTION('ref_axis',(0.707106781186546,0.,0.707106781186549));
#4017=DIRECTION('',(0.,1.,0.));
#4018=DIRECTION('center_axis',(0.,1.,0.));
#4019=DIRECTION('ref_axis',(0.707106781186546,0.,0.707106781186549));
#4020=DIRECTION('center_axis',(0.,1.,0.));
#4021=DIRECTION('ref_axis',(-0.707106781186546,0.,0.707106781186549));
#4022=DIRECTION('center_axis',(0.,1.,0.));
#4023=DIRECTION('ref_axis',(-0.707106781186546,0.,0.707106781186549));
#4024=DIRECTION('',(0.,-1.,0.));
#4025=DIRECTION('center_axis',(0.,-1.,0.));
#4026=DIRECTION('ref_axis',(1.,0.,0.));
#4027=DIRECTION('',(0.,0.,1.));
#4028=DIRECTION('',(-1.,0.,0.));
#4029=DIRECTION('',(0.,0.,-1.));
#4030=DIRECTION('',(1.,0.,0.));
#4031=DIRECTION('',(0.,0.,1.));
#4032=DIRECTION('',(-1.,0.,0.));
#4033=DIRECTION('',(0.,0.,-1.));
#4034=DIRECTION('',(1.,0.,0.));
#4035=DIRECTION('',(-1.,0.,0.));
#4036=DIRECTION('',(0.,0.,1.));
#4037=DIRECTION('',(0.,0.,1.));
#4038=DIRECTION('center_axis',(0.,1.,0.));
#4039=DIRECTION('ref_axis',(0.707106781186548,0.,0.707106781186548));
#4040=DIRECTION('',(-1.,0.,0.));
#4041=DIRECTION('center_axis',(0.,1.,0.));
#4042=DIRECTION('ref_axis',(0.707106781186548,0.,-0.707106781186547));
#4043=DIRECTION('center_axis',(0.,1.,0.));
#4044=DIRECTION('ref_axis',(0.707106781186548,0.,-0.707106781186547));
#4045=DIRECTION('',(0.,1.,0.));
#4046=DIRECTION('center_axis',(1.,0.,0.));
#4047=DIRECTION('ref_axis',(0.,0.,-1.));
#4048=DIRECTION('',(0.,-1.,0.));
#4049=DIRECTION('center_axis',(0.,1.,0.));
#4050=DIRECTION('ref_axis',(0.707106781186548,0.,0.707106781186548));
#4051=DIRECTION('',(0.,1.,0.));
#4052=DIRECTION('center_axis',(0.,0.,1.));
#4053=DIRECTION('ref_axis',(1.,0.,0.));
#4054=DIRECTION('center_axis',(0.,0.,1.));
#4055=DIRECTION('ref_axis',(1.,0.,0.));
#4056=DIRECTION('center_axis',(0.707106781186543,-0.707106781186552,0.));
#4057=DIRECTION('ref_axis',(0.,0.,-1.));
#4058=DIRECTION('',(-0.577350269189631,-0.577350269189623,-0.577350269189623));
#4059=DIRECTION('',(0.,0.,1.));
#4060=DIRECTION('',(0.577350269189631,0.577350269189623,-0.577350269189623));
#4061=DIRECTION('center_axis',(-1.,0.,0.));
#4062=DIRECTION('ref_axis',(0.,0.,1.));
#4063=DIRECTION('',(0.,0.707106781186548,0.707106781186548));
#4064=DIRECTION('',(0.,1.,0.));
#4065=DIRECTION('',(0.,1.,0.));
#4066=DIRECTION('',(0.,-0.707106781186548,0.707106781186548));
#4067=DIRECTION('center_axis',(-0.707106781186543,-0.707106781186552,0.));
#4068=DIRECTION('ref_axis',(0.,0.,1.));
#4069=DIRECTION('',(0.577350269189631,-0.577350269189623,0.577350269189623));
#4070=DIRECTION('',(0.,0.,-1.));
#4071=DIRECTION('',(-0.577350269189631,0.577350269189623,0.577350269189623));
#4072=DIRECTION('center_axis',(1.,0.,0.));
#4073=DIRECTION('ref_axis',(0.,0.,-1.));
#4074=DIRECTION('',(0.,0.707106781186548,-0.707106781186548));
#4075=DIRECTION('',(0.,1.,0.));
#4076=DIRECTION('',(0.,1.,0.));
#4077=DIRECTION('',(0.,-0.707106781186548,-0.707106781186548));
#4078=DIRECTION('center_axis',(0.707106781186543,0.707106781186552,0.));
#4079=DIRECTION('ref_axis',(0.,0.,-1.));
#4080=DIRECTION('',(0.577350269189626,-0.577350269189619,-0.577350269189632));
#4081=DIRECTION('',(0.,0.,1.));
#4082=DIRECTION('',(-0.577350269189626,0.577350269189619,-0.577350269189632));
#4083=DIRECTION('',(0.,0.,-1.));
#4084=DIRECTION('center_axis',(0.,-1.,0.));
#4085=DIRECTION('ref_axis',(0.,0.,1.));
#4086=DIRECTION('',(-0.707106781186544,0.,0.707106781186551));
#4087=DIRECTION('',(-1.,0.,0.));
#4088=DIRECTION('',(-1.,0.,0.));
#4089=DIRECTION('',(0.707106781186544,0.,0.707106781186551));
#4090=DIRECTION('center_axis',(0.707106781186543,-0.707106781186552,0.));
#4091=DIRECTION('ref_axis',(0.,0.,-1.));
#4092=DIRECTION('',(0.577350269189626,0.577350269189619,0.577350269189632));
#4093=DIRECTION('',(0.,0.,-1.));
#4094=DIRECTION('',(-0.577350269189626,-0.577350269189619,0.577350269189632));
#4095=DIRECTION('',(0.,0.,1.));
#4096=DIRECTION('center_axis',(0.,1.,0.));
#4097=DIRECTION('ref_axis',(0.,0.,-1.));
#4098=DIRECTION('',(-0.707106781186544,0.,-0.707106781186551));
#4099=DIRECTION('',(-1.,0.,0.));
#4100=DIRECTION('',(-1.,0.,0.));
#4101=DIRECTION('',(0.707106781186544,0.,-0.707106781186551));
#4102=DIRECTION('center_axis',(0.707106781186547,-0.707106781186548,0.));
#4103=DIRECTION('ref_axis',(0.,0.,-1.));
#4104=DIRECTION('',(-0.577350269189627,-0.577350269189625,-0.577350269189625));
#4105=DIRECTION('',(0.,0.,1.));
#4106=DIRECTION('',(0.577350269189627,0.577350269189625,-0.577350269189625));
#4107=DIRECTION('center_axis',(-1.,0.,0.));
#4108=DIRECTION('ref_axis',(0.,0.,1.));
#4109=DIRECTION('',(0.,1.,0.));
#4110=DIRECTION('',(0.,1.,0.));
#4111=DIRECTION('center_axis',(-0.707106781186547,-0.707106781186548,0.));
#4112=DIRECTION('ref_axis',(0.,0.,1.));
#4113=DIRECTION('',(0.577350269189627,-0.577350269189625,0.577350269189625));
#4114=DIRECTION('',(0.,0.,-1.));
#4115=DIRECTION('',(-0.577350269189627,0.577350269189625,0.577350269189625));
#4116=DIRECTION('center_axis',(1.,0.,0.));
#4117=DIRECTION('ref_axis',(0.,0.,-1.));
#4118=DIRECTION('',(0.,1.,0.));
#4119=DIRECTION('',(0.,1.,0.));
#4120=DIRECTION('center_axis',(0.707106781186551,0.707106781186544,0.));
#4121=DIRECTION('ref_axis',(0.,0.,-1.));
#4122=DIRECTION('',(0.577350269189622,-0.577350269189628,-0.577350269189628));
#4123=DIRECTION('',(0.,0.,1.));
#4124=DIRECTION('',(-0.577350269189622,0.577350269189628,-0.577350269189628));
#4125=DIRECTION('',(0.,0.,-1.));
#4126=DIRECTION('center_axis',(0.,-1.,0.));
#4127=DIRECTION('ref_axis',(0.,0.,1.));
#4128=DIRECTION('',(-1.,0.,0.));
#4129=DIRECTION('',(-1.,0.,0.));
#4130=DIRECTION('center_axis',(0.707106781186551,-0.707106781186544,0.));
#4131=DIRECTION('ref_axis',(0.,0.,-1.));
#4132=DIRECTION('',(0.577350269189622,0.577350269189627,0.577350269189628));
#4133=DIRECTION('',(0.,0.,-1.));
#4134=DIRECTION('',(-0.577350269189622,-0.577350269189627,0.577350269189628));
#4135=DIRECTION('',(0.,0.,1.));
#4136=DIRECTION('center_axis',(0.,1.,0.));
#4137=DIRECTION('ref_axis',(0.,0.,-1.));
#4138=DIRECTION('',(-1.,0.,0.));
#4139=DIRECTION('',(-1.,0.,0.));
#4140=DIRECTION('center_axis',(0.707106781186551,0.,-0.707106781186544));
#4141=DIRECTION('ref_axis',(-0.707106781186544,0.,-0.707106781186551));
#4142=DIRECTION('',(0.,1.,0.));
#4143=DIRECTION('',(0.,-1.,0.));
#4144=DIRECTION('center_axis',(0.,0.,1.));
#4145=DIRECTION('ref_axis',(0.,1.,0.));
#4146=DIRECTION('center_axis',(0.707106781186551,0.,-0.707106781186544));
#4147=DIRECTION('ref_axis',(-0.707106781186544,0.,-0.707106781186551));
#4148=DIRECTION('',(0.,1.,0.));
#4149=DIRECTION('',(0.,-1.,0.));
#4150=DIRECTION('center_axis',(0.,0.,1.));
#4151=DIRECTION('ref_axis',(0.,1.,0.));
#4152=DIRECTION('center_axis',(0.707106781186551,0.,0.707106781186544));
#4153=DIRECTION('ref_axis',(0.707106781186544,0.,-0.707106781186551));
#4154=DIRECTION('',(0.,-1.,0.));
#4155=DIRECTION('',(0.,1.,0.));
#4156=DIRECTION('center_axis',(0.,0.,-1.));
#4157=DIRECTION('ref_axis',(0.,-1.,0.));
#4158=DIRECTION('center_axis',(0.707106781186551,0.,0.707106781186544));
#4159=DIRECTION('ref_axis',(0.707106781186544,0.,-0.707106781186551));
#4160=DIRECTION('',(0.,-1.,0.));
#4161=DIRECTION('',(0.,1.,0.));
#4162=DIRECTION('center_axis',(0.,0.,-1.));
#4163=DIRECTION('ref_axis',(0.,-1.,0.));
#4164=DIRECTION('center_axis',(0.,-0.707106781186548,-0.707106781186548));
#4165=DIRECTION('ref_axis',(-1.,0.,0.));
#4166=DIRECTION('',(1.,0.,0.));
#4167=DIRECTION('center_axis',(0.,0.,1.));
#4168=DIRECTION('ref_axis',(1.,0.,0.));
#4169=DIRECTION('center_axis',(0.,-0.707106781186548,-0.707106781186548));
#4170=DIRECTION('ref_axis',(-1.,0.,0.));
#4171=DIRECTION('',(1.,0.,0.));
#4172=DIRECTION('center_axis',(0.,0.,1.));
#4173=DIRECTION('ref_axis',(1.,0.,0.));
#4174=DIRECTION('center_axis',(0.,-0.707106781186548,0.707106781186548));
#4175=DIRECTION('ref_axis',(1.,0.,0.));
#4176=DIRECTION('',(-1.,0.,0.));
#4177=DIRECTION('center_axis',(0.,0.,-1.));
#4178=DIRECTION('ref_axis',(-1.,0.,0.));
#4179=DIRECTION('center_axis',(0.,-0.707106781186548,0.707106781186548));
#4180=DIRECTION('ref_axis',(1.,0.,0.));
#4181=DIRECTION('',(-1.,0.,0.));
#4182=DIRECTION('center_axis',(0.,0.,-1.));
#4183=DIRECTION('ref_axis',(-1.,0.,0.));
#4184=DIRECTION('center_axis',(1.,0.,0.));
#4185=DIRECTION('ref_axis',(0.,0.,1.));
#4186=DIRECTION('center_axis',(1.,0.,0.));
#4187=DIRECTION('ref_axis',(0.,1.,0.));
#4188=DIRECTION('',(0.,-1.,0.));
#4189=DIRECTION('center_axis',(0.,0.,1.));
#4190=DIRECTION('ref_axis',(1.,0.,0.));
#4191=DIRECTION('center_axis',(0.707106781186543,0.707106781186552,0.));
#4192=DIRECTION('ref_axis',(0.,0.,-1.));
#4193=DIRECTION('',(-0.707106781186552,0.707106781186543,0.));
#4194=DIRECTION('',(0.,0.,-1.));
#4195=DIRECTION('',(0.707106781186552,-0.707106781186543,0.));
#4196=DIRECTION('',(0.,0.,1.));
#4197=DIRECTION('center_axis',(-1.,0.,0.));
#4198=DIRECTION('ref_axis',(0.,0.,-1.));
#4199=DIRECTION('',(0.,1.,0.));
#4200=DIRECTION('',(0.,0.,1.));
#4201=DIRECTION('',(0.,1.,0.));
#4202=DIRECTION('center_axis',(-0.707106781186543,0.707106781186552,0.));
#4203=DIRECTION('ref_axis',(0.,0.,1.));
#4204=DIRECTION('',(0.707106781186552,0.707106781186543,0.));
#4205=DIRECTION('',(0.,0.,1.));
#4206=DIRECTION('',(-0.707106781186552,-0.707106781186543,0.));
#4207=DIRECTION('',(0.,0.,-1.));
#4208=DIRECTION('center_axis',(1.,0.,0.));
#4209=DIRECTION('ref_axis',(0.,0.,1.));
#4210=DIRECTION('',(0.,1.,0.));
#4211=DIRECTION('',(0.,0.,-1.));
#4212=DIRECTION('',(0.,-1.,0.));
#4213=DIRECTION('center_axis',(-0.70710678118656,-0.707106781186535,0.));
#4214=DIRECTION('ref_axis',(0.,0.,1.));
#4215=DIRECTION('',(0.707106781186535,-0.70710678118656,0.));
#4216=DIRECTION('',(0.,0.,-1.));
#4217=DIRECTION('',(-0.707106781186535,0.70710678118656,0.));
#4218=DIRECTION('',(0.,0.,1.));
#4219=DIRECTION('center_axis',(1.,0.,0.));
#4220=DIRECTION('ref_axis',(0.,0.,-1.));
#4221=DIRECTION('',(0.,-1.,0.));
#4222=DIRECTION('',(0.,0.,1.));
#4223=DIRECTION('',(0.,-1.,0.));
#4224=DIRECTION('center_axis',(0.70710678118656,-0.707106781186535,0.));
#4225=DIRECTION('ref_axis',(0.,0.,-1.));
#4226=DIRECTION('',(-0.707106781186535,-0.70710678118656,0.));
#4227=DIRECTION('',(0.,0.,1.));
#4228=DIRECTION('',(0.707106781186535,0.70710678118656,0.));
#4229=DIRECTION('',(0.,0.,-1.));
#4230=DIRECTION('center_axis',(-1.,0.,0.));
#4231=DIRECTION('ref_axis',(0.,0.,1.));
#4232=DIRECTION('',(0.,1.,0.));
#4233=DIRECTION('',(0.,0.,-1.));
#4234=DIRECTION('',(0.,-1.,0.));
#4235=DIRECTION('center_axis',(0.,-1.,0.));
#4236=DIRECTION('ref_axis',(0.,0.,-1.));
#4237=DIRECTION('',(-1.,0.,0.));
#4238=DIRECTION('',(0.,0.,1.));
#4239=DIRECTION('',(1.,0.,0.));
#4240=DIRECTION('center_axis',(0.,1.,0.));
#4241=DIRECTION('ref_axis',(0.,0.,1.));
#4242=DIRECTION('',(1.,0.,0.));
#4243=DIRECTION('',(0.,0.,1.));
#4244=DIRECTION('',(-1.,0.,0.));
#4245=DIRECTION('center_axis',(0.,0.,-1.));
#4246=DIRECTION('ref_axis',(1.,0.,0.));
#4247=DIRECTION('',(-1.,0.,0.));
#4248=DIRECTION('',(0.,-1.,0.));
#4249=DIRECTION('',(1.,0.,0.));
#4250=DIRECTION('',(0.,-1.,0.));
#4251=DIRECTION('',(-1.,0.,0.));
#4252=DIRECTION('',(0.,-1.,0.));
#4253=DIRECTION('',(-1.,0.,0.));
#4254=DIRECTION('',(1.,0.,0.));
#4255=DIRECTION('',(0.,-1.,0.));
#4256=DIRECTION('',(1.,0.,0.));
#4257=DIRECTION('center_axis',(0.,0.,1.));
#4258=DIRECTION('ref_axis',(-1.,0.,0.));
#4259=DIRECTION('',(1.,0.,0.));
#4260=DIRECTION('',(-1.,0.,0.));
#4261=DIRECTION('',(0.,1.,0.));
#4262=DIRECTION('',(-1.,0.,0.));
#4263=DIRECTION('',(1.,0.,0.));
#4264=DIRECTION('',(0.,1.,0.));
#4265=DIRECTION('',(1.,0.,0.));
#4266=DIRECTION('',(0.,1.,0.));
#4267=DIRECTION('',(-1.,0.,0.));
#4268=DIRECTION('',(0.,1.,0.));
#4269=DIRECTION('center_axis',(0.,-1.,0.));
#4270=DIRECTION('ref_axis',(0.,0.,-1.));
#4271=DIRECTION('',(0.,0.,-1.));
#4272=DIRECTION('center_axis',(0.,1.,0.));
#4273=DIRECTION('ref_axis',(-1.,0.,0.));
#4274=DIRECTION('',(0.,0.,1.));
#4275=DIRECTION('',(-1.,0.,0.));
#4276=DIRECTION('',(0.,0.,1.));
#4277=DIRECTION('center_axis',(0.,1.,0.));
#4278=DIRECTION('ref_axis',(-1.,0.,0.));
#4279=DIRECTION('',(0.,0.,1.));
#4280=DIRECTION('',(1.,0.,0.));
#4281=DIRECTION('',(0.,0.,1.));
#4282=DIRECTION('center_axis',(1.,0.,0.));
#4283=DIRECTION('ref_axis',(0.,1.,0.));
#4284=DIRECTION('',(0.,1.,0.));
#4285=DIRECTION('',(0.,0.,1.));
#4286=DIRECTION('center_axis',(1.,0.,0.));
#4287=DIRECTION('ref_axis',(0.,1.,0.));
#4288=DIRECTION('',(0.,0.,1.));
#4289=DIRECTION('',(0.,1.,0.));
#4290=DIRECTION('center_axis',(0.,1.,0.));
#4291=DIRECTION('ref_axis',(0.,0.,1.));
#4292=DIRECTION('',(0.,0.,1.));
#4293=DIRECTION('center_axis',(1.,0.,0.));
#4294=DIRECTION('ref_axis',(0.,1.,0.));
#4295=DIRECTION('',(0.,0.,1.));
#4296=DIRECTION('',(0.,1.,0.));
#4297=DIRECTION('',(0.,0.,-1.));
#4298=DIRECTION('center_axis',(1.,0.,0.));
#4299=DIRECTION('ref_axis',(0.,1.,0.));
#4300=DIRECTION('',(0.,0.,-1.));
#4301=DIRECTION('',(0.,1.,0.));
#4302=DIRECTION('',(0.,0.,1.));
#4303=DIRECTION('center_axis',(0.,-1.,0.));
#4304=DIRECTION('ref_axis',(1.,0.,0.));
#4305=DIRECTION('',(1.,0.,0.));
#4306=DIRECTION('',(0.,0.,1.));
#4307=DIRECTION('center_axis',(0.,-1.,0.));
#4308=DIRECTION('ref_axis',(1.,0.,0.));
#4309=DIRECTION('',(0.,0.,1.));
#4310=DIRECTION('',(1.,0.,0.));
#4311=DIRECTION('center_axis',(-1.,0.,0.));
#4312=DIRECTION('ref_axis',(0.,0.,1.));
#4313=DIRECTION('center_axis',(1.,0.,0.));
#4314=DIRECTION('ref_axis',(0.,1.,0.));
#4315=DIRECTION('',(0.,1.,0.));
#4316=DIRECTION('center_axis',(1.,0.,0.));
#4317=DIRECTION('ref_axis',(0.,1.,0.));
#4318=DIRECTION('',(0.,1.,0.));
#4319=DIRECTION('center_axis',(0.,0.,1.));
#4320=DIRECTION('ref_axis',(1.,0.,0.));
#4321=DIRECTION('center_axis',(0.,0.,1.));
#4322=DIRECTION('ref_axis',(0.707106781186548,0.707106781186548,0.));
#4323=DIRECTION('',(-1.,0.,0.));
#4324=DIRECTION('center_axis',(0.,0.,1.));
#4325=DIRECTION('ref_axis',(-0.707106781186549,0.707106781186546,0.));
#4326=DIRECTION('',(0.,-1.,0.));
#4327=DIRECTION('center_axis',(0.,0.,1.));
#4328=DIRECTION('ref_axis',(-0.707106781186547,-0.707106781186548,0.));
#4329=DIRECTION('',(1.,0.,0.));
#4330=DIRECTION('center_axis',(0.,0.,1.));
#4331=DIRECTION('ref_axis',(0.707106781186546,-0.707106781186549,0.));
#4332=DIRECTION('center_axis',(0.,-1.,0.));
#4333=DIRECTION('ref_axis',(1.,0.,0.));
#4334=DIRECTION('',(1.,0.,0.));
#4335=DIRECTION('',(0.,0.,1.));
#4336=DIRECTION('',(0.,0.,1.));
#4337=DIRECTION('center_axis',(0.,0.,1.));
#4338=DIRECTION('ref_axis',(-0.707106781186547,-0.707106781186548,0.));
#4339=DIRECTION('center_axis',(0.,0.,-1.));
#4340=DIRECTION('ref_axis',(-0.707106781186547,-0.707106781186548,0.));
#4341=DIRECTION('',(0.,0.,1.));
#4342=DIRECTION('center_axis',(-1.,0.,0.));
#4343=DIRECTION('ref_axis',(0.,-1.,0.));
#4344=DIRECTION('',(0.,-1.,0.));
#4345=DIRECTION('',(0.,0.,1.));
#4346=DIRECTION('center_axis',(0.,0.,1.));
#4347=DIRECTION('ref_axis',(-0.707106781186549,0.707106781186546,0.));
#4348=DIRECTION('center_axis',(0.,0.,-1.));
#4349=DIRECTION('ref_axis',(-0.707106781186549,0.707106781186546,0.));
#4350=DIRECTION('',(0.,0.,1.));
#4351=DIRECTION('center_axis',(0.,1.,0.));
#4352=DIRECTION('ref_axis',(-1.,0.,0.));
#4353=DIRECTION('',(-1.,0.,0.));
#4354=DIRECTION('',(0.,0.,1.));
#4355=DIRECTION('center_axis',(0.,0.,1.));
#4356=DIRECTION('ref_axis',(0.707106781186548,0.707106781186548,0.));
#4357=DIRECTION('center_axis',(0.,0.,-1.));
#4358=DIRECTION('ref_axis',(0.707106781186548,0.707106781186548,0.));
#4359=DIRECTION('center_axis',(0.,0.,1.));
#4360=DIRECTION('ref_axis',(0.707106781186546,-0.707106781186549,0.));
#4361=DIRECTION('center_axis',(0.,0.,-1.));
#4362=DIRECTION('ref_axis',(0.707106781186546,-0.707106781186549,0.));
#4363=DIRECTION('center_axis',(0.,0.,1.));
#4364=DIRECTION('ref_axis',(1.,0.,0.));
#4365=DIRECTION('center_axis',(0.,0.,1.));
#4366=DIRECTION('ref_axis',(1.,0.,0.));
#4367=DIRECTION('',(0.,1.,0.));
#4368=DIRECTION('',(1.,0.,0.));
#4369=DIRECTION('',(0.,-1.,0.));
#4370=DIRECTION('',(-1.,0.,0.));
#4371=DIRECTION('center_axis',(1.,0.,0.));
#4372=DIRECTION('ref_axis',(0.,0.,-1.));
#4373=DIRECTION('',(0.,0.,-1.));
#4374=DIRECTION('',(0.,1.,0.));
#4375=DIRECTION('',(0.,0.,1.));
#4376=DIRECTION('',(0.,-1.,0.));
#4377=DIRECTION('',(0.,0.,1.));
#4378=DIRECTION('',(0.,1.,0.));
#4379=DIRECTION('',(0.,0.,1.));
#4380=DIRECTION('',(0.,-1.,0.));
#4381=DIRECTION('',(0.,0.,-1.));
#4382=DIRECTION('',(0.,1.,0.));
#4383=DIRECTION('',(0.,0.,-1.));
#4384=DIRECTION('center_axis',(0.,1.,0.));
#4385=DIRECTION('ref_axis',(1.,0.,0.));
#4386=DIRECTION('',(0.,0.,-1.));
#4387=DIRECTION('',(-1.,0.,0.));
#4388=DIRECTION('center_axis',(-0.707106781186548,0.707106781186548,0.));
#4389=DIRECTION('ref_axis',(0.,0.,1.));
#4390=DIRECTION('',(0.707106781186548,0.707106781186548,0.));
#4391=DIRECTION('',(0.,0.,-1.));
#4392=DIRECTION('',(-0.707106781186548,-0.707106781186548,0.));
#4393=DIRECTION('',(0.,0.,-1.));
#4394=DIRECTION('center_axis',(0.,1.,0.));
#4395=DIRECTION('ref_axis',(0.,0.,1.));
#4396=DIRECTION('',(1.,0.,0.));
#4397=DIRECTION('',(0.,0.,1.));
#4398=DIRECTION('',(-1.,0.,0.));
#4399=DIRECTION('center_axis',(0.,0.,1.));
#4400=DIRECTION('ref_axis',(0.,-1.,0.));
#4401=DIRECTION('',(1.,0.,0.));
#4402=DIRECTION('',(0.,1.,0.));
#4403=DIRECTION('',(1.,0.,0.));
#4404=DIRECTION('',(-0.707106781186546,0.707106781186549,0.));
#4405=DIRECTION('',(-1.,0.,0.));
#4406=DIRECTION('',(-0.707106781186546,-0.707106781186549,0.));
#4407=DIRECTION('',(1.,0.,0.));
#4408=DIRECTION('',(-1.,0.,0.));
#4409=DIRECTION('',(0.,1.,0.));
#4410=DIRECTION('',(1.,0.,0.));
#4411=DIRECTION('',(1.,0.,0.));
#4412=DIRECTION('',(0.707106781186548,-0.707106781186548,0.));
#4413=DIRECTION('center_axis',(0.707106781186548,0.707106781186548,0.));
#4414=DIRECTION('ref_axis',(0.,0.,-1.));
#4415=DIRECTION('',(-0.707106781186548,0.707106781186548,0.));
#4416=DIRECTION('',(0.,0.,1.));
#4417=DIRECTION('center_axis',(-0.707106781186549,-0.707106781186546,0.));
#4418=DIRECTION('ref_axis',(0.,0.,1.));
#4419=DIRECTION('',(0.707106781186546,-0.707106781186549,0.));
#4420=DIRECTION('',(0.,0.,1.));
#4421=DIRECTION('',(0.,0.,1.));
#4422=DIRECTION('center_axis',(0.,-1.,0.));
#4423=DIRECTION('ref_axis',(0.,0.,-1.));
#4424=DIRECTION('',(1.,0.,0.));
#4425=DIRECTION('',(0.,0.,-1.));
#4426=DIRECTION('center_axis',(0.707106781186549,-0.707106781186546,0.));
#4427=DIRECTION('ref_axis',(0.,0.,-1.));
#4428=DIRECTION('',(0.707106781186546,0.707106781186549,0.));
#4429=DIRECTION('',(0.,0.,-1.));
#4430=DIRECTION('center_axis',(0.,1.,0.));
#4431=DIRECTION('ref_axis',(0.,0.,1.));
#4432=DIRECTION('',(1.,0.,0.));
#4433=DIRECTION('',(0.,0.,1.));
#4434=DIRECTION('center_axis',(0.,-1.,0.));
#4435=DIRECTION('ref_axis',(0.,0.,-1.));
#4436=DIRECTION('',(1.,0.,0.));
#4437=DIRECTION('center_axis',(0.,-1.,0.));
#4438=DIRECTION('ref_axis',(0.,0.,-1.));
#4439=DIRECTION('',(0.,0.,-1.));
#4440=DIRECTION('',(1.,0.,0.));
#4441=DIRECTION('center_axis',(-1.,0.,0.));
#4442=DIRECTION('ref_axis',(0.,1.,0.));
#4443=DIRECTION('',(0.,0.,-1.));
#4444=DIRECTION('',(0.,-1.,0.));
#4445=DIRECTION('center_axis',(0.,-1.,0.));
#4446=DIRECTION('ref_axis',(-1.,0.,0.));
#4447=DIRECTION('',(1.,0.,0.));
#4448=DIRECTION('center_axis',(0.,1.,0.));
#4449=DIRECTION('ref_axis',(-1.,0.,0.));
#4450=DIRECTION('',(0.,0.,1.));
#4451=DIRECTION('',(-1.,0.,0.));
#4452=DIRECTION('center_axis',(0.,1.,0.));
#4453=DIRECTION('ref_axis',(0.,0.,1.));
#4454=DIRECTION('',(1.,0.,0.));
#4455=DIRECTION('center_axis',(0.,0.,-1.));
#4456=DIRECTION('ref_axis',(0.,1.,0.));
#4457=DIRECTION('',(0.,-1.,0.));
#4458=DIRECTION('center_axis',(-1.,0.,0.));
#4459=DIRECTION('ref_axis',(0.,-1.,0.));
#4460=DIRECTION('',(0.,0.,1.));
#4461=DIRECTION('',(0.,-1.,0.));
#4462=DIRECTION('center_axis',(0.,-1.,0.));
#4463=DIRECTION('ref_axis',(1.,0.,0.));
#4464=DIRECTION('',(1.,0.,0.));
#4465=DIRECTION('center_axis',(0.,0.,1.));
#4466=DIRECTION('ref_axis',(1.,0.,0.));
#4467=DIRECTION('center_axis',(-1.,0.,0.));
#4468=DIRECTION('ref_axis',(0.,0.,1.));
#4469=CARTESIAN_POINT('',(0.,0.,0.));
#4470=CARTESIAN_POINT('Origin',(150.,100.,0.));
#4471=CARTESIAN_POINT('',(0.,100.000001490116,20.));
#4472=CARTESIAN_POINT('',(150.000002235174,100.000001490116,20.));
#4473=CARTESIAN_POINT('',(110.,100.000001490116,20.));
#4474=CARTESIAN_POINT('',(0.,100.,0.));
#4475=CARTESIAN_POINT('',(0.,100.,0.));
#4476=CARTESIAN_POINT('',(5.00000007450581,100.,0.));
#4477=CARTESIAN_POINT('',(76.2500000186265,100.,0.));
#4478=CARTESIAN_POINT('',(5.00000007450581,100.,-1.));
#4479=CARTESIAN_POINT('',(5.00000007450581,100.,-0.5));
#4480=CARTESIAN_POINT('',(70.0000010281801,100.,-1.));
#4481=CARTESIAN_POINT('',(150.,100.,-1.));
#4482=CARTESIAN_POINT('',(70.0000010281801,100.,0.));
#4483=CARTESIAN_POINT('',(70.0000010281801,100.,0.));
#4484=CARTESIAN_POINT('',(69.0000010281801,100.,1.));
#4485=CARTESIAN_POINT('Origin',(70.0000010281801,100.,1.));
#4486=CARTESIAN_POINT('',(69.0000010281801,100.,16.));
#4487=CARTESIAN_POINT('',(69.0000010281801,100.,0.));
#4488=CARTESIAN_POINT('',(70.0000010281801,100.,17.));
#4489=CARTESIAN_POINT('Origin',(70.0000010281801,100.,16.));
#4490=CARTESIAN_POINT('',(89.0000013411045,100.,17.));
#4491=CARTESIAN_POINT('',(109.50000051409,100.,17.));
#4492=CARTESIAN_POINT('',(90.0000013411045,100.,16.));
#4493=CARTESIAN_POINT('Origin',(89.0000013411045,100.,16.));
#4494=CARTESIAN_POINT('',(90.0000013411045,100.,1.));
#4495=CARTESIAN_POINT('',(90.0000013411045,100.,8.5));
#4496=CARTESIAN_POINT('',(89.0000013411045,100.,0.));
#4497=CARTESIAN_POINT('Origin',(89.0000013411045,100.,1.));
#4498=CARTESIAN_POINT('',(89.0000013411045,100.,-1.));
#4499=CARTESIAN_POINT('',(89.0000013411045,100.,0.));
#4500=CARTESIAN_POINT('',(145.000002160668,100.,-1.));
#4501=CARTESIAN_POINT('',(150.,100.,-1.));
#4502=CARTESIAN_POINT('',(145.000002160668,100.,0.));
#4503=CARTESIAN_POINT('',(145.000002160668,100.,-0.5));
#4504=CARTESIAN_POINT('',(150.,100.,0.));
#4505=CARTESIAN_POINT('',(148.750000540167,100.,0.));
#4506=CARTESIAN_POINT('',(150.000002235174,100.000001490116,9.));
#4507=CARTESIAN_POINT('',(150.,100.,0.));
#4508=CARTESIAN_POINT('',(150.,100.,14.));
#4509=CARTESIAN_POINT('',(150.,100.,0.));
#4510=CARTESIAN_POINT('',(150.000002235174,100.000001490116,20.));
#4511=CARTESIAN_POINT('Origin',(150.,0.,0.));
#4512=CARTESIAN_POINT('',(150.000002235174,0.,20.));
#4513=CARTESIAN_POINT('',(150.000002235174,27.5,20.));
#4514=CARTESIAN_POINT('',(150.,95.0000014156103,0.));
#4515=CARTESIAN_POINT('',(150.,48.7500003539026,0.));
#4516=CARTESIAN_POINT('',(150.,95.0000014156103,-1.));
#4517=CARTESIAN_POINT('',(150.,95.0000014156103,-0.5));
#4518=CARTESIAN_POINT('',(150.,5.00000007450581,-1.));
#4519=CARTESIAN_POINT('',(150.,0.,-1.));
#4520=CARTESIAN_POINT('',(150.,5.00000007450581,0.));
#4521=CARTESIAN_POINT('',(150.,5.00000007450581,-0.5));
#4522=CARTESIAN_POINT('',(150.,0.,0.));
#4523=CARTESIAN_POINT('',(150.,1.25000001862645,0.));
#4524=CARTESIAN_POINT('',(150.,0.,0.));
#4525=CARTESIAN_POINT('',(150.,10.1999997720122,0.299999993294477));
#4526=CARTESIAN_POINT('',(150.,14.3999996781349,0.299999993294477));
#4527=CARTESIAN_POINT('',(150.,7.19999983906746,0.299999993294477));
#4528=CARTESIAN_POINT('',(150.,14.3999996781349,2.09999995306134));
#4529=CARTESIAN_POINT('',(150.,14.3999996781349,1.04999997653067));
#4530=CARTESIAN_POINT('',(150.,10.1999997720122,2.09999995306134));
#4531=CARTESIAN_POINT('',(150.,5.09999988600612,2.09999995306134));
#4532=CARTESIAN_POINT('',(150.,10.1999997720122,0.149999996647239));
#4533=CARTESIAN_POINT('',(150.,4.5193055148491,2.15123180468626));
#4534=CARTESIAN_POINT('',(150.,4.5193055148491,0.299999993294477));
#4535=CARTESIAN_POINT('',(150.,4.5193055148491,0.149999996647239));
#4536=CARTESIAN_POINT('',(150.,8.79999980330467,0.299999993294477));
#4537=CARTESIAN_POINT('',(150.,4.39999990165234,0.299999993294477));
#4538=CARTESIAN_POINT('',(150.,8.79999980330467,2.15123180468626));
#4539=CARTESIAN_POINT('',(150.,8.79999980330467,1.07561590234313));
#4540=CARTESIAN_POINT('',(150.,2.25965275742455,2.15123180468626));
#4541=CARTESIAN_POINT('Origin',(5.00000007450581,95.0000014156103,-1.));
#4542=CARTESIAN_POINT('',(5.00000007450581,95.0000014156103,-1.));
#4543=CARTESIAN_POINT('',(5.00000007450581,72.5000007078052,-1.));
#4544=CARTESIAN_POINT('',(5.00000007450581,95.0000014156103,0.));
#4545=CARTESIAN_POINT('',(5.00000007450581,100.,0.));
#4546=CARTESIAN_POINT('',(5.00000007450581,95.0000014156103,-1.));
#4547=CARTESIAN_POINT('Origin',(0.,95.0000014156103,-1.));
#4548=CARTESIAN_POINT('',(0.,95.0000014156103,-1.));
#4549=CARTESIAN_POINT('',(37.5,95.0000014156103,-1.));
#4550=CARTESIAN_POINT('',(0.,95.0000014156103,0.));
#4551=CARTESIAN_POINT('',(5.00000007450581,95.0000014156103,0.));
#4552=CARTESIAN_POINT('',(0.,95.0000014156103,-0.5));
#4553=CARTESIAN_POINT('Origin',(2.5000000372529,97.5000007078052,0.));
#4554=CARTESIAN_POINT('',(0.,98.7500003539026,0.));
#4555=CARTESIAN_POINT('',(3.50000000000001,97.5000007450581,0.));
#4556=CARTESIAN_POINT('Origin',(2.5,97.5000007450581,0.));
#4557=CARTESIAN_POINT('Origin',(75.,50.,-1.));
#4558=CARTESIAN_POINT('',(0.,5.00000007450581,-1.));
#4559=CARTESIAN_POINT('',(0.,100.,-1.));
#4560=CARTESIAN_POINT('',(5.00000007450581,5.00000007450581,-1.));
#4561=CARTESIAN_POINT('',(40.0000000372529,5.00000007450581,-1.));
#4562=CARTESIAN_POINT('',(5.00000007450581,0.,-1.));
#4563=CARTESIAN_POINT('',(5.00000007450581,25.,-1.));
#4564=CARTESIAN_POINT('',(145.000002160668,0.,-1.));
#4565=CARTESIAN_POINT('',(0.,0.,-1.));
#4566=CARTESIAN_POINT('',(145.000002160668,5.00000007450581,-1.));
#4567=CARTESIAN_POINT('',(145.000002160668,27.5000000372529,-1.));
#4568=CARTESIAN_POINT('',(112.5,5.00000007450581,-1.));
#4569=CARTESIAN_POINT('',(145.000002160668,95.0000014156103,-1.));
#4570=CARTESIAN_POINT('',(110.000001080334,95.0000014156103,-1.));
#4571=CARTESIAN_POINT('',(145.000002160668,75.,-1.));
#4572=CARTESIAN_POINT('',(89.0000013411045,103.,-1.));
#4573=CARTESIAN_POINT('',(89.0000013411045,74.5000007376075,-1.));
#4574=CARTESIAN_POINT('',(70.0000010281801,103.,-1.));
#4575=CARTESIAN_POINT('',(112.5,103.,-1.));
#4576=CARTESIAN_POINT('',(70.0000010281801,74.5000007376075,-1.));
#4577=CARTESIAN_POINT('Origin',(145.000002160668,5.00000007450581,-1.));
#4578=CARTESIAN_POINT('',(145.000002160668,0.,0.));
#4579=CARTESIAN_POINT('',(145.000002160668,0.,-0.5));
#4580=CARTESIAN_POINT('',(145.000002160668,5.00000007450581,0.));
#4581=CARTESIAN_POINT('',(145.000002160668,0.,0.));
#4582=CARTESIAN_POINT('',(145.000002160668,5.00000007450581,-1.));
#4583=CARTESIAN_POINT('Origin',(150.,5.00000007450581,-1.));
#4584=CARTESIAN_POINT('',(145.000002160668,5.00000007450581,0.));
#4585=CARTESIAN_POINT('Origin',(147.500001080334,2.5000000372529,0.));
#4586=CARTESIAN_POINT('',(73.7500005401671,0.,0.));
#4587=CARTESIAN_POINT('',(148.500001117587,2.5,0.));
#4588=CARTESIAN_POINT('Origin',(147.500001117587,2.5,0.));
#4589=CARTESIAN_POINT('Origin',(145.000002160668,95.0000014156103,-1.));
#4590=CARTESIAN_POINT('',(145.000002160668,95.0000014156103,0.));
#4591=CARTESIAN_POINT('',(145.000002160668,95.0000014156103,0.));
#4592=CARTESIAN_POINT('',(145.000002160668,95.0000014156103,-1.));
#4593=CARTESIAN_POINT('Origin',(145.000002160668,100.,-1.));
#4594=CARTESIAN_POINT('',(145.000002160668,100.,0.));
#4595=CARTESIAN_POINT('Origin',(147.500001080334,97.5000007078052,0.));
#4596=CARTESIAN_POINT('',(148.500001117587,97.5000007450581,0.));
#4597=CARTESIAN_POINT('Origin',(147.500001117587,97.5000007450581,0.));
#4598=CARTESIAN_POINT('Origin',(5.00000007450581,5.00000007450581,-1.));
#4599=CARTESIAN_POINT('',(0.,5.00000007450581,0.));
#4600=CARTESIAN_POINT('',(0.,5.00000007450581,-0.5));
#4601=CARTESIAN_POINT('',(5.00000007450581,5.00000007450581,0.));
#4602=CARTESIAN_POINT('',(5.00000007450581,5.00000007450581,0.));
#4603=CARTESIAN_POINT('',(5.00000007450581,5.00000007450581,-1.));
#4604=CARTESIAN_POINT('Origin',(5.00000007450581,0.,-1.));
#4605=CARTESIAN_POINT('',(5.00000007450581,0.,0.));
#4606=CARTESIAN_POINT('',(5.00000007450581,0.,0.));
#4607=CARTESIAN_POINT('',(5.00000007450581,0.,-0.5));
#4608=CARTESIAN_POINT('Origin',(2.5000000372529,2.5000000372529,0.));
#4609=CARTESIAN_POINT('',(0.,0.,0.));
#4610=CARTESIAN_POINT('',(0.,51.2500000186265,0.));
#4611=CARTESIAN_POINT('',(1.25000001862645,0.,0.));
#4612=CARTESIAN_POINT('',(3.5,2.5,0.));
#4613=CARTESIAN_POINT('Origin',(2.5,2.5,0.));
#4614=CARTESIAN_POINT('Origin',(0.,100.,0.));
#4615=CARTESIAN_POINT('',(0.,0.,20.));
#4616=CARTESIAN_POINT('',(0.,72.5,20.));
#4617=CARTESIAN_POINT('',(0.,0.,0.));
#4618=CARTESIAN_POINT('Origin',(89.0000013411045,103.,0.));
#4619=CARTESIAN_POINT('',(89.0000013411045,103.,0.));
#4620=CARTESIAN_POINT('',(89.0000013411045,74.5000007376075,0.));
#4621=CARTESIAN_POINT('',(89.0000013411045,103.,0.));
#4622=CARTESIAN_POINT('Origin',(70.0000010281801,100.,0.));
#4623=CARTESIAN_POINT('',(70.0000010281801,103.,0.));
#4624=CARTESIAN_POINT('',(70.0000010281801,74.5000007376075,0.));
#4625=CARTESIAN_POINT('',(70.0000010281801,103.,0.));
#4626=CARTESIAN_POINT('Origin',(150.,103.,0.));
#4627=CARTESIAN_POINT('',(151.,103.,-3.));
#4628=CARTESIAN_POINT('',(151.,103.,20.));
#4629=CARTESIAN_POINT('',(151.,103.,0.));
#4630=CARTESIAN_POINT('',(-0.999999999999996,103.,-3.));
#4631=CARTESIAN_POINT('',(112.5,103.,-3.));
#4632=CARTESIAN_POINT('',(-0.999999999999996,103.,20.));
#4633=CARTESIAN_POINT('',(-0.999999999999996,103.,0.));
#4634=CARTESIAN_POINT('',(112.5,103.,20.));
#4635=CARTESIAN_POINT('',(90.0000013411045,103.,1.));
#4636=CARTESIAN_POINT('Origin',(89.0000013411045,103.,1.));
#4637=CARTESIAN_POINT('',(90.0000013411045,103.,16.));
#4638=CARTESIAN_POINT('',(90.0000013411045,103.,8.5));
#4639=CARTESIAN_POINT('',(89.0000013411045,103.,17.));
#4640=CARTESIAN_POINT('Origin',(89.0000013411045,103.,16.));
#4641=CARTESIAN_POINT('',(70.0000010281801,103.,17.));
#4642=CARTESIAN_POINT('',(109.50000051409,103.,17.));
#4643=CARTESIAN_POINT('',(69.0000010281801,103.,16.));
#4644=CARTESIAN_POINT('Origin',(70.0000010281801,103.,16.));
#4645=CARTESIAN_POINT('',(69.0000010281801,103.,1.));
#4646=CARTESIAN_POINT('',(69.0000010281801,103.,0.));
#4647=CARTESIAN_POINT('Origin',(70.0000010281801,103.,1.));
#4648=CARTESIAN_POINT('Origin',(147.500001117587,2.5,-2.));
#4649=CARTESIAN_POINT('',(148.500001117587,2.5,-2.));
#4650=CARTESIAN_POINT('Origin',(147.500001117587,2.5,-2.));
#4651=CARTESIAN_POINT('Origin',(147.500001117587,97.5000007450581,-2.));
#4652=CARTESIAN_POINT('',(148.500001117587,97.5000007450581,-2.));
#4653=CARTESIAN_POINT('Origin',(147.500001117587,97.5000007450581,-2.));
#4654=CARTESIAN_POINT('Origin',(2.5,97.5000007450581,-2.));
#4655=CARTESIAN_POINT('',(3.50000000000001,97.5000007450581,-2.));
#4656=CARTESIAN_POINT('Origin',(2.5,97.5000007450581,-2.));
#4657=CARTESIAN_POINT('Origin',(2.5,2.5,-2.));
#4658=CARTESIAN_POINT('',(3.5,2.5,-2.));
#4659=CARTESIAN_POINT('Origin',(2.5,2.5,-2.));
#4660=CARTESIAN_POINT('Origin',(2.5,97.5000007450581,20.));
#4661=CARTESIAN_POINT('',(3.50000000000001,97.5000007450581,20.));
#4662=CARTESIAN_POINT('Origin',(147.500001117587,2.5,20.));
#4663=CARTESIAN_POINT('',(148.500001117587,2.5,20.));
#4664=CARTESIAN_POINT('Origin',(147.500001117587,97.5000007450581,20.));
#4665=CARTESIAN_POINT('',(148.500001117587,97.5000007450581,20.));
#4666=CARTESIAN_POINT('Origin',(2.5,2.5,20.));
#4667=CARTESIAN_POINT('',(3.5,2.5,20.));
#4668=CARTESIAN_POINT('Origin',(29.250000435859,-2.,6.00000007450581));
#4669=CARTESIAN_POINT('',(82.0000011920929,-3.,7.0000000745058));
#4670=CARTESIAN_POINT('',(56.5000008717179,-3.,7.0000000745058));
#4671=CARTESIAN_POINT('',(29.250000435859,-3.,7.00000007450581));
#4672=CARTESIAN_POINT('',(58.5000008717179,-1.,5.00000007450581));
#4673=CARTESIAN_POINT('',(56.5000008717179,-3.,7.0000000745058));
#4674=CARTESIAN_POINT('',(80.0000011920929,-1.,5.0000000745058));
#4675=CARTESIAN_POINT('',(58.5000008717179,-1.,5.00000007450581));
#4676=CARTESIAN_POINT('',(82.0000011920929,-3.,7.0000000745058));
#4677=CARTESIAN_POINT('Origin',(57.5000008717179,-2.,-0.500000007450581));
#4678=CARTESIAN_POINT('',(56.5000008717179,-3.,-3.00000001490116));
#4679=CARTESIAN_POINT('',(56.5000008717179,-3.,-0.500000007450581));
#4680=CARTESIAN_POINT('',(58.5000008717179,-1.,-1.00000001490116));
#4681=CARTESIAN_POINT('',(56.5000008717179,-3.,-3.00000001490116));
#4682=CARTESIAN_POINT('',(58.5000008717179,-1.,-1.00000001490116));
#4683=CARTESIAN_POINT('Origin',(81.0000011920929,-2.,2.5000000372529));
#4684=CARTESIAN_POINT('',(80.0000011920929,-1.,-1.00000001490116));
#4685=CARTESIAN_POINT('',(80.0000011920929,-1.,5.0000000745058));
#4686=CARTESIAN_POINT('',(82.0000011920929,-3.,-3.));
#4687=CARTESIAN_POINT('',(80.0000011920929,-1.,-1.00000001490116));
#4688=CARTESIAN_POINT('',(82.0000011920929,-3.,2.5000000372529));
#4689=CARTESIAN_POINT('Origin',(40.0000005960464,-2.,-2.00000001490116));
#4690=CARTESIAN_POINT('',(37.5,-3.,-3.));
#4691=CARTESIAN_POINT('',(80.0000011920929,-1.,-1.00000001490116));
#4692=CARTESIAN_POINT('Origin',(0.,-3.,0.));
#4693=CARTESIAN_POINT('',(151.,-3.,-3.));
#4694=CARTESIAN_POINT('',(37.5,-3.,-3.));
#4695=CARTESIAN_POINT('',(151.,-3.,20.));
#4696=CARTESIAN_POINT('',(151.,-3.,0.));
#4697=CARTESIAN_POINT('',(-1.,-3.,20.));
#4698=CARTESIAN_POINT('',(37.5,-3.,20.));
#4699=CARTESIAN_POINT('',(-1.,-3.,-3.));
#4700=CARTESIAN_POINT('',(-1.,-3.,0.));
#4701=CARTESIAN_POINT('',(37.5,-3.,-3.));
#4702=CARTESIAN_POINT('',(20.5000002756715,-3.,-0.999999985098838));
#4703=CARTESIAN_POINT('',(20.5000002756715,-3.,15.5000002011657));
#4704=CARTESIAN_POINT('',(20.5000002756715,-3.,6.75000010058284));
#4705=CARTESIAN_POINT('',(9.00000016391277,-3.,-0.999999985098839));
#4706=CARTESIAN_POINT('',(9.25000013783574,-3.,-0.999999985098839));
#4707=CARTESIAN_POINT('',(9.00000016391277,-3.,15.5000002011657));
#4708=CARTESIAN_POINT('',(9.00000016391277,-3.,0.500000007450581));
#4709=CARTESIAN_POINT('',(5.50000008195639,-3.,15.5000002011657));
#4710=CARTESIAN_POINT('',(133.499996982515,-3.,-1.20000000670552));
#4711=CARTESIAN_POINT('',(139.799996886402,-3.,-1.20000000670552));
#4712=CARTESIAN_POINT('',(69.6499984432012,-3.,-1.20000000670552));
#4713=CARTESIAN_POINT('',(133.499996982515,-3.,3.69999995082617));
#4714=CARTESIAN_POINT('',(133.499996982515,-3.,0.149999996647239));
#4715=CARTESIAN_POINT('',(139.799996886402,-3.,3.69999995082617));
#4716=CARTESIAN_POINT('',(67.4999984912574,-3.,3.69999995082617));
#4717=CARTESIAN_POINT('',(139.799996886402,-3.,1.09999997541308));
#4718=CARTESIAN_POINT('',(146.399996761233,-3.,3.69999995082617));
#4719=CARTESIAN_POINT('',(140.099996857345,-3.,3.69999995082617));
#4720=CARTESIAN_POINT('',(70.2999984286726,-3.,3.69999995082617));
#4721=CARTESIAN_POINT('',(146.399996761233,-3.,-1.20000000670552));
#4722=CARTESIAN_POINT('',(146.399996761233,-3.,1.09999997541308));
#4723=CARTESIAN_POINT('',(140.099996857345,-3.,-1.20000000670552));
#4724=CARTESIAN_POINT('',(72.4499983806163,-3.,-1.20000000670552));
#4725=CARTESIAN_POINT('',(140.099996857345,-3.,0.149999996647239));
#4726=CARTESIAN_POINT('Origin',(19.5000002756715,-2.,6.75000010058284));
#4727=CARTESIAN_POINT('',(18.5000002756715,-1.,13.5000002011657));
#4728=CARTESIAN_POINT('',(20.5000002756715,-3.,15.5000002011657));
#4729=CARTESIAN_POINT('',(18.5000002756715,-1.,1.00000001490116));
#4730=CARTESIAN_POINT('',(18.5000002756715,-1.,13.5000002011657));
#4731=CARTESIAN_POINT('',(18.5000002756715,-1.,1.00000001490116));
#4732=CARTESIAN_POINT('Origin',(5.50000008195639,-2.,14.5000002011657));
#4733=CARTESIAN_POINT('',(11.0000001639128,-1.,13.5000002011657));
#4734=CARTESIAN_POINT('',(9.00000016391277,-3.,15.5000002011657));
#4735=CARTESIAN_POINT('',(11.0000001639128,-1.,13.5000002011657));
#4736=CARTESIAN_POINT('Origin',(10.0000001639128,-2.,0.500000007450581));
#4737=CARTESIAN_POINT('',(11.0000001639128,-1.,1.00000001490116));
#4738=CARTESIAN_POINT('',(11.0000001639128,-1.,1.00000001490116));
#4739=CARTESIAN_POINT('',(9.00000016391277,-3.,-0.999999985098839));
#4740=CARTESIAN_POINT('Origin',(9.25000013783574,-2.,1.49011611383365E-8));
#4741=CARTESIAN_POINT('',(18.5000002756715,-1.,1.00000001490116));
#4742=CARTESIAN_POINT('Origin',(14.7500002197921,-1.,7.25000010803342));
#4743=CARTESIAN_POINT('',(15.7999996289611,-1.,2.29999994412064));
#4744=CARTESIAN_POINT('',(16.7999996289611,-1.,3.29999994412065));
#4745=CARTESIAN_POINT('Origin',(15.7999996289611,-1.,3.29999994412065));
#4746=CARTESIAN_POINT('',(13.7425164973645,-1.,2.29999994412064));
#4747=CARTESIAN_POINT('',(13.8462583585783,-1.,2.29999994412065));
#4748=CARTESIAN_POINT('',(12.7425164973645,-1.,3.29999994412065));
#4749=CARTESIAN_POINT('Origin',(13.7425164973645,-1.,3.29999994412065));
#4750=CARTESIAN_POINT('',(12.7425164973645,-1.,10.9999997362494));
#4751=CARTESIAN_POINT('',(12.7425164973645,-1.,9.52499992214143));
#4752=CARTESIAN_POINT('',(13.7425164973645,-1.,11.9999997362494));
#4753=CARTESIAN_POINT('Origin',(13.7425164973645,-1.,10.9999997362494));
#4754=CARTESIAN_POINT('',(15.7999996289611,-1.,11.9999997362494));
#4755=CARTESIAN_POINT('',(15.6749999243766,-1.,11.9999997362494));
#4756=CARTESIAN_POINT('',(16.7999996289611,-1.,10.9999997362494));
#4757=CARTESIAN_POINT('Origin',(15.7999996289611,-1.,10.9999997362494));
#4758=CARTESIAN_POINT('',(16.7999996289611,-1.,4.87500002607703));
#4759=CARTESIAN_POINT('Origin',(13.7425164973645,0.,10.9999997362494));
#4760=CARTESIAN_POINT('',(12.7425164973645,0.,10.9999997362494));
#4761=CARTESIAN_POINT('',(12.7425164973645,0.,10.9999997362494));
#4762=CARTESIAN_POINT('',(13.7425164973645,0.,11.9999997362494));
#4763=CARTESIAN_POINT('Origin',(13.7425164973645,0.,10.9999997362494));
#4764=CARTESIAN_POINT('',(13.7425164973645,0.,11.9999997362494));
#4765=CARTESIAN_POINT('Origin',(12.7425164973645,0.,11.7999997362494));
#4766=CARTESIAN_POINT('',(12.7425164973645,0.,3.29999994412065));
#4767=CARTESIAN_POINT('',(12.7425164973645,0.,3.29999994412065));
#4768=CARTESIAN_POINT('',(12.7425164973645,0.,5.89999986812472));
#4769=CARTESIAN_POINT('Origin',(13.7425164973645,0.,3.29999994412065));
#4770=CARTESIAN_POINT('',(13.7425164973645,0.,2.29999994412065));
#4771=CARTESIAN_POINT('',(13.7425164973645,0.,2.29999994412065));
#4772=CARTESIAN_POINT('Origin',(13.7425164973645,0.,3.29999994412065));
#4773=CARTESIAN_POINT('Origin',(12.9425164973645,0.,2.29999994412065));
#4774=CARTESIAN_POINT('',(15.7999996289611,0.,2.29999994412065));
#4775=CARTESIAN_POINT('',(15.7999996289611,0.,2.29999994412065));
#4776=CARTESIAN_POINT('',(8.29999981448054,0.,2.29999994412065));
#4777=CARTESIAN_POINT('Origin',(69.2500010319054,-1.,2.00000002980232));
#4778=CARTESIAN_POINT('',(78.4999982498586,-1.,2.89999991729856));
#4779=CARTESIAN_POINT('',(77.4999982498586,-1.,3.89999991729855));
#4780=CARTESIAN_POINT('Origin',(77.4999982498586,-1.,2.89999991729856));
#4781=CARTESIAN_POINT('',(78.4999982498586,-1.,1.29999999329448));
#4782=CARTESIAN_POINT('',(78.4999982498586,-1.,1.1500000115484));
#4783=CARTESIAN_POINT('',(77.4999982498586,-1.,0.299999993294477));
#4784=CARTESIAN_POINT('Origin',(77.4999982498586,-1.,1.29999999329448));
#4785=CARTESIAN_POINT('',(70.0999984510243,-1.,0.299999993294481));
#4786=CARTESIAN_POINT('',(69.2749997414649,-1.,0.299999993294477));
#4787=CARTESIAN_POINT('',(69.0999984510243,-1.,1.29999999329448));
#4788=CARTESIAN_POINT('Origin',(70.0999984510243,-1.,1.29999999329448));
#4789=CARTESIAN_POINT('',(69.0999984510243,-1.,2.89999991729856));
#4790=CARTESIAN_POINT('',(69.0999984510243,-1.,2.84999997355044));
#4791=CARTESIAN_POINT('',(70.0999984510243,-1.,3.89999991729856));
#4792=CARTESIAN_POINT('Origin',(70.0999984510243,-1.,2.89999991729856));
#4793=CARTESIAN_POINT('',(73.774999640882,-1.,3.89999991729856));
#4794=CARTESIAN_POINT('',(66.607105285855,-1.,0.807106756599632));
#4795=CARTESIAN_POINT('',(66.8999985046685,-1.,1.51421353778618));
#4796=CARTESIAN_POINT('Origin',(65.8999985046685,-1.,1.51421353778618));
#4797=CARTESIAN_POINT('',(66.3928917413633,-1.,0.59289321210793));
#4798=CARTESIAN_POINT('',(67.3124991590157,-1.,1.51250062976032));
#4799=CARTESIAN_POINT('',(65.6857849601768,-1.,0.299999993294477));
#4800=CARTESIAN_POINT('Origin',(65.6857849601768,-1.,1.29999999329448));
#4801=CARTESIAN_POINT('',(61.5801979544224,-1.,0.299999993294477));
#4802=CARTESIAN_POINT('',(65.2249998319894,-1.,0.299999993294477));
#4803=CARTESIAN_POINT('',(60.9158341155925,-1.,0.552590674610822));
#4804=CARTESIAN_POINT('Origin',(61.5801979544224,-1.,1.29999999329448));
#4805=CARTESIAN_POINT('',(60.63563481336,-1.,0.801656721039684));
#4806=CARTESIAN_POINT('',(62.5763786137104,-1.,-0.923448879271746));
#4807=CARTESIAN_POINT('',(60.29999865219,-1.,1.54906603972334));
#4808=CARTESIAN_POINT('Origin',(61.29999865219,-1.,1.54906603972334));
#4809=CARTESIAN_POINT('',(60.29999865219,-1.,2.59999992400408));
#4810=CARTESIAN_POINT('',(60.29999865219,-1.,2.6999999769032));
#4811=CARTESIAN_POINT('',(61.29999865219,-1.,3.59999992400408));
#4812=CARTESIAN_POINT('Origin',(61.29999865219,-1.,2.59999992400408));
#4813=CARTESIAN_POINT('',(65.8999985046685,-1.,3.59999992400407));
#4814=CARTESIAN_POINT('',(68.0749997682869,-1.,3.59999992400408));
#4815=CARTESIAN_POINT('',(66.8999985046685,-1.,2.59999992400408));
#4816=CARTESIAN_POINT('Origin',(65.8999985046685,-1.,2.59999992400408));
#4817=CARTESIAN_POINT('',(66.8999985046685,-1.,1.5500000026077));
#4818=CARTESIAN_POINT('Origin',(61.29999865219,0.,1.54906603972334));
#4819=CARTESIAN_POINT('',(60.63563481336,0.,0.801656721039681));
#4820=CARTESIAN_POINT('',(60.63563481336,0.,0.801656721039682));
#4821=CARTESIAN_POINT('',(60.29999865219,0.,1.54906603972334));
#4822=CARTESIAN_POINT('Origin',(61.29999865219,0.,1.54906603972334));
#4823=CARTESIAN_POINT('',(60.29999865219,0.,1.54906603972334));
#4824=CARTESIAN_POINT('Origin',(60.29999865219,0.,1.09999997541308));
#4825=CARTESIAN_POINT('',(60.9158341155925,0.,0.552590674610822));
#4826=CARTESIAN_POINT('',(60.9158341155925,0.,0.552590674610822));
#4827=CARTESIAN_POINT('',(43.7306886777153,0.,15.8282755082794));
#4828=CARTESIAN_POINT('Origin',(61.5801979544224,0.,1.29999999329448));
#4829=CARTESIAN_POINT('',(61.5801979544224,0.,0.299999993294477));
#4830=CARTESIAN_POINT('',(61.5801979544224,0.,0.299999993294477));
#4831=CARTESIAN_POINT('Origin',(61.5801979544224,0.,1.29999999329448));
#4832=CARTESIAN_POINT('Origin',(61.1999986320734,0.,0.299999993294477));
#4833=CARTESIAN_POINT('',(65.6857849601768,0.,0.299999993294477));
#4834=CARTESIAN_POINT('',(65.6857849601768,0.,0.299999993294477));
#4835=CARTESIAN_POINT('',(30.5999993160367,0.,0.299999993294477));
#4836=CARTESIAN_POINT('Origin',(65.6857849601768,0.,1.29999999329448));
#4837=CARTESIAN_POINT('',(66.3928917413633,0.,0.592893212107934));
#4838=CARTESIAN_POINT('',(66.3928917413633,0.,0.592893212107934));
#4839=CARTESIAN_POINT('Origin',(65.6857849601768,0.,1.29999999329448));
#4840=CARTESIAN_POINT('Origin',(66.0999985225499,0.,0.299999993294477));
#4841=CARTESIAN_POINT('',(66.607105285855,0.,0.807106756599631));
#4842=CARTESIAN_POINT('',(66.607105285855,0.,0.807106756599634));
#4843=CARTESIAN_POINT('',(49.4999988935888,0.,-16.2999996356666));
#4844=CARTESIAN_POINT('Origin',(70.0999984510243,0.,1.29999999329448));
#4845=CARTESIAN_POINT('',(70.0999984510243,0.,0.299999993294477));
#4846=CARTESIAN_POINT('',(70.0999984510243,0.,0.299999993294477));
#4847=CARTESIAN_POINT('',(69.0999984510243,0.,1.29999999329448));
#4848=CARTESIAN_POINT('Origin',(70.0999984510243,0.,1.29999999329448));
#4849=CARTESIAN_POINT('',(69.0999984510243,0.,1.29999999329448));
#4850=CARTESIAN_POINT('Origin',(69.2999984510243,0.,0.299999993294477));
#4851=CARTESIAN_POINT('',(77.4999982498586,0.,0.299999993294477));
#4852=CARTESIAN_POINT('',(77.4999982498586,0.,0.299999993294477));
#4853=CARTESIAN_POINT('',(34.6499992255121,0.,0.299999993294477));
#4854=CARTESIAN_POINT('Origin',(77.4999982498586,0.,1.29999999329448));
#4855=CARTESIAN_POINT('',(78.4999982498586,0.,1.29999999329448));
#4856=CARTESIAN_POINT('',(78.4999982498586,0.,1.29999999329448));
#4857=CARTESIAN_POINT('Origin',(77.4999982498586,0.,1.29999999329448));
#4858=CARTESIAN_POINT('Origin',(78.4999982498586,0.,0.299999993294477));
#4859=CARTESIAN_POINT('',(78.4999982498586,0.,2.89999991729856));
#4860=CARTESIAN_POINT('',(78.4999982498586,0.,2.89999991729856));
#4861=CARTESIAN_POINT('',(78.4999982498586,0.,0.149999996647239));
#4862=CARTESIAN_POINT('Origin',(151.,-1.,0.));
#4863=CARTESIAN_POINT('',(153.,-1.,20.));
#4864=CARTESIAN_POINT('Origin',(151.,-1.,20.));
#4865=CARTESIAN_POINT('',(153.,-1.,-3.));
#4866=CARTESIAN_POINT('Origin',(151.,-1.,-3.));
#4867=CARTESIAN_POINT('',(153.,-1.,0.));
#4868=CARTESIAN_POINT('Origin',(75.,50.,20.));
#4869=CARTESIAN_POINT('',(153.,101.,20.));
#4870=CARTESIAN_POINT('',(153.,25.,20.));
#4871=CARTESIAN_POINT('Origin',(151.,101.,20.));
#4872=CARTESIAN_POINT('',(-3.,101.,20.));
#4873=CARTESIAN_POINT('Origin',(-0.999999999999996,101.,20.));
#4874=CARTESIAN_POINT('',(-3.,-0.999999999999996,20.));
#4875=CARTESIAN_POINT('',(-3.,75.,20.));
#4876=CARTESIAN_POINT('Origin',(-1.,-0.999999999999996,20.));
#4877=CARTESIAN_POINT('',(40.,0.,20.));
#4878=CARTESIAN_POINT('Origin',(-1.,-0.999999999999996,0.));
#4879=CARTESIAN_POINT('',(-3.,-0.999999999999996,-3.));
#4880=CARTESIAN_POINT('',(-3.,-0.999999999999996,0.));
#4881=CARTESIAN_POINT('Origin',(-1.,-0.999999999999996,-3.));
#4882=CARTESIAN_POINT('Origin',(-3.,100.,0.));
#4883=CARTESIAN_POINT('',(-3.,101.,-3.));
#4884=CARTESIAN_POINT('',(-3.,101.,0.));
#4885=CARTESIAN_POINT('',(-3.,75.,-3.));
#4886=CARTESIAN_POINT('Origin',(151.,101.,0.));
#4887=CARTESIAN_POINT('',(153.,101.,-3.));
#4888=CARTESIAN_POINT('',(153.,101.,0.));
#4889=CARTESIAN_POINT('Origin',(151.,101.,-3.));
#4890=CARTESIAN_POINT('Origin',(-0.999999999999996,101.,0.));
#4891=CARTESIAN_POINT('Origin',(-0.999999999999996,101.,-3.));
#4892=CARTESIAN_POINT('Origin',(89.0000013411045,99.000001475215,16.));
#4893=CARTESIAN_POINT('',(89.0000013411045,99.000001475215,17.));
#4894=CARTESIAN_POINT('',(90.0000013411045,99.000001475215,16.));
#4895=CARTESIAN_POINT('Origin',(69.0000010281801,99.000001475215,17.));
#4896=CARTESIAN_POINT('',(70.0000010281801,99.000001475215,17.));
#4897=CARTESIAN_POINT('Origin',(70.0000010281801,99.000001475215,16.));
#4898=CARTESIAN_POINT('',(69.0000010281801,99.000001475215,16.));
#4899=CARTESIAN_POINT('Origin',(69.0000010281801,99.000001475215,0.));
#4900=CARTESIAN_POINT('',(69.0000010281801,74.5000007376075,1.));
#4901=CARTESIAN_POINT('Origin',(70.0000010281801,74.5000007376075,1.));
#4902=CARTESIAN_POINT('Origin',(89.0000013411045,74.5000007376075,1.));
#4903=CARTESIAN_POINT('',(90.0000013411045,74.5000007376075,1.));
#4904=CARTESIAN_POINT('Origin',(90.0000013411045,99.000001475215,17.));
#4905=CARTESIAN_POINT('Origin',(65.8999985046685,0.,2.59999992400408));
#4906=CARTESIAN_POINT('',(65.8999985046685,0.,3.59999992400408));
#4907=CARTESIAN_POINT('',(65.8999985046685,0.,3.59999992400408));
#4908=CARTESIAN_POINT('',(66.8999985046685,0.,2.59999992400408));
#4909=CARTESIAN_POINT('Origin',(65.8999985046685,0.,2.59999992400408));
#4910=CARTESIAN_POINT('',(66.8999985046685,0.,2.59999992400408));
#4911=CARTESIAN_POINT('Origin',(66.8999985046685,0.,3.59999992400408));
#4912=CARTESIAN_POINT('',(61.29999865219,0.,3.59999992400408));
#4913=CARTESIAN_POINT('',(61.29999865219,0.,3.59999992400408));
#4914=CARTESIAN_POINT('',(33.4499992523342,0.,3.59999992400408));
#4915=CARTESIAN_POINT('Origin',(60.29999865219,0.,3.39999992400408));
#4916=CARTESIAN_POINT('',(60.29999865219,0.,2.59999992400408));
#4917=CARTESIAN_POINT('',(60.29999865219,0.,1.69999996200204));
#4918=CARTESIAN_POINT('',(60.29999865219,0.,2.59999992400408));
#4919=CARTESIAN_POINT('Origin',(65.8999985046685,0.,1.51421353778618));
#4920=CARTESIAN_POINT('',(66.8999985046685,0.,1.51421353778618));
#4921=CARTESIAN_POINT('',(66.8999985046685,0.,1.51421353778618));
#4922=CARTESIAN_POINT('Origin',(65.8999985046685,0.,1.51421353778618));
#4923=CARTESIAN_POINT('Origin',(61.29999865219,0.,2.59999992400408));
#4924=CARTESIAN_POINT('Origin',(61.29999865219,0.,2.59999992400408));
#4925=CARTESIAN_POINT('Origin',(69.0999984510243,0.,3.69999991729856));
#4926=CARTESIAN_POINT('',(69.0999984510243,0.,2.89999991729856));
#4927=CARTESIAN_POINT('',(69.0999984510243,0.,1.84999995864928));
#4928=CARTESIAN_POINT('',(69.0999984510243,0.,2.89999991729856));
#4929=CARTESIAN_POINT('Origin',(77.4999982498586,0.,2.89999991729856));
#4930=CARTESIAN_POINT('',(77.4999982498586,0.,3.89999991729856));
#4931=CARTESIAN_POINT('',(77.4999982498586,0.,3.89999991729856));
#4932=CARTESIAN_POINT('Origin',(77.4999982498586,0.,2.89999991729856));
#4933=CARTESIAN_POINT('Origin',(70.0999984510243,0.,2.89999991729856));
#4934=CARTESIAN_POINT('',(70.0999984510243,0.,3.89999991729856));
#4935=CARTESIAN_POINT('Origin',(70.0999984510243,0.,2.89999991729856));
#4936=CARTESIAN_POINT('',(70.0999984510243,0.,3.89999991729856));
#4937=CARTESIAN_POINT('Origin',(0.,0.,0.));
#4938=CARTESIAN_POINT('',(144.899996761233,0.,0.299999993294477));
#4939=CARTESIAN_POINT('',(144.899996761233,0.,2.19999995082617));
#4940=CARTESIAN_POINT('',(144.899996761233,0.,1.09999997541308));
#4941=CARTESIAN_POINT('',(140.599996857345,0.,2.19999995082617));
#4942=CARTESIAN_POINT('',(70.2999984286726,0.,2.19999995082617));
#4943=CARTESIAN_POINT('',(140.599996857345,0.,0.299999993294477));
#4944=CARTESIAN_POINT('',(140.599996857345,0.,0.149999996647239));
#4945=CARTESIAN_POINT('',(72.4499983806163,0.,0.299999993294477));
#4946=CARTESIAN_POINT('',(139.299996886402,0.,0.299999993294477));
#4947=CARTESIAN_POINT('',(139.299996886402,0.,2.19999995082617));
#4948=CARTESIAN_POINT('',(139.299996886402,0.,1.09999997541308));
#4949=CARTESIAN_POINT('',(134.999996982515,0.,2.19999995082617));
#4950=CARTESIAN_POINT('',(67.4999984912574,0.,2.19999995082617));
#4951=CARTESIAN_POINT('',(134.999996982515,0.,0.299999993294477));
#4952=CARTESIAN_POINT('',(134.999996982515,0.,0.149999996647239));
#4953=CARTESIAN_POINT('',(69.6499984432012,0.,0.299999993294477));
#4954=CARTESIAN_POINT('',(34.6499992255121,0.,3.89999991729856));
#4955=CARTESIAN_POINT('',(66.8999985046685,0.,1.69999996200204));
#4956=CARTESIAN_POINT('',(16.7999996289611,0.,3.29999994412065));
#4957=CARTESIAN_POINT('',(16.7999996289611,0.,10.9999997362494));
#4958=CARTESIAN_POINT('',(16.7999996289611,0.,5.89999986812472));
#4959=CARTESIAN_POINT('',(15.7999996289611,0.,11.9999997362494));
#4960=CARTESIAN_POINT('Origin',(15.7999996289611,0.,10.9999997362494));
#4961=CARTESIAN_POINT('',(8.29999981448054,0.,11.9999997362494));
#4962=CARTESIAN_POINT('Origin',(15.7999996289611,0.,3.29999994412065));
#4963=CARTESIAN_POINT('Origin',(15.7999996289611,0.,3.29999994412065));
#4964=CARTESIAN_POINT('',(16.7999996289611,0.,3.29999994412065));
#4965=CARTESIAN_POINT('Origin',(16.7999996289611,0.,2.49999994412065));
#4966=CARTESIAN_POINT('',(16.7999996289611,0.,10.9999997362494));
#4967=CARTESIAN_POINT('Origin',(15.7999996289611,0.,10.9999997362494));
#4968=CARTESIAN_POINT('',(15.7999996289611,0.,11.9999997362494));
#4969=CARTESIAN_POINT('Origin',(16.5999996289611,0.,11.9999997362494));
#4970=CARTESIAN_POINT('Origin',(78.2999982498586,0.,3.89999991729856));
#4971=CARTESIAN_POINT('Origin',(140.349996857345,-2.75,0.149999996647239));
#4972=CARTESIAN_POINT('',(140.599996857345,-2.5,-0.700000006705522));
#4973=CARTESIAN_POINT('',(129.383330445116,-13.7166664122294,-11.9166664189349));
#4974=CARTESIAN_POINT('',(140.599996857345,-2.5,3.19999995082617));
#4975=CARTESIAN_POINT('',(140.599996857345,-2.5,0.149999996647239));
#4976=CARTESIAN_POINT('',(129.391663778263,-13.7083330790823,14.4083330299085));
#4977=CARTESIAN_POINT('Origin',(140.599996857345,-3.,0.299999993294477));
#4978=CARTESIAN_POINT('',(140.599996857345,-1.5,0.299999993294477));
#4979=CARTESIAN_POINT('',(140.599996857345,-2.25,-0.450000006705523));
#4980=CARTESIAN_POINT('',(140.599996857345,-3.,0.299999993294477));
#4981=CARTESIAN_POINT('',(140.599996857345,-1.5,2.19999995082617));
#4982=CARTESIAN_POINT('',(140.599996857345,-3.,2.19999995082617));
#4983=CARTESIAN_POINT('',(140.599996857345,-1.77500001061708,2.47499996144325));
#4984=CARTESIAN_POINT('Origin',(139.549996886402,-2.75,1.09999997541308));
#4985=CARTESIAN_POINT('',(139.299996886402,-2.5,3.19999995082617));
#4986=CARTESIAN_POINT('',(126.983330491309,9.81666639509305,-9.11666644426688));
#4987=CARTESIAN_POINT('',(139.299996886402,-2.5,-0.700000006705522));
#4988=CARTESIAN_POINT('',(139.299996886402,-2.5,1.09999997541308));
#4989=CARTESIAN_POINT('',(127.391663815516,9.40833307088668,11.2083330641812));
#4990=CARTESIAN_POINT('Origin',(139.299996886402,-3.,2.19999995082617));
#4991=CARTESIAN_POINT('',(139.299996886402,-1.5,2.19999995082617));
#4992=CARTESIAN_POINT('',(139.299996886402,-2.25,2.94999995082617));
#4993=CARTESIAN_POINT('',(139.299996886402,-3.,2.19999995082617));
#4994=CARTESIAN_POINT('',(139.299996886402,-1.5,0.299999993294477));
#4995=CARTESIAN_POINT('',(139.299996886402,-3.,0.299999993294477));
#4996=CARTESIAN_POINT('',(139.299996886402,-1.77500001061708,0.0249999826773999));
#4997=CARTESIAN_POINT('Origin',(152.75,9.94999977201223,0.149999996647239));
#4998=CARTESIAN_POINT('',(153.,9.69999977201223,-1.20000000670552));
#4999=CARTESIAN_POINT('',(152.5,10.1999997720122,-0.700000006705507));
#5000=CARTESIAN_POINT('',(152.858333321599,9.84166645041357,-1.05833332830418));
#5001=CARTESIAN_POINT('',(152.5,10.1999997720122,3.09999995306133));
#5002=CARTESIAN_POINT('',(152.5,10.1999997720122,0.149999996647239));
#5003=CARTESIAN_POINT('',(153.,9.69999977201223,3.59999995306134));
#5004=CARTESIAN_POINT('',(152.858333321599,9.84166645041358,3.45833327465999));
#5005=CARTESIAN_POINT('',(153.,9.69999977201223,0.149999996647239));
#5006=CARTESIAN_POINT('Origin',(153.,10.1999997720122,0.299999993294477));
#5007=CARTESIAN_POINT('',(151.5,10.1999997720122,0.299999993294477));
#5008=CARTESIAN_POINT('',(152.25,10.1999997720122,-0.450000006705519));
#5009=CARTESIAN_POINT('',(153.,10.1999997720122,0.299999993294477));
#5010=CARTESIAN_POINT('',(151.5,10.1999997720122,2.09999995306134));
#5011=CARTESIAN_POINT('',(153.,10.1999997720122,2.09999995306134));
#5012=CARTESIAN_POINT('',(151.800000010058,10.1999997720122,2.39999996311962));
#5013=CARTESIAN_POINT('Origin',(152.75,9.04999980330467,1.07561590234313));
#5014=CARTESIAN_POINT('',(153.,9.29999980330467,3.65123180468626));
#5015=CARTESIAN_POINT('',(152.5,8.79999980330467,3.15123180468624));
#5016=CARTESIAN_POINT('',(151.064006175296,7.36400597860083,1.71523797998236));
#5017=CARTESIAN_POINT('',(152.5,8.79999980330467,-0.700000006705519));
#5018=CARTESIAN_POINT('',(152.5,8.79999980330467,1.07561590234313));
#5019=CARTESIAN_POINT('',(153.,9.29999980330467,-1.20000000670552));
#5020=CARTESIAN_POINT('',(151.470730698217,7.7707305015212,0.329269295077992));
#5021=CARTESIAN_POINT('',(153.,9.29999980330467,1.07561590234313));
#5022=CARTESIAN_POINT('Origin',(153.,8.79999980330467,2.15123180468626));
#5023=CARTESIAN_POINT('',(151.5,8.79999980330467,2.15123180468626));
#5024=CARTESIAN_POINT('',(152.25,8.79999980330467,2.90123180468625));
#5025=CARTESIAN_POINT('',(153.,8.79999980330467,2.15123180468626));
#5026=CARTESIAN_POINT('',(151.5,8.79999980330467,0.299999993294477));
#5027=CARTESIAN_POINT('',(153.,8.79999980330467,0.299999993294477));
#5028=CARTESIAN_POINT('',(151.787192047152,8.79999980330467,0.0128079461424306));
#5029=CARTESIAN_POINT('Origin',(134.249996982515,-2.25,0.149999996647239));
#5030=CARTESIAN_POINT('',(134.999996982515,-1.5,0.299999993294477));
#5031=CARTESIAN_POINT('',(123.583330559855,-12.9166664226602,-11.1166664293657));
#5032=CARTESIAN_POINT('',(134.999996982515,-1.5,2.19999995082617));
#5033=CARTESIAN_POINT('',(134.999996982515,-1.5,0.149999996647239));
#5034=CARTESIAN_POINT('',(123.591663893002,-12.9083330895131,13.6083330403393));
#5035=CARTESIAN_POINT('Origin',(134.999996982515,-3.,0.299999993294477));
#5036=CARTESIAN_POINT('',(134.999996982515,-3.,0.299999993294477));
#5037=CARTESIAN_POINT('',(134.999996982515,-3.,2.19999995082617));
#5038=CARTESIAN_POINT('Origin',(145.649996761233,-2.25,1.09999997541308));
#5039=CARTESIAN_POINT('',(144.899996761233,-1.5,2.19999995082617));
#5040=CARTESIAN_POINT('',(132.78333037657,10.6166663846622,-9.91666643383603));
#5041=CARTESIAN_POINT('',(144.899996761233,-1.5,0.299999993294477));
#5042=CARTESIAN_POINT('',(144.899996761233,-1.5,1.09999997541308));
#5043=CARTESIAN_POINT('',(133.191663700777,10.2083330604558,12.0083330537503));
#5044=CARTESIAN_POINT('Origin',(144.899996761233,-3.,2.19999995082617));
#5045=CARTESIAN_POINT('',(144.899996761233,-3.,2.19999995082617));
#5046=CARTESIAN_POINT('',(144.899996761233,-3.,0.299999993294477));
#5047=CARTESIAN_POINT('Origin',(152.25,3.7693055148491,0.149999996647239));
#5048=CARTESIAN_POINT('',(153.,3.0193055148491,-1.20000000670552));
#5049=CARTESIAN_POINT('',(151.5,4.5193055148491,0.299999993294477));
#5050=CARTESIAN_POINT('',(152.044884268307,3.97442124654177,-0.244884275012856));
#5051=CARTESIAN_POINT('',(151.5,4.5193055148491,2.15123180468626));
#5052=CARTESIAN_POINT('',(151.5,4.5193055148491,0.149999996647239));
#5053=CARTESIAN_POINT('',(153.,3.0193055148491,3.65123180468626));
#5054=CARTESIAN_POINT('',(152.043070158231,3.97623535661818,2.69430196291718));
#5055=CARTESIAN_POINT('',(153.,3.0193055148491,0.149999996647239));
#5056=CARTESIAN_POINT('Origin',(153.,4.5193055148491,0.299999993294477));
#5057=CARTESIAN_POINT('',(153.,4.5193055148491,0.299999993294477));
#5058=CARTESIAN_POINT('',(153.,4.5193055148491,2.15123180468626));
#5059=CARTESIAN_POINT('Origin',(152.25,15.1499996781349,1.04999997653067));
#5060=CARTESIAN_POINT('',(153.,15.8999996781349,3.59999995306134));
#5061=CARTESIAN_POINT('',(151.5,14.3999996781349,2.09999995306134));
#5062=CARTESIAN_POINT('',(150.275000038557,13.1749997166917,0.87499999161808));
#5063=CARTESIAN_POINT('',(151.5,14.3999996781349,0.299999993294477));
#5064=CARTESIAN_POINT('',(151.5,14.3999996781349,1.04999997653067));
#5065=CARTESIAN_POINT('',(153.,15.8999996781349,-1.20000000670552));
#5066=CARTESIAN_POINT('',(150.675000029616,13.574999707751,1.12499996367843));
#5067=CARTESIAN_POINT('',(153.,15.8999996781349,1.04999997653067));
#5068=CARTESIAN_POINT('Origin',(153.,14.3999996781349,2.09999995306134));
#5069=CARTESIAN_POINT('',(153.,14.3999996781349,2.09999995306134));
#5070=CARTESIAN_POINT('',(153.,14.3999996781349,0.299999993294477));
#5071=CARTESIAN_POINT('Origin',(152.25,2.25965275742455,2.90123180468626));
#5072=CARTESIAN_POINT('',(151.5,2.25965275742455,2.15123180468626));
#5073=CARTESIAN_POINT('',(153.,2.25965275742455,3.65123180468626));
#5074=CARTESIAN_POINT('Origin',(153.,4.5193055148491,2.15123180468626));
#5075=CARTESIAN_POINT('Origin',(152.25,5.09999988600612,2.84999995306134));
#5076=CARTESIAN_POINT('',(151.5,5.09999988600612,2.09999995306134));
#5077=CARTESIAN_POINT('',(153.,5.09999988600612,3.59999995306134));
#5078=CARTESIAN_POINT('Origin',(153.,10.1999997720122,2.09999995306134));
#5079=CARTESIAN_POINT('Origin',(152.25,7.19999983906746,-0.450000006705523));
#5080=CARTESIAN_POINT('',(151.5,7.19999983906746,0.299999993294477));
#5081=CARTESIAN_POINT('',(153.,7.19999983906746,-1.20000000670552));
#5082=CARTESIAN_POINT('Origin',(153.,14.3999996781349,0.299999993294477));
#5083=CARTESIAN_POINT('Origin',(152.25,4.39999990165234,-0.450000006705523));
#5084=CARTESIAN_POINT('',(151.5,4.39999990165234,0.299999993294477));
#5085=CARTESIAN_POINT('',(153.,4.39999990165234,-1.20000000670552));
#5086=CARTESIAN_POINT('Origin',(153.,8.79999980330467,0.299999993294477));
#5087=CARTESIAN_POINT('Origin',(70.2999984286726,-2.25,2.94999995082617));
#5088=CARTESIAN_POINT('',(70.2999984286726,-1.5,2.19999995082617));
#5089=CARTESIAN_POINT('Origin',(140.599996857345,-3.,2.19999995082617));
#5090=CARTESIAN_POINT('Origin',(67.4999984912574,-2.25,2.94999995082617));
#5091=CARTESIAN_POINT('',(67.4999984912574,-1.5,2.19999995082617));
#5092=CARTESIAN_POINT('Origin',(134.999996982515,-3.,2.19999995082617));
#5093=CARTESIAN_POINT('Origin',(69.6499984432012,-2.25,-0.450000006705523));
#5094=CARTESIAN_POINT('',(69.6499984432012,-1.5,0.299999993294477));
#5095=CARTESIAN_POINT('Origin',(139.299996886402,-3.,0.299999993294477));
#5096=CARTESIAN_POINT('Origin',(72.4499983806163,-2.25,-0.450000006705523));
#5097=CARTESIAN_POINT('',(72.4499983806163,-1.5,0.299999993294477));
#5098=CARTESIAN_POINT('Origin',(144.899996761233,-3.,0.299999993294477));
#5099=CARTESIAN_POINT('Origin',(66.8999985046685,0.,1.09999997541308));
#5100=CARTESIAN_POINT('Origin',(153.,0.,0.));
#5101=CARTESIAN_POINT('',(153.,25.,-3.));
#5102=CARTESIAN_POINT('Origin',(75.,50.,-3.));
#5103=CARTESIAN_POINT('Origin',(146.750002190471,-1.25,23.2500003352761));
#5104=CARTESIAN_POINT('',(146.500002190471,-1.,24.0000003129244));
#5105=CARTESIAN_POINT('',(147.000002190471,-1.5,24.0000003576279));
#5106=CARTESIAN_POINT('',(147.750002201647,-2.25000001117587,24.0000003576279));
#5107=CARTESIAN_POINT('',(147.000002190471,-1.5,21.0000003129244));
#5108=CARTESIAN_POINT('',(147.000002190471,-1.5,23.2500003352761));
#5109=CARTESIAN_POINT('',(146.500002190471,-1.,21.0000003129244));
#5110=CARTESIAN_POINT('',(147.000002190471,-1.5,21.0000003129244));
#5111=CARTESIAN_POINT('',(146.500002190471,-1.,23.2500003352761));
#5112=CARTESIAN_POINT('Origin',(147.000002190471,-2.,24.0000003576279));
#5113=CARTESIAN_POINT('',(147.000002190471,-3.,24.0000003576279));
#5114=CARTESIAN_POINT('',(147.000002190471,-2.,24.0000003576279));
#5115=CARTESIAN_POINT('',(147.000002190471,-3.,21.0000003129244));
#5116=CARTESIAN_POINT('',(147.000002190471,-3.,22.0000001788139));
#5117=CARTESIAN_POINT('',(147.000002190471,-2.,21.0000003129244));
#5118=CARTESIAN_POINT('Origin',(150.250002235174,-1.25,21.7500003129244));
#5119=CARTESIAN_POINT('',(150.500002235174,-1.,21.0000003129244));
#5120=CARTESIAN_POINT('',(150.000002235174,-1.5,21.0000003129244));
#5121=CARTESIAN_POINT('',(149.250002223998,-2.25000001117587,21.0000003129244));
#5122=CARTESIAN_POINT('',(150.000002235174,-1.5,24.0000003576279));
#5123=CARTESIAN_POINT('',(150.000002235174,-1.5,21.7500003129244));
#5124=CARTESIAN_POINT('',(150.500002235174,-1.,24.0000003129244));
#5125=CARTESIAN_POINT('',(150.000002235174,-1.5,24.0000003576279));
#5126=CARTESIAN_POINT('',(150.500002235174,-1.,21.7500003129244));
#5127=CARTESIAN_POINT('Origin',(150.000002235174,-2.,21.0000003129244));
#5128=CARTESIAN_POINT('',(150.000002235174,-3.,21.0000003129244));
#5129=CARTESIAN_POINT('',(150.000002235174,-2.,21.0000003129244));
#5130=CARTESIAN_POINT('',(150.000002235174,-3.,24.0000003576279));
#5131=CARTESIAN_POINT('',(150.000002235174,-3.,20.5000001564622));
#5132=CARTESIAN_POINT('',(150.000002235174,-2.,24.0000003576279));
#5133=CARTESIAN_POINT('Origin',(150.250002235174,101.250001490116,23.2500001508743));
#5134=CARTESIAN_POINT('',(150.500002235174,101.000001490116,24.0000003576279));
#5135=CARTESIAN_POINT('',(150.000002235174,101.500001490116,24.0000003576279));
#5136=CARTESIAN_POINT('',(176.000002607703,75.5000011175862,24.0000003576279));
#5137=CARTESIAN_POINT('',(150.000002235174,101.500001490116,20.9999995306134));
#5138=CARTESIAN_POINT('',(150.000002235174,101.500001490116,23.2500001508743));
#5139=CARTESIAN_POINT('',(150.500002235174,101.000001490116,20.9999995306134));
#5140=CARTESIAN_POINT('',(175.250002596527,76.2500011287621,21.0000003129244));
#5141=CARTESIAN_POINT('',(150.500002235174,101.000001490116,23.2500001508743));
#5142=CARTESIAN_POINT('Origin',(150.000002235174,102.000001490116,24.0000003576279));
#5143=CARTESIAN_POINT('',(150.000002235174,103.000001490116,24.0000003576279));
#5144=CARTESIAN_POINT('',(150.000002235174,102.000001490116,24.0000003576279));
#5145=CARTESIAN_POINT('',(150.000002235174,103.000001490116,20.9999995306134));
#5146=CARTESIAN_POINT('',(150.000002235174,103.,22.0000001788139));
#5147=CARTESIAN_POINT('',(150.000002235174,102.000001490116,20.9999995306134));
#5148=CARTESIAN_POINT('Origin',(146.750002190471,101.250001490116,21.7500001285225));
#5149=CARTESIAN_POINT('',(146.500002190471,101.000001490116,20.9999995306134));
#5150=CARTESIAN_POINT('',(147.000002190471,101.500001490116,21.0000003129244));
#5151=CARTESIAN_POINT('',(121.000001817942,75.5000011175862,21.0000003129244));
#5152=CARTESIAN_POINT('',(147.000002190471,101.500001490116,24.0000003576279));
#5153=CARTESIAN_POINT('',(147.000002190471,101.500001490116,21.7500001285225));
#5154=CARTESIAN_POINT('',(146.500002190471,101.000001490116,24.0000003576279));
#5155=CARTESIAN_POINT('',(121.750001829118,76.2500011287621,24.0000003576279));
#5156=CARTESIAN_POINT('',(146.500002190471,101.000001490116,21.7500001285225));
#5157=CARTESIAN_POINT('Origin',(147.000002190471,102.000001490116,21.0000003129244));
#5158=CARTESIAN_POINT('',(147.000002190471,103.000001490116,21.0000003129244));
#5159=CARTESIAN_POINT('',(147.000002190471,102.000001490116,21.0000003129244));
#5160=CARTESIAN_POINT('',(147.000002190471,103.000001490116,24.0000003576279));
#5161=CARTESIAN_POINT('',(147.000002190471,103.,20.5000001564622));
#5162=CARTESIAN_POINT('',(147.000002190471,102.000001490116,24.0000003576279));
#5163=CARTESIAN_POINT('Origin',(76.,-1.,22.5000003129244));
#5164=CARTESIAN_POINT('',(153.,-1.,24.0000003129244));
#5165=CARTESIAN_POINT('',(167.000002488494,-1.,24.0000003129244));
#5166=CARTESIAN_POINT('',(153.,-1.,21.0000003129244));
#5167=CARTESIAN_POINT('',(153.,-1.,20.));
#5168=CARTESIAN_POINT('',(-1.,-1.,21.0000003129244));
#5169=CARTESIAN_POINT('Origin',(76.0000000111759,101.000001490116,22.4999999441206));
#5170=CARTESIAN_POINT('',(-0.999999977648258,101.000001490116,24.0000003576279));
#5171=CARTESIAN_POINT('',(157.000002339482,101.000001490116,24.0000003576279));
#5172=CARTESIAN_POINT('',(-0.999999977648258,101.000001490116,20.9999995306134));
#5173=CARTESIAN_POINT('',(-0.999999977648258,101.000001490116,24.0000003576279));
#5174=CARTESIAN_POINT('',(-0.999999977648258,101.000001490116,20.9999995306134));
#5175=CARTESIAN_POINT('Origin',(147.000002190471,-2.,21.0000003129244));
#5176=CARTESIAN_POINT('',(73.0000010952353,-3.,21.0000003129244));
#5177=CARTESIAN_POINT('',(153.,0.,21.0000003129244));
#5178=CARTESIAN_POINT('',(153.,-0.5,21.0000003129244));
#5179=CARTESIAN_POINT('',(0.,0.,21.0000003129244));
#5180=CARTESIAN_POINT('',(74.5000011175871,0.,21.0000003129244));
#5181=CARTESIAN_POINT('',(0.,100.000001490116,21.0000003129244));
#5182=CARTESIAN_POINT('',(0.,50.0000007450581,21.0000003129244));
#5183=CARTESIAN_POINT('',(153.,100.000001490116,20.9999995306134));
#5184=CARTESIAN_POINT('',(76.5,100.000001490116,20.9999995306134));
#5185=CARTESIAN_POINT('',(153.,101.000001490116,20.9999995306134));
#5186=CARTESIAN_POINT('',(153.,49.5000007450581,20.9999995306134));
#5187=CARTESIAN_POINT('',(-0.999999977648258,101.000001490116,20.9999995306134));
#5188=CARTESIAN_POINT('',(150.500001117587,103.,21.0000003129244));
#5189=CARTESIAN_POINT('',(-0.999999999999996,-1.,21.0000003129244));
#5190=CARTESIAN_POINT('',(-1.,0.,21.0000003129244));
#5191=CARTESIAN_POINT('',(-1.,-1.,21.0000003129244));
#5192=CARTESIAN_POINT('Origin',(150.000002235174,-2.,24.0000003576279));
#5193=CARTESIAN_POINT('',(74.5000011175871,-3.,24.0000003576279));
#5194=CARTESIAN_POINT('',(-0.999999999999996,-1.,24.0000003129244));
#5195=CARTESIAN_POINT('',(167.000002488494,-1.,24.0000003129244));
#5196=CARTESIAN_POINT('',(-0.999999977648258,100.000001490116,24.0000003576279));
#5197=CARTESIAN_POINT('',(149.000001095235,103.,24.0000003576279));
#5198=CARTESIAN_POINT('',(153.,101.000001490116,24.0000003576279));
#5199=CARTESIAN_POINT('',(157.000002339482,101.000001490116,24.0000003576279));
#5200=CARTESIAN_POINT('',(153.,100.000001490116,24.0000003576279));
#5201=CARTESIAN_POINT('',(153.,49.5000007450581,24.0000003576279));
#5202=CARTESIAN_POINT('',(0.,100.000001490116,24.0000003576279));
#5203=CARTESIAN_POINT('',(-0.499999988824129,100.000001490116,24.0000003576279));
#5204=CARTESIAN_POINT('',(0.,0.,24.0000003576279));
#5205=CARTESIAN_POINT('',(0.,0.,24.0000003576279));
#5206=CARTESIAN_POINT('',(153.,0.,24.0000003129244));
#5207=CARTESIAN_POINT('',(151.500001117587,0.,24.0000003129244));
#5208=CARTESIAN_POINT('',(153.,-0.5,24.0000003129244));
#5209=CARTESIAN_POINT('Origin',(76.,-1.,22.5000003129244));
#5210=CARTESIAN_POINT('',(-1.,-1.,24.0000003129244));
#5211=CARTESIAN_POINT('Origin',(150.000002235174,0.,20.));
#5212=CARTESIAN_POINT('',(0.,0.,25.));
#5213=CARTESIAN_POINT('',(0.,0.,20.));
#5214=CARTESIAN_POINT('',(153.,0.,25.));
#5215=CARTESIAN_POINT('',(112.500001117587,0.,25.));
#5216=CARTESIAN_POINT('',(153.,0.,22.5));
#5217=CARTESIAN_POINT('Origin',(150.000002235174,0.,20.));
#5218=CARTESIAN_POINT('',(153.,0.,20.));
#5219=CARTESIAN_POINT('',(153.,0.,22.5));
#5220=CARTESIAN_POINT('',(0.,0.,20.));
#5221=CARTESIAN_POINT('',(112.500001117587,0.,20.));
#5222=CARTESIAN_POINT('',(0.,0.,20.));
#5223=CARTESIAN_POINT('Origin',(153.,-1.,20.));
#5224=CARTESIAN_POINT('',(153.,-1.,25.));
#5225=CARTESIAN_POINT('',(153.,25.,25.));
#5226=CARTESIAN_POINT('',(153.,-1.,20.));
#5227=CARTESIAN_POINT('Origin',(153.,-1.,20.));
#5228=CARTESIAN_POINT('',(153.,-1.,20.));
#5229=CARTESIAN_POINT('',(153.,-1.,20.));
#5230=CARTESIAN_POINT('',(153.,25.,20.));
#5231=CARTESIAN_POINT('Origin',(76.0000000111759,101.000001490116,22.4999999441206));
#5232=CARTESIAN_POINT('',(153.,101.,20.));
#5233=CARTESIAN_POINT('Origin',(153.,-1.,20.));
#5234=CARTESIAN_POINT('',(153.,101.,25.));
#5235=CARTESIAN_POINT('',(153.,101.,20.));
#5236=CARTESIAN_POINT('',(153.,100.000001490116,25.));
#5237=CARTESIAN_POINT('',(153.,25.,25.));
#5238=CARTESIAN_POINT('',(153.,100.000001490116,20.));
#5239=CARTESIAN_POINT('Origin',(153.,-1.,20.));
#5240=CARTESIAN_POINT('',(153.,100.000001490116,20.));
#5241=CARTESIAN_POINT('',(153.,100.000001490116,20.));
#5242=CARTESIAN_POINT('',(153.,101.,20.));
#5243=CARTESIAN_POINT('',(153.,25.,20.));
#5244=CARTESIAN_POINT('',(153.,101.,20.));
#5245=CARTESIAN_POINT('Origin',(0.,100.000001490116,20.));
#5246=CARTESIAN_POINT('',(0.,100.000001490116,25.));
#5247=CARTESIAN_POINT('',(110.,100.000001490116,25.));
#5248=CARTESIAN_POINT('',(0.,100.000001490116,20.));
#5249=CARTESIAN_POINT('Origin',(0.,100.000001490116,20.));
#5250=CARTESIAN_POINT('',(0.,100.000001490116,20.));
#5251=CARTESIAN_POINT('',(0.,100.000001490116,20.));
#5252=CARTESIAN_POINT('',(110.,100.000001490116,20.));
#5253=CARTESIAN_POINT('Origin',(-1.,50.0000007450581,22.5000003352761));
#5254=CARTESIAN_POINT('Origin',(0.,0.,20.));
#5255=CARTESIAN_POINT('',(0.,72.5,20.));
#5256=CARTESIAN_POINT('Origin',(0.,0.,20.));
#5257=CARTESIAN_POINT('',(0.,72.5,25.));
#5258=CARTESIAN_POINT('Origin',(75.,50.,25.));
#5259=CARTESIAN_POINT('',(151.,103.,25.));
#5260=CARTESIAN_POINT('Origin',(151.,101.,25.));
#5261=CARTESIAN_POINT('',(-0.999999999999996,103.,25.));
#5262=CARTESIAN_POINT('',(112.5,103.,25.));
#5263=CARTESIAN_POINT('',(-3.00000000000001,101.,25.));
#5264=CARTESIAN_POINT('Origin',(-0.999999999999996,101.,25.));
#5265=CARTESIAN_POINT('',(-3.00000000000001,-0.999999999999996,25.));
#5266=CARTESIAN_POINT('',(-3.,75.,25.));
#5267=CARTESIAN_POINT('',(-0.999999999999996,-3.,25.));
#5268=CARTESIAN_POINT('Origin',(-1.,-0.999999999999996,25.));
#5269=CARTESIAN_POINT('',(151.,-3.,25.));
#5270=CARTESIAN_POINT('',(37.5,-3.,25.));
#5271=CARTESIAN_POINT('Origin',(151.,-1.,25.));
#5272=CARTESIAN_POINT('Origin',(-1.,-3.,20.));
#5273=CARTESIAN_POINT('',(-1.,-3.,20.));
#5274=CARTESIAN_POINT('',(151.,-3.,20.));
#5275=CARTESIAN_POINT('',(37.5,-3.,20.));
#5276=CARTESIAN_POINT('',(151.,-3.,20.));
#5277=CARTESIAN_POINT('',(-1.,-3.,20.));
#5278=CARTESIAN_POINT('Origin',(-1.,-0.999999999999996,20.));
#5279=CARTESIAN_POINT('',(-3.,-0.999999999999996,20.));
#5280=CARTESIAN_POINT('Origin',(-1.,-0.999999999999996,20.));
#5281=CARTESIAN_POINT('',(-3.,-0.999999999999996,20.));
#5282=CARTESIAN_POINT('Origin',(-3.,101.,20.));
#5283=CARTESIAN_POINT('',(-3.,101.,20.));
#5284=CARTESIAN_POINT('',(-3.,75.,20.));
#5285=CARTESIAN_POINT('',(-3.,101.,20.));
#5286=CARTESIAN_POINT('Origin',(-0.999999999999996,101.,20.));
#5287=CARTESIAN_POINT('',(-0.999999999999996,103.,20.));
#5288=CARTESIAN_POINT('Origin',(-0.999999999999996,101.,20.));
#5289=CARTESIAN_POINT('',(-0.999999999999996,103.,20.));
#5290=CARTESIAN_POINT('Origin',(151.,103.,20.));
#5291=CARTESIAN_POINT('',(151.,103.,20.));
#5292=CARTESIAN_POINT('',(112.5,103.,20.));
#5293=CARTESIAN_POINT('',(151.,103.,20.));
#5294=CARTESIAN_POINT('Origin',(151.,101.,20.));
#5295=CARTESIAN_POINT('Origin',(151.,101.,20.));
#5296=CARTESIAN_POINT('Origin',(151.,-1.,20.));
#5297=CARTESIAN_POINT('Origin',(151.,-1.,20.));
#5298=CARTESIAN_POINT('Origin',(75.,50.,20.));
#5299=CARTESIAN_POINT('Origin',(150.75000224635,50.0000007450581,20.0000003129244));
#5300=CARTESIAN_POINT('',(153.000002279878,0.,20.0000003129244));
#5301=CARTESIAN_POINT('',(153.000002279878,100.000001490116,20.0000003129244));
#5302=CARTESIAN_POINT('',(153.000000022352,50.0000007450581,20.0000003129244));
#5303=CARTESIAN_POINT('',(148.500002212822,0.,20.0000003129244));
#5304=CARTESIAN_POINT('',(151.875002263114,0.,20.0000003129244));
#5305=CARTESIAN_POINT('',(148.500002212822,100.000001490116,20.0000003129244));
#5306=CARTESIAN_POINT('',(148.500002212822,25.000000372529,20.0000003129244));
#5307=CARTESIAN_POINT('',(149.625002229586,100.000001490116,20.0000003129244));
#5308=CARTESIAN_POINT('Origin',(153.000000022352,50.0000007450581,22.5000003352761));
#5309=CARTESIAN_POINT('',(153.000002279878,100.000001490116,21.0000003129244));
#5310=CARTESIAN_POINT('',(153.000002279878,100.000001490116,21.0000003129244));
#5311=CARTESIAN_POINT('',(153.000000022352,101.000001490116,20.9999995306134));
#5312=CARTESIAN_POINT('',(153.,0.,21.0000003129244));
#5313=CARTESIAN_POINT('',(153.000000022352,101.000001490116,24.0000003576279));
#5314=CARTESIAN_POINT('',(153.000000022352,101.000001490116,24.0000003576279));
#5315=CARTESIAN_POINT('',(153.000002279878,100.,24.0000003576279));
#5316=CARTESIAN_POINT('',(153.000000022352,100.000001490116,24.0000003576279));
#5317=CARTESIAN_POINT('',(153.000002279878,100.,25.0000003576279));
#5318=CARTESIAN_POINT('',(153.000002279878,100.,24.0000003576279));
#5319=CARTESIAN_POINT('',(153.000002279878,0.,25.0000003576279));
#5320=CARTESIAN_POINT('',(153.000002279878,100.,25.0000003576279));
#5321=CARTESIAN_POINT('',(153.000002279878,0.,24.0000003576279));
#5322=CARTESIAN_POINT('',(153.000002279878,0.,24.0000003576279));
#5323=CARTESIAN_POINT('',(153.,-0.999999999999996,24.0000003129244));
#5324=CARTESIAN_POINT('',(153.000000022352,100.000001490116,24.0000003576279));
#5325=CARTESIAN_POINT('',(153.,-0.999999999999996,21.0000003129244));
#5326=CARTESIAN_POINT('',(153.,-1.,24.0000003129244));
#5327=CARTESIAN_POINT('',(153.000002279878,0.,21.0000003129244));
#5328=CARTESIAN_POINT('',(153.,0.,21.0000003129244));
#5329=CARTESIAN_POINT('',(153.000002279878,0.,21.0000003129244));
#5330=CARTESIAN_POINT('Origin',(148.500002212822,100.000001490116,21.0000003129244));
#5331=CARTESIAN_POINT('',(148.500002212822,100.000001490116,21.0000003129244));
#5332=CARTESIAN_POINT('',(148.500002212822,100.000001490116,21.0000003129244));
#5333=CARTESIAN_POINT('',(73.7500011064112,100.000001490116,21.0000003129244));
#5334=CARTESIAN_POINT('Origin',(147.500002190471,101.500001490116,21.7500001285225));
#5335=CARTESIAN_POINT('',(147.000002190471,101.000001490116,24.0000003576279));
#5336=CARTESIAN_POINT('',(148.000002190471,102.000001490116,24.0000003576279));
#5337=CARTESIAN_POINT('',(110.250001648441,64.2500009480864,24.0000003576279));
#5338=CARTESIAN_POINT('',(148.000002190471,102.000001490116,21.0000003129244));
#5339=CARTESIAN_POINT('',(148.000002190471,102.000001490116,21.7500001285225));
#5340=CARTESIAN_POINT('',(147.000002190471,101.000001490116,21.0000003129244));
#5341=CARTESIAN_POINT('',(84.750001270324,38.7500005699694,21.0000003129244));
#5342=CARTESIAN_POINT('',(147.000002190471,101.000001490116,20.9999999217689));
#5343=CARTESIAN_POINT('Origin',(148.500002212822,102.000001490116,22.4999999441206));
#5344=CARTESIAN_POINT('',(149.000002235174,102.000001490116,24.0000003576279));
#5345=CARTESIAN_POINT('',(73.7500011175871,102.000001490116,24.0000003576279));
#5346=CARTESIAN_POINT('',(149.000002235174,102.000001490116,21.0000003129244));
#5347=CARTESIAN_POINT('',(149.000002235174,102.000001490116,23.2500001508743));
#5348=CARTESIAN_POINT('',(73.7500011064112,102.000001490116,21.0000003129244));
#5349=CARTESIAN_POINT('Origin',(-0.999999977648258,101.000001490116,24.0000003576279));
#5350=CARTESIAN_POINT('',(-0.999999977648258,101.000001490116,24.0000003576279));
#5351=CARTESIAN_POINT('',(-0.999999977648258,101.000001490116,24.0000003576279));
#5352=CARTESIAN_POINT('',(-0.999999999999996,-1.,24.0000003129244));
#5353=CARTESIAN_POINT('',(-0.999999977648258,100.000001490116,24.0000003576279));
#5354=CARTESIAN_POINT('',(147.000002190471,-1.,24.0000003576279));
#5355=CARTESIAN_POINT('',(-0.999999999999996,-1.,24.0000003129244));
#5356=CARTESIAN_POINT('',(148.000002190471,-2.,24.0000003576279));
#5357=CARTESIAN_POINT('',(84.7500012759121,61.2500009145589,24.0000003576279));
#5358=CARTESIAN_POINT('',(149.000002235174,-2.,24.0000003576279));
#5359=CARTESIAN_POINT('',(147.000002190471,-2.,24.0000003576279));
#5360=CARTESIAN_POINT('',(150.000002235174,-1.,24.0000003576279));
#5361=CARTESIAN_POINT('',(137.500002054498,-13.5000001806765,24.0000003576279));
#5362=CARTESIAN_POINT('',(-0.999999999999996,-1.,24.0000003129244));
#5363=CARTESIAN_POINT('',(0.,0.,24.0000003576279));
#5364=CARTESIAN_POINT('',(-0.499999988824129,0.,24.0000003576279));
#5365=CARTESIAN_POINT('',(0.,100.,24.0000003576279));
#5366=CARTESIAN_POINT('',(0.,100.500000745058,24.0000003576279));
#5367=CARTESIAN_POINT('',(76.0000011511147,100.,24.0000003576279));
#5368=CARTESIAN_POINT('',(150.000002235174,101.000001490116,24.0000003576279));
#5369=CARTESIAN_POINT('',(-0.999999977648258,101.000001490116,24.0000003576279));
#5370=CARTESIAN_POINT('',(112.000001681969,139.000002043322,24.0000003576279));
#5371=CARTESIAN_POINT('Origin',(149.500002235174,101.500001490116,23.2500001508743));
#5372=CARTESIAN_POINT('',(150.000002235174,101.000001490116,20.9999995306134));
#5373=CARTESIAN_POINT('',(137.50000204891,113.500001676381,21.0000003129244));
#5374=CARTESIAN_POINT('',(150.000002235174,101.000001490116,22.4999999441206));
#5375=CARTESIAN_POINT('Origin',(147.500002190471,-1.5,23.250000346452));
#5376=CARTESIAN_POINT('',(147.000002190471,-1.,21.0000003129244));
#5377=CARTESIAN_POINT('',(148.000002190471,-2.,21.0000003129244));
#5378=CARTESIAN_POINT('',(110.250001642853,35.7500005476177,21.0000003129244));
#5379=CARTESIAN_POINT('',(148.000002190471,-2.,23.250000346452));
#5380=CARTESIAN_POINT('',(147.000002190471,-1.,24.0000003352761));
#5381=CARTESIAN_POINT('Origin',(148.500002212822,-2.,22.5000003352761));
#5382=CARTESIAN_POINT('',(149.000002235174,-2.,21.0000003129244));
#5383=CARTESIAN_POINT('',(150.000002235174,-2.,21.0000003129244));
#5384=CARTESIAN_POINT('',(149.000002235174,-2.,21.7500003241003));
#5385=CARTESIAN_POINT('Origin',(149.500002235174,-1.5,21.7500003241003));
#5386=CARTESIAN_POINT('',(150.000002235174,-1.,21.0000003129244));
#5387=CARTESIAN_POINT('',(112.000001676381,-39.0000005587935,21.0000003129244));
#5388=CARTESIAN_POINT('',(150.000002235174,-1.,22.5000003129244));
#5389=CARTESIAN_POINT('Origin',(-0.999999977648258,101.000001490116,20.9999995306134));
#5390=CARTESIAN_POINT('',(-0.999999977648258,101.000001490116,20.9999995306134));
#5391=CARTESIAN_POINT('',(-0.999999977648258,101.000001490116,20.9999995306134));
#5392=CARTESIAN_POINT('',(-0.999999977648258,101.000001490116,24.0000003576279));
#5393=CARTESIAN_POINT('Origin',(-1.,-1.,24.0000003129244));
#5394=CARTESIAN_POINT('',(-0.999999999999996,-1.,21.0000003129244));
#5395=CARTESIAN_POINT('Origin',(-1.,-1.,24.0000003129244));
#5396=CARTESIAN_POINT('',(-0.999999999999996,-1.,21.0000003129244));
#5397=CARTESIAN_POINT('',(-1.,-1.,24.0000003129244));
#5398=CARTESIAN_POINT('',(-0.999999999999996,-1.,21.0000003129244));
#5399=CARTESIAN_POINT('Origin',(148.500002212822,0.,21.0000003129244));
#5400=CARTESIAN_POINT('',(148.500002212822,0.,21.0000003129244));
#5401=CARTESIAN_POINT('',(148.500002212822,0.,21.0000003129244));
#5402=CARTESIAN_POINT('',(148.500002212822,-0.5,21.0000003129244));
#5403=CARTESIAN_POINT('Origin',(153.000002279878,0.,21.0000003129244));
#5404=CARTESIAN_POINT('',(76.0000011399388,0.,21.0000003129244));
#5405=CARTESIAN_POINT('Origin',(153.000002279878,100.,24.0000003576279));
#5406=CARTESIAN_POINT('',(0.,100.,25.0000003576279));
#5407=CARTESIAN_POINT('',(0.,100.,24.0000003576279));
#5408=CARTESIAN_POINT('',(0.,100.,25.0000003576279));
#5409=CARTESIAN_POINT('Origin',(-0.999999977648258,101.000001490116,20.9999995306134));
#5410=CARTESIAN_POINT('',(-0.999999977648258,101.000001490116,20.9999995306134));
#5411=CARTESIAN_POINT('Origin',(-1.,-1.,21.0000003129244));
#5412=CARTESIAN_POINT('',(-1.,0.,21.0000003129244));
#5413=CARTESIAN_POINT('Origin',(0.,100.,24.0000003576279));
#5414=CARTESIAN_POINT('',(0.,0.,25.0000003576279));
#5415=CARTESIAN_POINT('',(0.,0.,24.0000003576279));
#5416=CARTESIAN_POINT('',(0.,0.,25.0000003576279));
#5417=CARTESIAN_POINT('Origin',(0.,0.,24.0000003576279));
#5418=CARTESIAN_POINT('',(153.000002279878,0.,25.0000003576279));
#5419=CARTESIAN_POINT('Origin',(76.5000011399388,50.,25.0000003576279));
#5420=CARTESIAN_POINT('Origin',(-1.,50.0000007450581,22.5000003352761));
#5421=UNCERTAINTY_MEASURE_WITH_UNIT(LENGTH_MEASURE(0.01),#5425,
'DISTANCE_ACCURACY_VALUE',
'Maximum model space distance between geometric entities at asserted c
onnectivities');
#5422=UNCERTAINTY_MEASURE_WITH_UNIT(LENGTH_MEASURE(0.01),#5425,
'DISTANCE_ACCURACY_VALUE',
'Maximum model space distance between geometric entities at asserted c
onnectivities');
#5423=(
GEOMETRIC_REPRESENTATION_CONTEXT(3)
GLOBAL_UNCERTAINTY_ASSIGNED_CONTEXT((#5421))
GLOBAL_UNIT_ASSIGNED_CONTEXT((#5425,#5427,#5428))
REPRESENTATION_CONTEXT('','3D')
);
#5424=(
GEOMETRIC_REPRESENTATION_CONTEXT(3)
GLOBAL_UNCERTAINTY_ASSIGNED_CONTEXT((#5422))
GLOBAL_UNIT_ASSIGNED_CONTEXT((#5425,#5427,#5428))
REPRESENTATION_CONTEXT('','3D')
);
#5425=(
LENGTH_UNIT()
NAMED_UNIT(*)
SI_UNIT(.MILLI.,.METRE.)
);
#5426=(
LENGTH_UNIT()
NAMED_UNIT(*)
SI_UNIT($,.METRE.)
);
#5427=(
NAMED_UNIT(*)
PLANE_ANGLE_UNIT()
SI_UNIT($,.RADIAN.)
);
#5428=(
NAMED_UNIT(*)
SI_UNIT($,.STERADIAN.)
SOLID_ANGLE_UNIT()
);
#5429=SHAPE_DEFINITION_REPRESENTATION(#5430,#5431);
#5430=PRODUCT_DEFINITION_SHAPE('',$,#5433);
#5431=SHAPE_REPRESENTATION('',(#3365),#5423);
#5432=PRODUCT_DEFINITION_CONTEXT('part definition',#5437,'design');
#5433=PRODUCT_DEFINITION('CXD_ROUTER','CXD_ROUTER v16',#5434,#5432);
#5434=PRODUCT_DEFINITION_FORMATION('',$,#5439);
#5435=PRODUCT_RELATED_PRODUCT_CATEGORY('CXD_ROUTER v16',
'CXD_ROUTER v16',(#5439));
#5436=APPLICATION_PROTOCOL_DEFINITION('international standard',
'automotive_design',2009,#5437);
#5437=APPLICATION_CONTEXT(
'Core Data for Automotive Mechanical Design Process');
#5438=PRODUCT_CONTEXT('part definition',#5437,'mechanical');
#5439=PRODUCT('CXD_ROUTER','CXD_ROUTER v16',$,(#5438));
#5440=PRESENTATION_STYLE_ASSIGNMENT((#5441));
#5441=SURFACE_STYLE_USAGE(.BOTH.,#5442);
#5442=SURFACE_SIDE_STYLE('',(#5443));
#5443=SURFACE_STYLE_FILL_AREA(#5444);
#5444=FILL_AREA_STYLE('Steel - Satin',(#5445));
#5445=FILL_AREA_STYLE_COLOUR('Steel - Satin',#5446);
#5446=COLOUR_RGB('Steel - Satin',0.627450980392157,0.627450980392157,0.627450980392157);
ENDSEC;
END-ISO-10303-21;
