ISO-10303-21;
HEADER;
/* Generated by software containing ST-Developer
 * from STEP Tools, Inc. (www.steptools.com) 
 */

FILE_DESCRIPTION(
/* description */ (''),
/* implementation_level */ '2;1');

FILE_NAME(
/* name */ 'CXD_ROUTER_Housing_V1.1.step',
/* time_stamp */ '2026-08-22T17:25:31+10:00',
/* author */ (''),
/* organization */ (''),
/* preprocessor_version */ 'ST-DEVELOPER v20.1',
/* originating_system */ 'Autodesk Translation Framework v15.8.0.0',
/* authorisation */ '');

FILE_SCHEMA (('AUTOMOTIVE_DESIGN { 1 0 10303 214 3 1 1 }'));
ENDSEC;

DATA;
#10=MECHANICAL_DESIGN_GEOMETRIC_PRESENTATION_REPRESENTATION('',(#17,#18,
#19),#4566);
#11=SHAPE_REPRESENTATION_RELATIONSHIP('SRR','None',#4573,#12);
#12=ADVANCED_BREP_SHAPE_REPRESENTATION('',(#20,#21,#22),#4565);
#13=CONICAL_SURFACE('',#2970,1.49999999999999,0.785398163397446);
#14=CONICAL_SURFACE('',#2983,1.49999999999999,0.785398163397446);
#15=CONICAL_SURFACE('',#2987,1.5,0.785398163397448);
#16=CONICAL_SURFACE('',#2991,1.50000000000001,0.785398163397448);
#17=STYLED_ITEM('',(#4582),#20);
#18=STYLED_ITEM('',(#4582),#21);
#19=STYLED_ITEM('',(#4582),#22);
#20=MANIFOLD_SOLID_BREP('Body1',#2774);
#21=MANIFOLD_SOLID_BREP('Body2',#2775);
#22=MANIFOLD_SOLID_BREP('Body3',#2776);
#23=FACE_BOUND('',#319,.T.);
#24=FACE_BOUND('',#320,.T.);
#25=FACE_BOUND('',#327,.T.);
#26=FACE_BOUND('',#328,.T.);
#27=FACE_BOUND('',#329,.T.);
#28=FACE_BOUND('',#335,.T.);
#29=FACE_BOUND('',#341,.T.);
#30=FACE_BOUND('',#342,.T.);
#31=FACE_BOUND('',#355,.T.);
#32=FACE_BOUND('',#356,.T.);
#33=FACE_BOUND('',#357,.T.);
#34=FACE_BOUND('',#358,.T.);
#35=FACE_BOUND('',#359,.T.);
#36=FACE_BOUND('',#364,.T.);
#37=FACE_BOUND('',#383,.T.);
#38=FACE_BOUND('',#384,.T.);
#39=FACE_BOUND('',#385,.T.);
#40=FACE_BOUND('',#386,.T.);
#41=FACE_BOUND('',#387,.T.);
#42=FACE_BOUND('',#428,.T.);
#43=FACE_BOUND('',#429,.T.);
#44=FACE_BOUND('',#433,.T.);
#45=FACE_BOUND('',#434,.T.);
#46=FACE_BOUND('',#435,.T.);
#47=FACE_BOUND('',#436,.T.);
#48=FACE_BOUND('',#447,.T.);
#49=FACE_BOUND('',#448,.T.);
#50=FACE_BOUND('',#449,.T.);
#51=FACE_BOUND('',#450,.T.);
#52=PLANE('',#2802);
#53=PLANE('',#2803);
#54=PLANE('',#2816);
#55=PLANE('',#2817);
#56=PLANE('',#2818);
#57=PLANE('',#2819);
#58=PLANE('',#2820);
#59=PLANE('',#2821);
#60=PLANE('',#2822);
#61=PLANE('',#2823);
#62=PLANE('',#2824);
#63=PLANE('',#2825);
#64=PLANE('',#2826);
#65=PLANE('',#2827);
#66=PLANE('',#2828);
#67=PLANE('',#2829);
#68=PLANE('',#2830);
#69=PLANE('',#2831);
#70=PLANE('',#2832);
#71=PLANE('',#2833);
#72=PLANE('',#2834);
#73=PLANE('',#2835);
#74=PLANE('',#2836);
#75=PLANE('',#2837);
#76=PLANE('',#2838);
#77=PLANE('',#2839);
#78=PLANE('',#2840);
#79=PLANE('',#2841);
#80=PLANE('',#2842);
#81=PLANE('',#2843);
#82=PLANE('',#2844);
#83=PLANE('',#2845);
#84=PLANE('',#2852);
#85=PLANE('',#2855);
#86=PLANE('',#2856);
#87=PLANE('',#2869);
#88=PLANE('',#2872);
#89=PLANE('',#2875);
#90=PLANE('',#2878);
#91=PLANE('',#2881);
#92=PLANE('',#2885);
#93=PLANE('',#2891);
#94=PLANE('',#2894);
#95=PLANE('',#2903);
#96=PLANE('',#2906);
#97=PLANE('',#2909);
#98=PLANE('',#2912);
#99=PLANE('',#2915);
#100=PLANE('',#2916);
#101=PLANE('',#2921);
#102=PLANE('',#2926);
#103=PLANE('',#2930);
#104=PLANE('',#2932);
#105=PLANE('',#2933);
#106=PLANE('',#2934);
#107=PLANE('',#2935);
#108=PLANE('',#2936);
#109=PLANE('',#2937);
#110=PLANE('',#2938);
#111=PLANE('',#2939);
#112=PLANE('',#2940);
#113=PLANE('',#2941);
#114=PLANE('',#2942);
#115=PLANE('',#2943);
#116=PLANE('',#2944);
#117=PLANE('',#2945);
#118=PLANE('',#2946);
#119=PLANE('',#2947);
#120=PLANE('',#2948);
#121=PLANE('',#2949);
#122=PLANE('',#2950);
#123=PLANE('',#2951);
#124=PLANE('',#2952);
#125=PLANE('',#2953);
#126=PLANE('',#2954);
#127=PLANE('',#2955);
#128=PLANE('',#2956);
#129=PLANE('',#2957);
#130=PLANE('',#2958);
#131=PLANE('',#2959);
#132=PLANE('',#2960);
#133=PLANE('',#2961);
#134=PLANE('',#2962);
#135=PLANE('',#2963);
#136=PLANE('',#2964);
#137=PLANE('',#2965);
#138=PLANE('',#2966);
#139=PLANE('',#2967);
#140=PLANE('',#2968);
#141=PLANE('',#2969);
#142=PLANE('',#2973);
#143=PLANE('',#2997);
#144=PLANE('',#2998);
#145=PLANE('',#3003);
#146=PLANE('',#3006);
#147=PLANE('',#3007);
#148=PLANE('',#3008);
#149=PLANE('',#3009);
#150=PLANE('',#3010);
#151=PLANE('',#3011);
#152=PLANE('',#3012);
#153=PLANE('',#3013);
#154=FACE_OUTER_BOUND('',#294,.T.);
#155=FACE_OUTER_BOUND('',#295,.T.);
#156=FACE_OUTER_BOUND('',#296,.T.);
#157=FACE_OUTER_BOUND('',#297,.T.);
#158=FACE_OUTER_BOUND('',#298,.T.);
#159=FACE_OUTER_BOUND('',#299,.T.);
#160=FACE_OUTER_BOUND('',#300,.T.);
#161=FACE_OUTER_BOUND('',#301,.T.);
#162=FACE_OUTER_BOUND('',#302,.T.);
#163=FACE_OUTER_BOUND('',#303,.T.);
#164=FACE_OUTER_BOUND('',#304,.T.);
#165=FACE_OUTER_BOUND('',#305,.T.);
#166=FACE_OUTER_BOUND('',#306,.T.);
#167=FACE_OUTER_BOUND('',#307,.T.);
#168=FACE_OUTER_BOUND('',#308,.T.);
#169=FACE_OUTER_BOUND('',#309,.T.);
#170=FACE_OUTER_BOUND('',#310,.T.);
#171=FACE_OUTER_BOUND('',#311,.T.);
#172=FACE_OUTER_BOUND('',#312,.T.);
#173=FACE_OUTER_BOUND('',#313,.T.);
#174=FACE_OUTER_BOUND('',#314,.T.);
#175=FACE_OUTER_BOUND('',#315,.T.);
#176=FACE_OUTER_BOUND('',#316,.T.);
#177=FACE_OUTER_BOUND('',#317,.T.);
#178=FACE_OUTER_BOUND('',#318,.T.);
#179=FACE_OUTER_BOUND('',#321,.T.);
#180=FACE_OUTER_BOUND('',#322,.T.);
#181=FACE_OUTER_BOUND('',#323,.T.);
#182=FACE_OUTER_BOUND('',#324,.T.);
#183=FACE_OUTER_BOUND('',#325,.T.);
#184=FACE_OUTER_BOUND('',#326,.T.);
#185=FACE_OUTER_BOUND('',#330,.T.);
#186=FACE_OUTER_BOUND('',#331,.T.);
#187=FACE_OUTER_BOUND('',#332,.T.);
#188=FACE_OUTER_BOUND('',#333,.T.);
#189=FACE_OUTER_BOUND('',#334,.T.);
#190=FACE_OUTER_BOUND('',#336,.T.);
#191=FACE_OUTER_BOUND('',#337,.T.);
#192=FACE_OUTER_BOUND('',#338,.T.);
#193=FACE_OUTER_BOUND('',#339,.T.);
#194=FACE_OUTER_BOUND('',#340,.T.);
#195=FACE_OUTER_BOUND('',#343,.T.);
#196=FACE_OUTER_BOUND('',#344,.T.);
#197=FACE_OUTER_BOUND('',#345,.T.);
#198=FACE_OUTER_BOUND('',#346,.T.);
#199=FACE_OUTER_BOUND('',#347,.T.);
#200=FACE_OUTER_BOUND('',#348,.T.);
#201=FACE_OUTER_BOUND('',#349,.T.);
#202=FACE_OUTER_BOUND('',#350,.T.);
#203=FACE_OUTER_BOUND('',#351,.T.);
#204=FACE_OUTER_BOUND('',#352,.T.);
#205=FACE_OUTER_BOUND('',#353,.T.);
#206=FACE_OUTER_BOUND('',#354,.T.);
#207=FACE_OUTER_BOUND('',#360,.T.);
#208=FACE_OUTER_BOUND('',#361,.T.);
#209=FACE_OUTER_BOUND('',#362,.T.);
#210=FACE_OUTER_BOUND('',#363,.T.);
#211=FACE_OUTER_BOUND('',#365,.T.);
#212=FACE_OUTER_BOUND('',#366,.T.);
#213=FACE_OUTER_BOUND('',#367,.T.);
#214=FACE_OUTER_BOUND('',#368,.T.);
#215=FACE_OUTER_BOUND('',#369,.T.);
#216=FACE_OUTER_BOUND('',#370,.T.);
#217=FACE_OUTER_BOUND('',#371,.T.);
#218=FACE_OUTER_BOUND('',#372,.T.);
#219=FACE_OUTER_BOUND('',#373,.T.);
#220=FACE_OUTER_BOUND('',#374,.T.);
#221=FACE_OUTER_BOUND('',#375,.T.);
#222=FACE_OUTER_BOUND('',#376,.T.);
#223=FACE_OUTER_BOUND('',#377,.T.);
#224=FACE_OUTER_BOUND('',#378,.T.);
#225=FACE_OUTER_BOUND('',#379,.T.);
#226=FACE_OUTER_BOUND('',#380,.T.);
#227=FACE_OUTER_BOUND('',#381,.T.);
#228=FACE_OUTER_BOUND('',#382,.T.);
#229=FACE_OUTER_BOUND('',#388,.T.);
#230=FACE_OUTER_BOUND('',#389,.T.);
#231=FACE_OUTER_BOUND('',#390,.T.);
#232=FACE_OUTER_BOUND('',#391,.T.);
#233=FACE_OUTER_BOUND('',#392,.T.);
#234=FACE_OUTER_BOUND('',#393,.T.);
#235=FACE_OUTER_BOUND('',#394,.T.);
#236=FACE_OUTER_BOUND('',#395,.T.);
#237=FACE_OUTER_BOUND('',#396,.T.);
#238=FACE_OUTER_BOUND('',#397,.T.);
#239=FACE_OUTER_BOUND('',#398,.T.);
#240=FACE_OUTER_BOUND('',#399,.T.);
#241=FACE_OUTER_BOUND('',#400,.T.);
#242=FACE_OUTER_BOUND('',#401,.T.);
#243=FACE_OUTER_BOUND('',#402,.T.);
#244=FACE_OUTER_BOUND('',#403,.T.);
#245=FACE_OUTER_BOUND('',#404,.T.);
#246=FACE_OUTER_BOUND('',#405,.T.);
#247=FACE_OUTER_BOUND('',#406,.T.);
#248=FACE_OUTER_BOUND('',#407,.T.);
#249=FACE_OUTER_BOUND('',#408,.T.);
#250=FACE_OUTER_BOUND('',#409,.T.);
#251=FACE_OUTER_BOUND('',#410,.T.);
#252=FACE_OUTER_BOUND('',#411,.T.);
#253=FACE_OUTER_BOUND('',#412,.T.);
#254=FACE_OUTER_BOUND('',#413,.T.);
#255=FACE_OUTER_BOUND('',#414,.T.);
#256=FACE_OUTER_BOUND('',#415,.T.);
#257=FACE_OUTER_BOUND('',#416,.T.);
#258=FACE_OUTER_BOUND('',#417,.T.);
#259=FACE_OUTER_BOUND('',#418,.T.);
#260=FACE_OUTER_BOUND('',#419,.T.);
#261=FACE_OUTER_BOUND('',#420,.T.);
#262=FACE_OUTER_BOUND('',#421,.T.);
#263=FACE_OUTER_BOUND('',#422,.T.);
#264=FACE_OUTER_BOUND('',#423,.T.);
#265=FACE_OUTER_BOUND('',#424,.T.);
#266=FACE_OUTER_BOUND('',#425,.T.);
#267=FACE_OUTER_BOUND('',#426,.T.);
#268=FACE_OUTER_BOUND('',#427,.T.);
#269=FACE_OUTER_BOUND('',#430,.T.);
#270=FACE_OUTER_BOUND('',#431,.T.);
#271=FACE_OUTER_BOUND('',#432,.T.);
#272=FACE_OUTER_BOUND('',#437,.T.);
#273=FACE_OUTER_BOUND('',#438,.T.);
#274=FACE_OUTER_BOUND('',#439,.T.);
#275=FACE_OUTER_BOUND('',#440,.T.);
#276=FACE_OUTER_BOUND('',#441,.T.);
#277=FACE_OUTER_BOUND('',#442,.T.);
#278=FACE_OUTER_BOUND('',#443,.T.);
#279=FACE_OUTER_BOUND('',#444,.T.);
#280=FACE_OUTER_BOUND('',#445,.T.);
#281=FACE_OUTER_BOUND('',#446,.T.);
#282=FACE_OUTER_BOUND('',#451,.T.);
#283=FACE_OUTER_BOUND('',#452,.T.);
#284=FACE_OUTER_BOUND('',#453,.T.);
#285=FACE_OUTER_BOUND('',#454,.T.);
#286=FACE_OUTER_BOUND('',#455,.T.);
#287=FACE_OUTER_BOUND('',#456,.T.);
#288=FACE_OUTER_BOUND('',#457,.T.);
#289=FACE_OUTER_BOUND('',#458,.T.);
#290=FACE_OUTER_BOUND('',#459,.T.);
#291=FACE_OUTER_BOUND('',#460,.T.);
#292=FACE_OUTER_BOUND('',#461,.T.);
#293=FACE_OUTER_BOUND('',#462,.T.);
#294=EDGE_LOOP('',(#1814,#1815,#1816,#1817,#1818,#1819,#1820));
#295=EDGE_LOOP('',(#1821,#1822,#1823,#1824,#1825,#1826,#1827));
#296=EDGE_LOOP('',(#1828,#1829,#1830,#1831,#1832,#1833));
#297=EDGE_LOOP('',(#1834,#1835,#1836,#1837,#1838));
#298=EDGE_LOOP('',(#1839,#1840,#1841,#1842,#1843,#1844,#1845));
#299=EDGE_LOOP('',(#1846,#1847,#1848,#1849,#1850,#1851,#1852));
#300=EDGE_LOOP('',(#1853,#1854,#1855,#1856,#1857,#1858));
#301=EDGE_LOOP('',(#1859,#1860,#1861,#1862,#1863));
#302=EDGE_LOOP('',(#1864,#1865,#1866,#1867,#1868));
#303=EDGE_LOOP('',(#1869,#1870,#1871,#1872,#1873,#1874));
#304=EDGE_LOOP('',(#1875,#1876,#1877,#1878));
#305=EDGE_LOOP('',(#1879,#1880,#1881,#1882));
#306=EDGE_LOOP('',(#1883,#1884,#1885,#1886,#1887,#1888));
#307=EDGE_LOOP('',(#1889,#1890,#1891,#1892,#1893));
#308=EDGE_LOOP('',(#1894,#1895,#1896,#1897));
#309=EDGE_LOOP('',(#1898,#1899,#1900,#1901));
#310=EDGE_LOOP('',(#1902,#1903,#1904,#1905,#1906));
#311=EDGE_LOOP('',(#1907,#1908,#1909,#1910,#1911));
#312=EDGE_LOOP('',(#1912,#1913,#1914,#1915));
#313=EDGE_LOOP('',(#1916,#1917,#1918,#1919));
#314=EDGE_LOOP('',(#1920,#1921,#1922,#1923,#1924));
#315=EDGE_LOOP('',(#1925,#1926,#1927,#1928,#1929));
#316=EDGE_LOOP('',(#1930,#1931,#1932,#1933));
#317=EDGE_LOOP('',(#1934,#1935,#1936,#1937));
#318=EDGE_LOOP('',(#1938,#1939,#1940,#1941,#1942,#1943,#1944,#1945,#1946,
#1947));
#319=EDGE_LOOP('',(#1948,#1949,#1950,#1951));
#320=EDGE_LOOP('',(#1952,#1953,#1954,#1955));
#321=EDGE_LOOP('',(#1956,#1957,#1958,#1959,#1960,#1961,#1962,#1963,#1964,
#1965));
#322=EDGE_LOOP('',(#1966,#1967,#1968,#1969));
#323=EDGE_LOOP('',(#1970,#1971,#1972,#1973));
#324=EDGE_LOOP('',(#1974,#1975,#1976,#1977));
#325=EDGE_LOOP('',(#1978,#1979,#1980,#1981));
#326=EDGE_LOOP('',(#1982,#1983,#1984,#1985,#1986,#1987,#1988,#1989));
#327=EDGE_LOOP('',(#1990,#1991,#1992,#1993));
#328=EDGE_LOOP('',(#1994,#1995,#1996,#1997));
#329=EDGE_LOOP('',(#1998,#1999,#2000,#2001));
#330=EDGE_LOOP('',(#2002,#2003,#2004,#2005));
#331=EDGE_LOOP('',(#2006,#2007,#2008,#2009));
#332=EDGE_LOOP('',(#2010,#2011,#2012,#2013));
#333=EDGE_LOOP('',(#2014,#2015,#2016,#2017));
#334=EDGE_LOOP('',(#2018,#2019,#2020,#2021));
#335=EDGE_LOOP('',(#2022,#2023,#2024,#2025,#2026,#2027,#2028,#2029));
#336=EDGE_LOOP('',(#2030,#2031,#2032,#2033));
#337=EDGE_LOOP('',(#2034,#2035,#2036,#2037));
#338=EDGE_LOOP('',(#2038,#2039,#2040,#2041));
#339=EDGE_LOOP('',(#2042,#2043,#2044,#2045));
#340=EDGE_LOOP('',(#2046,#2047,#2048,#2049));
#341=EDGE_LOOP('',(#2050,#2051,#2052,#2053,#2054,#2055,#2056,#2057));
#342=EDGE_LOOP('',(#2058,#2059,#2060,#2061,#2062,#2063,#2064,#2065,#2066,
#2067,#2068,#2069));
#343=EDGE_LOOP('',(#2070,#2071,#2072,#2073));
#344=EDGE_LOOP('',(#2074,#2075,#2076,#2077));
#345=EDGE_LOOP('',(#2078,#2079,#2080,#2081));
#346=EDGE_LOOP('',(#2082,#2083,#2084,#2085));
#347=EDGE_LOOP('',(#2086,#2087,#2088,#2089));
#348=EDGE_LOOP('',(#2090,#2091,#2092,#2093));
#349=EDGE_LOOP('',(#2094,#2095,#2096,#2097));
#350=EDGE_LOOP('',(#2098,#2099,#2100,#2101));
#351=EDGE_LOOP('',(#2102,#2103,#2104,#2105));
#352=EDGE_LOOP('',(#2106,#2107,#2108,#2109));
#353=EDGE_LOOP('',(#2110,#2111,#2112,#2113));
#354=EDGE_LOOP('',(#2114,#2115,#2116,#2117,#2118,#2119,#2120,#2121));
#355=EDGE_LOOP('',(#2122));
#356=EDGE_LOOP('',(#2123));
#357=EDGE_LOOP('',(#2124));
#358=EDGE_LOOP('',(#2125));
#359=EDGE_LOOP('',(#2126,#2127,#2128,#2129,#2130,#2131,#2132,#2133,#2134,
#2135,#2136,#2137));
#360=EDGE_LOOP('',(#2138,#2139,#2140,#2141));
#361=EDGE_LOOP('',(#2142,#2143,#2144,#2145));
#362=EDGE_LOOP('',(#2146,#2147,#2148,#2149));
#363=EDGE_LOOP('',(#2150,#2151,#2152,#2153));
#364=EDGE_LOOP('',(#2154,#2155,#2156,#2157,#2158,#2159,#2160,#2161));
#365=EDGE_LOOP('',(#2162,#2163,#2164,#2165));
#366=EDGE_LOOP('',(#2166,#2167,#2168,#2169));
#367=EDGE_LOOP('',(#2170,#2171,#2172,#2173));
#368=EDGE_LOOP('',(#2174,#2175,#2176,#2177));
#369=EDGE_LOOP('',(#2178,#2179,#2180,#2181));
#370=EDGE_LOOP('',(#2182,#2183,#2184,#2185));
#371=EDGE_LOOP('',(#2186,#2187,#2188,#2189,#2190,#2191,#2192,#2193));
#372=EDGE_LOOP('',(#2194,#2195,#2196,#2197));
#373=EDGE_LOOP('',(#2198,#2199,#2200,#2201));
#374=EDGE_LOOP('',(#2202,#2203,#2204,#2205));
#375=EDGE_LOOP('',(#2206,#2207,#2208,#2209));
#376=EDGE_LOOP('',(#2210,#2211,#2212,#2213));
#377=EDGE_LOOP('',(#2214,#2215,#2216,#2217));
#378=EDGE_LOOP('',(#2218,#2219,#2220,#2221));
#379=EDGE_LOOP('',(#2222,#2223,#2224,#2225));
#380=EDGE_LOOP('',(#2226,#2227,#2228,#2229));
#381=EDGE_LOOP('',(#2230,#2231,#2232,#2233));
#382=EDGE_LOOP('',(#2234,#2235,#2236,#2237,#2238,#2239,#2240,#2241,#2242,
#2243));
#383=EDGE_LOOP('',(#2244,#2245,#2246,#2247));
#384=EDGE_LOOP('',(#2248,#2249,#2250,#2251));
#385=EDGE_LOOP('',(#2252,#2253,#2254,#2255,#2256,#2257,#2258,#2259));
#386=EDGE_LOOP('',(#2260,#2261,#2262,#2263,#2264,#2265,#2266,#2267,#2268,
#2269,#2270,#2271));
#387=EDGE_LOOP('',(#2272,#2273,#2274,#2275,#2276,#2277,#2278,#2279));
#388=EDGE_LOOP('',(#2280,#2281,#2282,#2283));
#389=EDGE_LOOP('',(#2284,#2285,#2286,#2287));
#390=EDGE_LOOP('',(#2288,#2289,#2290,#2291));
#391=EDGE_LOOP('',(#2292,#2293,#2294,#2295));
#392=EDGE_LOOP('',(#2296,#2297,#2298,#2299));
#393=EDGE_LOOP('',(#2300,#2301,#2302,#2303));
#394=EDGE_LOOP('',(#2304,#2305,#2306,#2307,#2308,#2309));
#395=EDGE_LOOP('',(#2310,#2311,#2312,#2313));
#396=EDGE_LOOP('',(#2314,#2315,#2316,#2317,#2318,#2319));
#397=EDGE_LOOP('',(#2320,#2321,#2322,#2323));
#398=EDGE_LOOP('',(#2324,#2325,#2326,#2327,#2328,#2329));
#399=EDGE_LOOP('',(#2330,#2331,#2332,#2333));
#400=EDGE_LOOP('',(#2334,#2335,#2336,#2337,#2338,#2339));
#401=EDGE_LOOP('',(#2340,#2341,#2342,#2343));
#402=EDGE_LOOP('',(#2344,#2345,#2346,#2347));
#403=EDGE_LOOP('',(#2348,#2349,#2350,#2351));
#404=EDGE_LOOP('',(#2352,#2353,#2354,#2355));
#405=EDGE_LOOP('',(#2356,#2357,#2358,#2359));
#406=EDGE_LOOP('',(#2360,#2361,#2362,#2363));
#407=EDGE_LOOP('',(#2364,#2365,#2366,#2367));
#408=EDGE_LOOP('',(#2368,#2369,#2370,#2371));
#409=EDGE_LOOP('',(#2372,#2373,#2374,#2375,#2376));
#410=EDGE_LOOP('',(#2377,#2378,#2379,#2380));
#411=EDGE_LOOP('',(#2381,#2382,#2383,#2384,#2385));
#412=EDGE_LOOP('',(#2386,#2387,#2388,#2389));
#413=EDGE_LOOP('',(#2390,#2391,#2392,#2393,#2394));
#414=EDGE_LOOP('',(#2395,#2396,#2397,#2398));
#415=EDGE_LOOP('',(#2399,#2400,#2401,#2402,#2403));
#416=EDGE_LOOP('',(#2404,#2405,#2406,#2407));
#417=EDGE_LOOP('',(#2408,#2409,#2410,#2411,#2412));
#418=EDGE_LOOP('',(#2413,#2414,#2415,#2416));
#419=EDGE_LOOP('',(#2417,#2418,#2419,#2420,#2421));
#420=EDGE_LOOP('',(#2422,#2423,#2424,#2425));
#421=EDGE_LOOP('',(#2426,#2427,#2428,#2429,#2430));
#422=EDGE_LOOP('',(#2431,#2432,#2433,#2434));
#423=EDGE_LOOP('',(#2435,#2436,#2437,#2438,#2439));
#424=EDGE_LOOP('',(#2440,#2441,#2442,#2443));
#425=EDGE_LOOP('',(#2444,#2445,#2446,#2447));
#426=EDGE_LOOP('',(#2448,#2449,#2450,#2451,#2452,#2453,#2454,#2455,#2456,
#2457,#2458,#2459,#2460,#2461,#2462,#2463,#2464,#2465));
#427=EDGE_LOOP('',(#2466,#2467,#2468,#2469));
#428=EDGE_LOOP('',(#2470,#2471,#2472,#2473));
#429=EDGE_LOOP('',(#2474,#2475,#2476,#2477));
#430=EDGE_LOOP('',(#2478,#2479,#2480,#2481,#2482,#2483,#2484,#2485,#2486,
#2487));
#431=EDGE_LOOP('',(#2488,#2489,#2490,#2491));
#432=EDGE_LOOP('',(#2492,#2493,#2494,#2495,#2496,#2497,#2498,#2499));
#433=EDGE_LOOP('',(#2500));
#434=EDGE_LOOP('',(#2501));
#435=EDGE_LOOP('',(#2502));
#436=EDGE_LOOP('',(#2503));
#437=EDGE_LOOP('',(#2504,#2505,#2506,#2507));
#438=EDGE_LOOP('',(#2508,#2509,#2510,#2511));
#439=EDGE_LOOP('',(#2512,#2513,#2514,#2515));
#440=EDGE_LOOP('',(#2516,#2517,#2518,#2519));
#441=EDGE_LOOP('',(#2520,#2521,#2522,#2523));
#442=EDGE_LOOP('',(#2524,#2525,#2526,#2527));
#443=EDGE_LOOP('',(#2528,#2529,#2530,#2531));
#444=EDGE_LOOP('',(#2532,#2533,#2534,#2535));
#445=EDGE_LOOP('',(#2536,#2537,#2538,#2539));
#446=EDGE_LOOP('',(#2540,#2541,#2542,#2543,#2544,#2545,#2546,#2547));
#447=EDGE_LOOP('',(#2548));
#448=EDGE_LOOP('',(#2549));
#449=EDGE_LOOP('',(#2550));
#450=EDGE_LOOP('',(#2551));
#451=EDGE_LOOP('',(#2552,#2553,#2554,#2555));
#452=EDGE_LOOP('',(#2556,#2557,#2558,#2559));
#453=EDGE_LOOP('',(#2560,#2561,#2562,#2563));
#454=EDGE_LOOP('',(#2564,#2565,#2566,#2567));
#455=EDGE_LOOP('',(#2568,#2569,#2570,#2571));
#456=EDGE_LOOP('',(#2572,#2573,#2574,#2575));
#457=EDGE_LOOP('',(#2576,#2577,#2578,#2579));
#458=EDGE_LOOP('',(#2580,#2581,#2582,#2583));
#459=EDGE_LOOP('',(#2584,#2585,#2586,#2587));
#460=EDGE_LOOP('',(#2588,#2589,#2590,#2591));
#461=EDGE_LOOP('',(#2592,#2593,#2594,#2595));
#462=EDGE_LOOP('',(#2596,#2597,#2598,#2599));
#463=ELLIPSE('',#2793,1.41421356237309,0.999999999999996);
#464=ELLIPSE('',#2794,1.41421356237309,0.999999999999996);
#465=ELLIPSE('',#2798,1.4142135623731,1.00000000000001);
#466=ELLIPSE('',#2799,1.4142135623731,1.00000000000001);
#467=ELLIPSE('',#2801,1.4142135623731,1.00000000000001);
#468=ELLIPSE('',#2807,1.41421356237309,0.999999999999996);
#469=ELLIPSE('',#2808,1.41421356237309,0.999999999999997);
#470=ELLIPSE('',#2812,1.41421356237309,1.);
#471=ELLIPSE('',#2814,1.41421356237309,1.);
#472=ELLIPSE('',#2815,1.41421356237309,1.);
#473=LINE('',#3778,#782);
#474=LINE('',#3790,#783);
#475=LINE('',#3800,#784);
#476=LINE('',#3802,#785);
#477=LINE('',#3804,#786);
#478=LINE('',#3805,#787);
#479=LINE('',#3808,#788);
#480=LINE('',#3810,#789);
#481=LINE('',#3812,#790);
#482=LINE('',#3813,#791);
#483=LINE('',#3818,#792);
#484=LINE('',#3830,#793);
#485=LINE('',#3840,#794);
#486=LINE('',#3842,#795);
#487=LINE('',#3844,#796);
#488=LINE('',#3845,#797);
#489=LINE('',#3848,#798);
#490=LINE('',#3850,#799);
#491=LINE('',#3852,#800);
#492=LINE('',#3853,#801);
#493=LINE('',#3856,#802);
#494=LINE('',#3858,#803);
#495=LINE('',#3859,#804);
#496=LINE('',#3862,#805);
#497=LINE('',#3863,#806);
#498=LINE('',#3866,#807);
#499=LINE('',#3868,#808);
#500=LINE('',#3869,#809);
#501=LINE('',#3872,#810);
#502=LINE('',#3873,#811);
#503=LINE('',#3876,#812);
#504=LINE('',#3878,#813);
#505=LINE('',#3879,#814);
#506=LINE('',#3882,#815);
#507=LINE('',#3883,#816);
#508=LINE('',#3886,#817);
#509=LINE('',#3888,#818);
#510=LINE('',#3889,#819);
#511=LINE('',#3892,#820);
#512=LINE('',#3893,#821);
#513=LINE('',#3896,#822);
#514=LINE('',#3898,#823);
#515=LINE('',#3899,#824);
#516=LINE('',#3902,#825);
#517=LINE('',#3903,#826);
#518=LINE('',#3906,#827);
#519=LINE('',#3908,#828);
#520=LINE('',#3909,#829);
#521=LINE('',#3912,#830);
#522=LINE('',#3913,#831);
#523=LINE('',#3916,#832);
#524=LINE('',#3918,#833);
#525=LINE('',#3919,#834);
#526=LINE('',#3922,#835);
#527=LINE('',#3923,#836);
#528=LINE('',#3926,#837);
#529=LINE('',#3928,#838);
#530=LINE('',#3929,#839);
#531=LINE('',#3932,#840);
#532=LINE('',#3933,#841);
#533=LINE('',#3936,#842);
#534=LINE('',#3938,#843);
#535=LINE('',#3939,#844);
#536=LINE('',#3940,#845);
#537=LINE('',#3943,#846);
#538=LINE('',#3945,#847);
#539=LINE('',#3947,#848);
#540=LINE('',#3948,#849);
#541=LINE('',#3951,#850);
#542=LINE('',#3953,#851);
#543=LINE('',#3955,#852);
#544=LINE('',#3956,#853);
#545=LINE('',#3959,#854);
#546=LINE('',#3961,#855);
#547=LINE('',#3962,#856);
#548=LINE('',#3963,#857);
#549=LINE('',#3967,#858);
#550=LINE('',#3969,#859);
#551=LINE('',#3971,#860);
#552=LINE('',#3972,#861);
#553=LINE('',#3975,#862);
#554=LINE('',#3977,#863);
#555=LINE('',#3978,#864);
#556=LINE('',#3981,#865);
#557=LINE('',#3983,#866);
#558=LINE('',#3984,#867);
#559=LINE('',#3986,#868);
#560=LINE('',#3987,#869);
#561=LINE('',#3990,#870);
#562=LINE('',#3992,#871);
#563=LINE('',#3994,#872);
#564=LINE('',#3996,#873);
#565=LINE('',#3997,#874);
#566=LINE('',#4000,#875);
#567=LINE('',#4002,#876);
#568=LINE('',#4004,#877);
#569=LINE('',#4005,#878);
#570=LINE('',#4008,#879);
#571=LINE('',#4010,#880);
#572=LINE('',#4012,#881);
#573=LINE('',#4013,#882);
#574=LINE('',#4016,#883);
#575=LINE('',#4018,#884);
#576=LINE('',#4020,#885);
#577=LINE('',#4021,#886);
#578=LINE('',#4024,#887);
#579=LINE('',#4026,#888);
#580=LINE('',#4027,#889);
#581=LINE('',#4030,#890);
#582=LINE('',#4031,#891);
#583=LINE('',#4034,#892);
#584=LINE('',#4035,#893);
#585=LINE('',#4037,#894);
#586=LINE('',#4043,#895);
#587=LINE('',#4047,#896);
#588=LINE('',#4051,#897);
#589=LINE('',#4054,#898);
#590=LINE('',#4057,#899);
#591=LINE('',#4060,#900);
#592=LINE('',#4063,#901);
#593=LINE('',#4064,#902);
#594=LINE('',#4067,#903);
#595=LINE('',#4071,#904);
#596=LINE('',#4072,#905);
#597=LINE('',#4078,#906);
#598=LINE('',#4082,#907);
#599=LINE('',#4086,#908);
#600=LINE('',#4089,#909);
#601=LINE('',#4094,#910);
#602=LINE('',#4098,#911);
#603=LINE('',#4102,#912);
#604=LINE('',#4106,#913);
#605=LINE('',#4110,#914);
#606=LINE('',#4113,#915);
#607=LINE('',#4116,#916);
#608=LINE('',#4119,#917);
#609=LINE('',#4122,#918);
#610=LINE('',#4123,#919);
#611=LINE('',#4126,#920);
#612=LINE('',#4130,#921);
#613=LINE('',#4131,#922);
#614=LINE('',#4134,#923);
#615=LINE('',#4138,#924);
#616=LINE('',#4139,#925);
#617=LINE('',#4142,#926);
#618=LINE('',#4145,#927);
#619=LINE('',#4148,#928);
#620=LINE('',#4149,#929);
#621=LINE('',#4152,#930);
#622=LINE('',#4156,#931);
#623=LINE('',#4157,#932);
#624=LINE('',#4163,#933);
#625=LINE('',#4166,#934);
#626=LINE('',#4170,#935);
#627=LINE('',#4174,#936);
#628=LINE('',#4176,#937);
#629=LINE('',#4177,#938);
#630=LINE('',#4180,#939);
#631=LINE('',#4184,#940);
#632=LINE('',#4185,#941);
#633=LINE('',#4188,#942);
#634=LINE('',#4191,#943);
#635=LINE('',#4194,#944);
#636=LINE('',#4195,#945);
#637=LINE('',#4198,#946);
#638=LINE('',#4202,#947);
#639=LINE('',#4206,#948);
#640=LINE('',#4210,#949);
#641=LINE('',#4218,#950);
#642=LINE('',#4219,#951);
#643=LINE('',#4222,#952);
#644=LINE('',#4223,#953);
#645=LINE('',#4227,#954);
#646=LINE('',#4230,#955);
#647=LINE('',#4231,#956);
#648=LINE('',#4235,#957);
#649=LINE('',#4237,#958);
#650=LINE('',#4238,#959);
#651=LINE('',#4240,#960);
#652=LINE('',#4241,#961);
#653=LINE('',#4245,#962);
#654=LINE('',#4247,#963);
#655=LINE('',#4250,#964);
#656=LINE('',#4253,#965);
#657=LINE('',#4256,#966);
#658=LINE('',#4257,#967);
#659=LINE('',#4260,#968);
#660=LINE('',#4261,#969);
#661=LINE('',#4264,#970);
#662=LINE('',#4270,#971);
#663=LINE('',#4271,#972);
#664=LINE('',#4274,#973);
#665=LINE('',#4279,#974);
#666=LINE('',#4283,#975);
#667=LINE('',#4285,#976);
#668=LINE('',#4287,#977);
#669=LINE('',#4288,#978);
#670=LINE('',#4291,#979);
#671=LINE('',#4293,#980);
#672=LINE('',#4295,#981);
#673=LINE('',#4296,#982);
#674=LINE('',#4297,#983);
#675=LINE('',#4298,#984);
#676=LINE('',#4301,#985);
#677=LINE('',#4304,#986);
#678=LINE('',#4307,#987);
#679=LINE('',#4309,#988);
#680=LINE('',#4311,#989);
#681=LINE('',#4316,#990);
#682=LINE('',#4318,#991);
#683=LINE('',#4319,#992);
#684=LINE('',#4322,#993);
#685=LINE('',#4323,#994);
#686=LINE('',#4325,#995);
#687=LINE('',#4326,#996);
#688=LINE('',#4329,#997);
#689=LINE('',#4331,#998);
#690=LINE('',#4332,#999);
#691=LINE('',#4335,#1000);
#692=LINE('',#4336,#1001);
#693=LINE('',#4338,#1002);
#694=LINE('',#4339,#1003);
#695=LINE('',#4343,#1004);
#696=LINE('',#4345,#1005);
#697=LINE('',#4347,#1006);
#698=LINE('',#4348,#1007);
#699=LINE('',#4351,#1008);
#700=LINE('',#4352,#1009);
#701=LINE('',#4354,#1010);
#702=LINE('',#4355,#1011);
#703=LINE('',#4359,#1012);
#704=LINE('',#4361,#1013);
#705=LINE('',#4363,#1014);
#706=LINE('',#4364,#1015);
#707=LINE('',#4367,#1016);
#708=LINE('',#4368,#1017);
#709=LINE('',#4370,#1018);
#710=LINE('',#4371,#1019);
#711=LINE('',#4374,#1020);
#712=LINE('',#4376,#1021);
#713=LINE('',#4377,#1022);
#714=LINE('',#4379,#1023);
#715=LINE('',#4380,#1024);
#716=LINE('',#4383,#1025);
#717=LINE('',#4385,#1026);
#718=LINE('',#4386,#1027);
#719=LINE('',#4388,#1028);
#720=LINE('',#4389,#1029);
#721=LINE('',#4393,#1030);
#722=LINE('',#4395,#1031);
#723=LINE('',#4397,#1032);
#724=LINE('',#4398,#1033);
#725=LINE('',#4400,#1034);
#726=LINE('',#4401,#1035);
#727=LINE('',#4405,#1036);
#728=LINE('',#4407,#1037);
#729=LINE('',#4409,#1038);
#730=LINE('',#4410,#1039);
#731=LINE('',#4412,#1040);
#732=LINE('',#4413,#1041);
#733=LINE('',#4415,#1042);
#734=LINE('',#4416,#1043);
#735=LINE('',#4419,#1044);
#736=LINE('',#4420,#1045);
#737=LINE('',#4423,#1046);
#738=LINE('',#4424,#1047);
#739=LINE('',#4427,#1048);
#740=LINE('',#4428,#1049);
#741=LINE('',#4431,#1050);
#742=LINE('',#4434,#1051);
#743=LINE('',#4437,#1052);
#744=LINE('',#4440,#1053);
#745=LINE('',#4445,#1054);
#746=LINE('',#4451,#1055);
#747=LINE('',#4458,#1056);
#748=LINE('',#4462,#1057);
#749=LINE('',#4466,#1058);
#750=LINE('',#4469,#1059);
#751=LINE('',#4479,#1060);
#752=LINE('',#4482,#1061);
#753=LINE('',#4487,#1062);
#754=LINE('',#4490,#1063);
#755=LINE('',#4495,#1064);
#756=LINE('',#4498,#1065);
#757=LINE('',#4503,#1066);
#758=LINE('',#4506,#1067);
#759=LINE('',#4509,#1068);
#760=LINE('',#4512,#1069);
#761=LINE('',#4513,#1070);
#762=LINE('',#4516,#1071);
#763=LINE('',#4520,#1072);
#764=LINE('',#4524,#1073);
#765=LINE('',#4527,#1074);
#766=LINE('',#4528,#1075);
#767=LINE('',#4530,#1076);
#768=LINE('',#4532,#1077);
#769=LINE('',#4534,#1078);
#770=LINE('',#4540,#1079);
#771=LINE('',#4542,#1080);
#772=LINE('',#4544,#1081);
#773=LINE('',#4545,#1082);
#774=LINE('',#4548,#1083);
#775=LINE('',#4550,#1084);
#776=LINE('',#4551,#1085);
#777=LINE('',#4554,#1086);
#778=LINE('',#4555,#1087);
#779=LINE('',#4558,#1088);
#780=LINE('',#4559,#1089);
#781=LINE('',#4561,#1090);
#782=VECTOR('',#3020,0.999999999999996);
#783=VECTOR('',#3033,1.00000000000001);
#784=VECTOR('',#3044,10.);
#785=VECTOR('',#3045,10.);
#786=VECTOR('',#3046,10.);
#787=VECTOR('',#3047,10.);
#788=VECTOR('',#3050,10.);
#789=VECTOR('',#3051,10.);
#790=VECTOR('',#3052,10.);
#791=VECTOR('',#3053,10.);
#792=VECTOR('',#3058,0.999999999999996);
#793=VECTOR('',#3071,1.);
#794=VECTOR('',#3082,10.);
#795=VECTOR('',#3083,10.);
#796=VECTOR('',#3084,10.);
#797=VECTOR('',#3085,10.);
#798=VECTOR('',#3088,10.);
#799=VECTOR('',#3089,10.);
#800=VECTOR('',#3090,10.);
#801=VECTOR('',#3091,10.);
#802=VECTOR('',#3094,10.);
#803=VECTOR('',#3095,10.);
#804=VECTOR('',#3096,10.);
#805=VECTOR('',#3099,10.);
#806=VECTOR('',#3100,10.);
#807=VECTOR('',#3103,10.);
#808=VECTOR('',#3104,10.);
#809=VECTOR('',#3105,10.);
#810=VECTOR('',#3108,10.);
#811=VECTOR('',#3109,10.);
#812=VECTOR('',#3112,10.);
#813=VECTOR('',#3113,10.);
#814=VECTOR('',#3114,10.);
#815=VECTOR('',#3117,10.);
#816=VECTOR('',#3118,10.);
#817=VECTOR('',#3121,10.);
#818=VECTOR('',#3122,10.);
#819=VECTOR('',#3123,10.);
#820=VECTOR('',#3126,10.);
#821=VECTOR('',#3127,10.);
#822=VECTOR('',#3130,10.);
#823=VECTOR('',#3131,10.);
#824=VECTOR('',#3132,10.);
#825=VECTOR('',#3135,10.);
#826=VECTOR('',#3136,10.);
#827=VECTOR('',#3139,10.);
#828=VECTOR('',#3140,10.);
#829=VECTOR('',#3141,10.);
#830=VECTOR('',#3144,10.);
#831=VECTOR('',#3145,10.);
#832=VECTOR('',#3148,10.);
#833=VECTOR('',#3149,10.);
#834=VECTOR('',#3150,10.);
#835=VECTOR('',#3153,10.);
#836=VECTOR('',#3154,10.);
#837=VECTOR('',#3157,10.);
#838=VECTOR('',#3158,10.);
#839=VECTOR('',#3159,10.);
#840=VECTOR('',#3162,10.);
#841=VECTOR('',#3163,10.);
#842=VECTOR('',#3166,10.);
#843=VECTOR('',#3167,10.);
#844=VECTOR('',#3168,10.);
#845=VECTOR('',#3169,10.);
#846=VECTOR('',#3170,10.);
#847=VECTOR('',#3171,10.);
#848=VECTOR('',#3172,10.);
#849=VECTOR('',#3173,10.);
#850=VECTOR('',#3174,10.);
#851=VECTOR('',#3175,10.);
#852=VECTOR('',#3176,10.);
#853=VECTOR('',#3177,10.);
#854=VECTOR('',#3180,10.);
#855=VECTOR('',#3181,10.);
#856=VECTOR('',#3182,10.);
#857=VECTOR('',#3183,10.);
#858=VECTOR('',#3186,10.);
#859=VECTOR('',#3187,10.);
#860=VECTOR('',#3188,10.);
#861=VECTOR('',#3189,10.);
#862=VECTOR('',#3192,10.);
#863=VECTOR('',#3193,10.);
#864=VECTOR('',#3194,10.);
#865=VECTOR('',#3197,10.);
#866=VECTOR('',#3198,10.);
#867=VECTOR('',#3199,10.);
#868=VECTOR('',#3202,10.);
#869=VECTOR('',#3203,10.);
#870=VECTOR('',#3206,10.);
#871=VECTOR('',#3207,10.);
#872=VECTOR('',#3208,10.);
#873=VECTOR('',#3209,10.);
#874=VECTOR('',#3210,10.);
#875=VECTOR('',#3211,10.);
#876=VECTOR('',#3212,10.);
#877=VECTOR('',#3213,10.);
#878=VECTOR('',#3214,10.);
#879=VECTOR('',#3215,10.);
#880=VECTOR('',#3216,10.);
#881=VECTOR('',#3217,10.);
#882=VECTOR('',#3218,10.);
#883=VECTOR('',#3219,10.);
#884=VECTOR('',#3220,10.);
#885=VECTOR('',#3221,10.);
#886=VECTOR('',#3222,10.);
#887=VECTOR('',#3225,10.);
#888=VECTOR('',#3226,10.);
#889=VECTOR('',#3227,10.);
#890=VECTOR('',#3230,10.);
#891=VECTOR('',#3231,10.);
#892=VECTOR('',#3234,10.);
#893=VECTOR('',#3235,10.);
#894=VECTOR('',#3238,10.);
#895=VECTOR('',#3243,10.);
#896=VECTOR('',#3246,10.);
#897=VECTOR('',#3249,10.);
#898=VECTOR('',#3252,10.);
#899=VECTOR('',#3255,10.);
#900=VECTOR('',#3258,10.);
#901=VECTOR('',#3261,10.);
#902=VECTOR('',#3262,10.);
#903=VECTOR('',#3265,10.);
#904=VECTOR('',#3270,10.);
#905=VECTOR('',#3271,10.);
#906=VECTOR('',#3276,10.);
#907=VECTOR('',#3279,10.);
#908=VECTOR('',#3282,10.);
#909=VECTOR('',#3285,10.);
#910=VECTOR('',#3288,10.);
#911=VECTOR('',#3291,10.);
#912=VECTOR('',#3294,10.);
#913=VECTOR('',#3297,10.);
#914=VECTOR('',#3300,10.);
#915=VECTOR('',#3303,10.);
#916=VECTOR('',#3306,10.);
#917=VECTOR('',#3309,10.);
#918=VECTOR('',#3312,10.);
#919=VECTOR('',#3313,10.);
#920=VECTOR('',#3316,10.);
#921=VECTOR('',#3321,10.);
#922=VECTOR('',#3322,10.);
#923=VECTOR('',#3325,10.);
#924=VECTOR('',#3330,10.);
#925=VECTOR('',#3331,10.);
#926=VECTOR('',#3334,10.);
#927=VECTOR('',#3337,10.);
#928=VECTOR('',#3340,10.);
#929=VECTOR('',#3341,10.);
#930=VECTOR('',#3344,10.);
#931=VECTOR('',#3349,10.);
#932=VECTOR('',#3350,10.);
#933=VECTOR('',#3357,10.);
#934=VECTOR('',#3360,10.);
#935=VECTOR('',#3363,10.);
#936=VECTOR('',#3366,10.);
#937=VECTOR('',#3369,10.);
#938=VECTOR('',#3370,10.);
#939=VECTOR('',#3373,10.);
#940=VECTOR('',#3378,10.);
#941=VECTOR('',#3379,10.);
#942=VECTOR('',#3382,10.);
#943=VECTOR('',#3385,10.);
#944=VECTOR('',#3388,10.);
#945=VECTOR('',#3389,10.);
#946=VECTOR('',#3390,10.);
#947=VECTOR('',#3393,10.);
#948=VECTOR('',#3396,10.);
#949=VECTOR('',#3399,10.);
#950=VECTOR('',#3410,10.);
#951=VECTOR('',#3411,10.);
#952=VECTOR('',#3414,10.);
#953=VECTOR('',#3415,10.);
#954=VECTOR('',#3420,10.);
#955=VECTOR('',#3423,10.);
#956=VECTOR('',#3424,10.);
#957=VECTOR('',#3429,10.);
#958=VECTOR('',#3432,10.);
#959=VECTOR('',#3433,10.);
#960=VECTOR('',#3434,10.);
#961=VECTOR('',#3435,10.);
#962=VECTOR('',#3440,10.);
#963=VECTOR('',#3443,10.);
#964=VECTOR('',#3446,10.);
#965=VECTOR('',#3449,10.);
#966=VECTOR('',#3452,10.);
#967=VECTOR('',#3453,10.);
#968=VECTOR('',#3456,10.);
#969=VECTOR('',#3457,10.);
#970=VECTOR('',#3460,10.);
#971=VECTOR('',#3469,10.);
#972=VECTOR('',#3470,10.);
#973=VECTOR('',#3473,10.);
#974=VECTOR('',#3480,10.);
#975=VECTOR('',#3483,10.);
#976=VECTOR('',#3484,10.);
#977=VECTOR('',#3485,10.);
#978=VECTOR('',#3486,10.);
#979=VECTOR('',#3487,10.);
#980=VECTOR('',#3488,10.);
#981=VECTOR('',#3489,10.);
#982=VECTOR('',#3490,10.);
#983=VECTOR('',#3491,10.);
#984=VECTOR('',#3492,10.);
#985=VECTOR('',#3493,10.);
#986=VECTOR('',#3496,10.);
#987=VECTOR('',#3501,10.);
#988=VECTOR('',#3504,10.);
#989=VECTOR('',#3507,10.);
#990=VECTOR('',#3514,10.);
#991=VECTOR('',#3515,10.);
#992=VECTOR('',#3516,10.);
#993=VECTOR('',#3519,10.);
#994=VECTOR('',#3520,10.);
#995=VECTOR('',#3521,10.);
#996=VECTOR('',#3522,10.);
#997=VECTOR('',#3525,10.);
#998=VECTOR('',#3526,10.);
#999=VECTOR('',#3527,10.);
#1000=VECTOR('',#3530,10.);
#1001=VECTOR('',#3531,10.);
#1002=VECTOR('',#3532,10.);
#1003=VECTOR('',#3533,10.);
#1004=VECTOR('',#3536,10.);
#1005=VECTOR('',#3537,10.);
#1006=VECTOR('',#3538,10.);
#1007=VECTOR('',#3539,10.);
#1008=VECTOR('',#3542,10.);
#1009=VECTOR('',#3543,10.);
#1010=VECTOR('',#3544,10.);
#1011=VECTOR('',#3545,10.);
#1012=VECTOR('',#3548,10.);
#1013=VECTOR('',#3549,10.);
#1014=VECTOR('',#3550,10.);
#1015=VECTOR('',#3551,10.);
#1016=VECTOR('',#3554,10.);
#1017=VECTOR('',#3555,10.);
#1018=VECTOR('',#3556,10.);
#1019=VECTOR('',#3557,10.);
#1020=VECTOR('',#3560,10.);
#1021=VECTOR('',#3561,10.);
#1022=VECTOR('',#3562,10.);
#1023=VECTOR('',#3565,10.);
#1024=VECTOR('',#3566,10.);
#1025=VECTOR('',#3569,10.);
#1026=VECTOR('',#3570,10.);
#1027=VECTOR('',#3571,10.);
#1028=VECTOR('',#3574,10.);
#1029=VECTOR('',#3575,10.);
#1030=VECTOR('',#3578,10.);
#1031=VECTOR('',#3579,10.);
#1032=VECTOR('',#3580,10.);
#1033=VECTOR('',#3581,10.);
#1034=VECTOR('',#3584,10.);
#1035=VECTOR('',#3585,10.);
#1036=VECTOR('',#3588,10.);
#1037=VECTOR('',#3589,10.);
#1038=VECTOR('',#3590,10.);
#1039=VECTOR('',#3591,10.);
#1040=VECTOR('',#3594,10.);
#1041=VECTOR('',#3595,10.);
#1042=VECTOR('',#3598,10.);
#1043=VECTOR('',#3599,10.);
#1044=VECTOR('',#3604,10.);
#1045=VECTOR('',#3605,10.);
#1046=VECTOR('',#3610,10.);
#1047=VECTOR('',#3611,10.);
#1048=VECTOR('',#3616,10.);
#1049=VECTOR('',#3617,10.);
#1050=VECTOR('',#3622,10.);
#1051=VECTOR('',#3627,10.);
#1052=VECTOR('',#3632,10.);
#1053=VECTOR('',#3637,10.);
#1054=VECTOR('',#3646,10.);
#1055=VECTOR('',#3653,1.49999999999999);
#1056=VECTOR('',#3660,10.);
#1057=VECTOR('',#3663,10.);
#1058=VECTOR('',#3666,10.);
#1059=VECTOR('',#3669,10.);
#1060=VECTOR('',#3680,0.999999999999996);
#1061=VECTOR('',#3683,1.49999999999999);
#1062=VECTOR('',#3690,0.999999999999996);
#1063=VECTOR('',#3693,1.5);
#1064=VECTOR('',#3700,1.);
#1065=VECTOR('',#3703,1.50000000000001);
#1066=VECTOR('',#3710,1.00000000000001);
#1067=VECTOR('',#3713,10.);
#1068=VECTOR('',#3716,10.);
#1069=VECTOR('',#3719,10.);
#1070=VECTOR('',#3720,10.);
#1071=VECTOR('',#3723,10.);
#1072=VECTOR('',#3726,10.);
#1073=VECTOR('',#3729,10.);
#1074=VECTOR('',#3734,10.);
#1075=VECTOR('',#3735,10.);
#1076=VECTOR('',#3738,10.);
#1077=VECTOR('',#3741,10.);
#1078=VECTOR('',#3744,10.);
#1079=VECTOR('',#3751,10.);
#1080=VECTOR('',#3752,10.);
#1081=VECTOR('',#3753,10.);
#1082=VECTOR('',#3754,10.);
#1083=VECTOR('',#3757,10.);
#1084=VECTOR('',#3758,10.);
#1085=VECTOR('',#3759,10.);
#1086=VECTOR('',#3762,10.);
#1087=VECTOR('',#3763,10.);
#1088=VECTOR('',#3766,10.);
#1089=VECTOR('',#3767,10.);
#1090=VECTOR('',#3770,10.);
#1091=CIRCLE('',#2791,0.999999999999996);
#1092=CIRCLE('',#2792,0.999999999999996);
#1093=CIRCLE('',#2795,0.999999999999996);
#1094=CIRCLE('',#2797,1.00000000000001);
#1095=CIRCLE('',#2800,1.00000000000001);
#1096=CIRCLE('',#2805,0.999999999999996);
#1097=CIRCLE('',#2806,0.999999999999996);
#1098=CIRCLE('',#2809,0.999999999999996);
#1099=CIRCLE('',#2811,1.);
#1100=CIRCLE('',#2813,1.);
#1101=CIRCLE('',#2846,1.);
#1102=CIRCLE('',#2847,1.);
#1103=CIRCLE('',#2848,1.);
#1104=CIRCLE('',#2849,1.);
#1105=CIRCLE('',#2851,1.);
#1106=CIRCLE('',#2854,1.);
#1107=CIRCLE('',#2857,1.);
#1108=CIRCLE('',#2858,1.);
#1109=CIRCLE('',#2859,1.);
#1110=CIRCLE('',#2860,1.);
#1111=CIRCLE('',#2861,1.);
#1112=CIRCLE('',#2862,1.);
#1113=CIRCLE('',#2863,1.);
#1114=CIRCLE('',#2864,1.);
#1115=CIRCLE('',#2865,1.);
#1116=CIRCLE('',#2866,1.);
#1117=CIRCLE('',#2868,1.);
#1118=CIRCLE('',#2871,1.);
#1119=CIRCLE('',#2874,1.);
#1120=CIRCLE('',#2877,1.);
#1121=CIRCLE('',#2880,1.);
#1122=CIRCLE('',#2883,2.);
#1123=CIRCLE('',#2884,2.);
#1124=CIRCLE('',#2886,2.);
#1125=CIRCLE('',#2887,2.);
#1126=CIRCLE('',#2888,2.);
#1127=CIRCLE('',#2890,2.);
#1128=CIRCLE('',#2893,2.);
#1129=CIRCLE('',#2895,1.);
#1130=CIRCLE('',#2896,1.);
#1131=CIRCLE('',#2897,1.);
#1132=CIRCLE('',#2898,1.);
#1133=CIRCLE('',#2900,2.);
#1134=CIRCLE('',#2902,1.);
#1135=CIRCLE('',#2905,1.);
#1136=CIRCLE('',#2908,1.);
#1137=CIRCLE('',#2911,1.);
#1138=CIRCLE('',#2914,1.);
#1139=CIRCLE('',#2918,1.);
#1140=CIRCLE('',#2920,1.);
#1141=CIRCLE('',#2923,1.);
#1142=CIRCLE('',#2925,1.);
#1143=CIRCLE('',#2927,1.);
#1144=CIRCLE('',#2928,1.);
#1145=CIRCLE('',#2971,1.99999999999999);
#1146=CIRCLE('',#2972,0.999999999999996);
#1147=CIRCLE('',#2974,2.);
#1148=CIRCLE('',#2975,2.);
#1149=CIRCLE('',#2976,2.);
#1150=CIRCLE('',#2977,2.);
#1151=CIRCLE('',#2978,1.99999999999999);
#1152=CIRCLE('',#2979,2.00000000000001);
#1153=CIRCLE('',#2980,2.);
#1154=CIRCLE('',#2982,0.999999999999996);
#1155=CIRCLE('',#2984,0.999999999999996);
#1156=CIRCLE('',#2986,0.999999999999996);
#1157=CIRCLE('',#2988,1.);
#1158=CIRCLE('',#2990,1.);
#1159=CIRCLE('',#2992,1.00000000000001);
#1160=CIRCLE('',#2994,1.00000000000001);
#1161=CIRCLE('',#2996,2.);
#1162=CIRCLE('',#2999,2.);
#1163=CIRCLE('',#3000,2.);
#1164=CIRCLE('',#3001,2.);
#1165=VERTEX_POINT('',#3775);
#1166=VERTEX_POINT('',#3777);
#1167=VERTEX_POINT('',#3779);
#1168=VERTEX_POINT('',#3781);
#1169=VERTEX_POINT('',#3783);
#1170=VERTEX_POINT('',#3787);
#1171=VERTEX_POINT('',#3789);
#1172=VERTEX_POINT('',#3791);
#1173=VERTEX_POINT('',#3793);
#1174=VERTEX_POINT('',#3795);
#1175=VERTEX_POINT('',#3799);
#1176=VERTEX_POINT('',#3801);
#1177=VERTEX_POINT('',#3803);
#1178=VERTEX_POINT('',#3807);
#1179=VERTEX_POINT('',#3809);
#1180=VERTEX_POINT('',#3811);
#1181=VERTEX_POINT('',#3815);
#1182=VERTEX_POINT('',#3817);
#1183=VERTEX_POINT('',#3819);
#1184=VERTEX_POINT('',#3821);
#1185=VERTEX_POINT('',#3823);
#1186=VERTEX_POINT('',#3827);
#1187=VERTEX_POINT('',#3829);
#1188=VERTEX_POINT('',#3831);
#1189=VERTEX_POINT('',#3833);
#1190=VERTEX_POINT('',#3835);
#1191=VERTEX_POINT('',#3839);
#1192=VERTEX_POINT('',#3841);
#1193=VERTEX_POINT('',#3843);
#1194=VERTEX_POINT('',#3847);
#1195=VERTEX_POINT('',#3849);
#1196=VERTEX_POINT('',#3851);
#1197=VERTEX_POINT('',#3855);
#1198=VERTEX_POINT('',#3857);
#1199=VERTEX_POINT('',#3861);
#1200=VERTEX_POINT('',#3865);
#1201=VERTEX_POINT('',#3867);
#1202=VERTEX_POINT('',#3871);
#1203=VERTEX_POINT('',#3875);
#1204=VERTEX_POINT('',#3877);
#1205=VERTEX_POINT('',#3881);
#1206=VERTEX_POINT('',#3885);
#1207=VERTEX_POINT('',#3887);
#1208=VERTEX_POINT('',#3891);
#1209=VERTEX_POINT('',#3895);
#1210=VERTEX_POINT('',#3897);
#1211=VERTEX_POINT('',#3901);
#1212=VERTEX_POINT('',#3905);
#1213=VERTEX_POINT('',#3907);
#1214=VERTEX_POINT('',#3911);
#1215=VERTEX_POINT('',#3915);
#1216=VERTEX_POINT('',#3917);
#1217=VERTEX_POINT('',#3921);
#1218=VERTEX_POINT('',#3925);
#1219=VERTEX_POINT('',#3927);
#1220=VERTEX_POINT('',#3931);
#1221=VERTEX_POINT('',#3935);
#1222=VERTEX_POINT('',#3937);
#1223=VERTEX_POINT('',#3941);
#1224=VERTEX_POINT('',#3942);
#1225=VERTEX_POINT('',#3944);
#1226=VERTEX_POINT('',#3946);
#1227=VERTEX_POINT('',#3949);
#1228=VERTEX_POINT('',#3950);
#1229=VERTEX_POINT('',#3952);
#1230=VERTEX_POINT('',#3954);
#1231=VERTEX_POINT('',#3958);
#1232=VERTEX_POINT('',#3960);
#1233=VERTEX_POINT('',#3965);
#1234=VERTEX_POINT('',#3966);
#1235=VERTEX_POINT('',#3968);
#1236=VERTEX_POINT('',#3970);
#1237=VERTEX_POINT('',#3974);
#1238=VERTEX_POINT('',#3976);
#1239=VERTEX_POINT('',#3980);
#1240=VERTEX_POINT('',#3982);
#1241=VERTEX_POINT('',#3989);
#1242=VERTEX_POINT('',#3991);
#1243=VERTEX_POINT('',#3993);
#1244=VERTEX_POINT('',#3995);
#1245=VERTEX_POINT('',#3998);
#1246=VERTEX_POINT('',#3999);
#1247=VERTEX_POINT('',#4001);
#1248=VERTEX_POINT('',#4003);
#1249=VERTEX_POINT('',#4006);
#1250=VERTEX_POINT('',#4007);
#1251=VERTEX_POINT('',#4009);
#1252=VERTEX_POINT('',#4011);
#1253=VERTEX_POINT('',#4014);
#1254=VERTEX_POINT('',#4015);
#1255=VERTEX_POINT('',#4017);
#1256=VERTEX_POINT('',#4019);
#1257=VERTEX_POINT('',#4023);
#1258=VERTEX_POINT('',#4025);
#1259=VERTEX_POINT('',#4029);
#1260=VERTEX_POINT('',#4033);
#1261=VERTEX_POINT('',#4039);
#1262=VERTEX_POINT('',#4040);
#1263=VERTEX_POINT('',#4042);
#1264=VERTEX_POINT('',#4044);
#1265=VERTEX_POINT('',#4046);
#1266=VERTEX_POINT('',#4048);
#1267=VERTEX_POINT('',#4050);
#1268=VERTEX_POINT('',#4052);
#1269=VERTEX_POINT('',#4056);
#1270=VERTEX_POINT('',#4058);
#1271=VERTEX_POINT('',#4062);
#1272=VERTEX_POINT('',#4066);
#1273=VERTEX_POINT('',#4070);
#1274=VERTEX_POINT('',#4074);
#1275=VERTEX_POINT('',#4075);
#1276=VERTEX_POINT('',#4077);
#1277=VERTEX_POINT('',#4079);
#1278=VERTEX_POINT('',#4081);
#1279=VERTEX_POINT('',#4083);
#1280=VERTEX_POINT('',#4085);
#1281=VERTEX_POINT('',#4087);
#1282=VERTEX_POINT('',#4090);
#1283=VERTEX_POINT('',#4091);
#1284=VERTEX_POINT('',#4093);
#1285=VERTEX_POINT('',#4095);
#1286=VERTEX_POINT('',#4097);
#1287=VERTEX_POINT('',#4099);
#1288=VERTEX_POINT('',#4101);
#1289=VERTEX_POINT('',#4103);
#1290=VERTEX_POINT('',#4105);
#1291=VERTEX_POINT('',#4107);
#1292=VERTEX_POINT('',#4109);
#1293=VERTEX_POINT('',#4111);
#1294=VERTEX_POINT('',#4115);
#1295=VERTEX_POINT('',#4117);
#1296=VERTEX_POINT('',#4121);
#1297=VERTEX_POINT('',#4125);
#1298=VERTEX_POINT('',#4129);
#1299=VERTEX_POINT('',#4133);
#1300=VERTEX_POINT('',#4137);
#1301=VERTEX_POINT('',#4141);
#1302=VERTEX_POINT('',#4143);
#1303=VERTEX_POINT('',#4147);
#1304=VERTEX_POINT('',#4151);
#1305=VERTEX_POINT('',#4155);
#1306=VERTEX_POINT('',#4159);
#1307=VERTEX_POINT('',#4161);
#1308=VERTEX_POINT('',#4165);
#1309=VERTEX_POINT('',#4167);
#1310=VERTEX_POINT('',#4169);
#1311=VERTEX_POINT('',#4171);
#1312=VERTEX_POINT('',#4173);
#1313=VERTEX_POINT('',#4179);
#1314=VERTEX_POINT('',#4183);
#1315=VERTEX_POINT('',#4187);
#1316=VERTEX_POINT('',#4189);
#1317=VERTEX_POINT('',#4193);
#1318=VERTEX_POINT('',#4196);
#1319=VERTEX_POINT('',#4197);
#1320=VERTEX_POINT('',#4199);
#1321=VERTEX_POINT('',#4201);
#1322=VERTEX_POINT('',#4203);
#1323=VERTEX_POINT('',#4205);
#1324=VERTEX_POINT('',#4207);
#1325=VERTEX_POINT('',#4209);
#1326=VERTEX_POINT('',#4215);
#1327=VERTEX_POINT('',#4216);
#1328=VERTEX_POINT('',#4221);
#1329=VERTEX_POINT('',#4225);
#1330=VERTEX_POINT('',#4229);
#1331=VERTEX_POINT('',#4233);
#1332=VERTEX_POINT('',#4239);
#1333=VERTEX_POINT('',#4243);
#1334=VERTEX_POINT('',#4249);
#1335=VERTEX_POINT('',#4251);
#1336=VERTEX_POINT('',#4255);
#1337=VERTEX_POINT('',#4259);
#1338=VERTEX_POINT('',#4263);
#1339=VERTEX_POINT('',#4269);
#1340=VERTEX_POINT('',#4273);
#1341=VERTEX_POINT('',#4277);
#1342=VERTEX_POINT('',#4281);
#1343=VERTEX_POINT('',#4282);
#1344=VERTEX_POINT('',#4284);
#1345=VERTEX_POINT('',#4286);
#1346=VERTEX_POINT('',#4289);
#1347=VERTEX_POINT('',#4290);
#1348=VERTEX_POINT('',#4292);
#1349=VERTEX_POINT('',#4294);
#1350=VERTEX_POINT('',#4299);
#1351=VERTEX_POINT('',#4300);
#1352=VERTEX_POINT('',#4302);
#1353=VERTEX_POINT('',#4315);
#1354=VERTEX_POINT('',#4317);
#1355=VERTEX_POINT('',#4321);
#1356=VERTEX_POINT('',#4324);
#1357=VERTEX_POINT('',#4328);
#1358=VERTEX_POINT('',#4330);
#1359=VERTEX_POINT('',#4334);
#1360=VERTEX_POINT('',#4337);
#1361=VERTEX_POINT('',#4341);
#1362=VERTEX_POINT('',#4342);
#1363=VERTEX_POINT('',#4344);
#1364=VERTEX_POINT('',#4346);
#1365=VERTEX_POINT('',#4350);
#1366=VERTEX_POINT('',#4353);
#1367=VERTEX_POINT('',#4357);
#1368=VERTEX_POINT('',#4358);
#1369=VERTEX_POINT('',#4360);
#1370=VERTEX_POINT('',#4362);
#1371=VERTEX_POINT('',#4366);
#1372=VERTEX_POINT('',#4369);
#1373=VERTEX_POINT('',#4373);
#1374=VERTEX_POINT('',#4375);
#1375=VERTEX_POINT('',#4382);
#1376=VERTEX_POINT('',#4384);
#1377=VERTEX_POINT('',#4391);
#1378=VERTEX_POINT('',#4392);
#1379=VERTEX_POINT('',#4394);
#1380=VERTEX_POINT('',#4396);
#1381=VERTEX_POINT('',#4403);
#1382=VERTEX_POINT('',#4404);
#1383=VERTEX_POINT('',#4406);
#1384=VERTEX_POINT('',#4408);
#1385=VERTEX_POINT('',#4448);
#1386=VERTEX_POINT('',#4450);
#1387=VERTEX_POINT('',#4454);
#1388=VERTEX_POINT('',#4455);
#1389=VERTEX_POINT('',#4457);
#1390=VERTEX_POINT('',#4459);
#1391=VERTEX_POINT('',#4461);
#1392=VERTEX_POINT('',#4463);
#1393=VERTEX_POINT('',#4465);
#1394=VERTEX_POINT('',#4467);
#1395=VERTEX_POINT('',#4470);
#1396=VERTEX_POINT('',#4472);
#1397=VERTEX_POINT('',#4474);
#1398=VERTEX_POINT('',#4477);
#1399=VERTEX_POINT('',#4481);
#1400=VERTEX_POINT('',#4485);
#1401=VERTEX_POINT('',#4489);
#1402=VERTEX_POINT('',#4493);
#1403=VERTEX_POINT('',#4497);
#1404=VERTEX_POINT('',#4501);
#1405=VERTEX_POINT('',#4505);
#1406=VERTEX_POINT('',#4507);
#1407=VERTEX_POINT('',#4511);
#1408=VERTEX_POINT('',#4515);
#1409=VERTEX_POINT('',#4517);
#1410=VERTEX_POINT('',#4519);
#1411=VERTEX_POINT('',#4521);
#1412=VERTEX_POINT('',#4523);
#1413=VERTEX_POINT('',#4538);
#1414=VERTEX_POINT('',#4539);
#1415=VERTEX_POINT('',#4541);
#1416=VERTEX_POINT('',#4543);
#1417=VERTEX_POINT('',#4547);
#1418=VERTEX_POINT('',#4549);
#1419=VERTEX_POINT('',#4553);
#1420=VERTEX_POINT('',#4557);
#1421=EDGE_CURVE('',#1165,#1165,#1091,.T.);
#1422=EDGE_CURVE('',#1165,#1166,#473,.T.);
#1423=EDGE_CURVE('',#1167,#1166,#1092,.T.);
#1424=EDGE_CURVE('',#1168,#1167,#463,.T.);
#1425=EDGE_CURVE('',#1169,#1168,#464,.T.);
#1426=EDGE_CURVE('',#1166,#1169,#1093,.T.);
#1427=EDGE_CURVE('',#1170,#1170,#1094,.T.);
#1428=EDGE_CURVE('',#1170,#1171,#474,.T.);
#1429=EDGE_CURVE('',#1172,#1171,#465,.T.);
#1430=EDGE_CURVE('',#1173,#1172,#466,.T.);
#1431=EDGE_CURVE('',#1174,#1173,#1095,.T.);
#1432=EDGE_CURVE('',#1171,#1174,#467,.T.);
#1433=EDGE_CURVE('',#1175,#1169,#475,.T.);
#1434=EDGE_CURVE('',#1176,#1175,#476,.T.);
#1435=EDGE_CURVE('',#1177,#1176,#477,.T.);
#1436=EDGE_CURVE('',#1167,#1177,#478,.T.);
#1437=EDGE_CURVE('',#1178,#1173,#479,.T.);
#1438=EDGE_CURVE('',#1179,#1178,#480,.T.);
#1439=EDGE_CURVE('',#1180,#1179,#481,.T.);
#1440=EDGE_CURVE('',#1174,#1180,#482,.T.);
#1441=EDGE_CURVE('',#1181,#1181,#1096,.T.);
#1442=EDGE_CURVE('',#1181,#1182,#483,.T.);
#1443=EDGE_CURVE('',#1183,#1182,#1097,.T.);
#1444=EDGE_CURVE('',#1184,#1183,#468,.T.);
#1445=EDGE_CURVE('',#1185,#1184,#469,.T.);
#1446=EDGE_CURVE('',#1182,#1185,#1098,.T.);
#1447=EDGE_CURVE('',#1186,#1186,#1099,.T.);
#1448=EDGE_CURVE('',#1186,#1187,#484,.T.);
#1449=EDGE_CURVE('',#1188,#1187,#470,.T.);
#1450=EDGE_CURVE('',#1189,#1188,#1100,.T.);
#1451=EDGE_CURVE('',#1190,#1189,#471,.T.);
#1452=EDGE_CURVE('',#1187,#1190,#472,.T.);
#1453=EDGE_CURVE('',#1191,#1185,#485,.T.);
#1454=EDGE_CURVE('',#1192,#1191,#486,.T.);
#1455=EDGE_CURVE('',#1193,#1192,#487,.T.);
#1456=EDGE_CURVE('',#1183,#1193,#488,.T.);
#1457=EDGE_CURVE('',#1194,#1188,#489,.T.);
#1458=EDGE_CURVE('',#1195,#1194,#490,.T.);
#1459=EDGE_CURVE('',#1196,#1195,#491,.T.);
#1460=EDGE_CURVE('',#1189,#1196,#492,.T.);
#1461=EDGE_CURVE('',#1172,#1197,#493,.T.);
#1462=EDGE_CURVE('',#1197,#1198,#494,.T.);
#1463=EDGE_CURVE('',#1198,#1178,#495,.F.);
#1464=EDGE_CURVE('',#1180,#1199,#496,.F.);
#1465=EDGE_CURVE('',#1199,#1197,#497,.T.);
#1466=EDGE_CURVE('',#1200,#1197,#498,.T.);
#1467=EDGE_CURVE('',#1200,#1201,#499,.T.);
#1468=EDGE_CURVE('',#1198,#1201,#500,.T.);
#1469=EDGE_CURVE('',#1202,#1199,#501,.T.);
#1470=EDGE_CURVE('',#1202,#1200,#502,.T.);
#1471=EDGE_CURVE('',#1190,#1203,#503,.T.);
#1472=EDGE_CURVE('',#1203,#1204,#504,.T.);
#1473=EDGE_CURVE('',#1204,#1194,#505,.F.);
#1474=EDGE_CURVE('',#1196,#1205,#506,.F.);
#1475=EDGE_CURVE('',#1205,#1203,#507,.T.);
#1476=EDGE_CURVE('',#1206,#1203,#508,.T.);
#1477=EDGE_CURVE('',#1207,#1206,#509,.T.);
#1478=EDGE_CURVE('',#1204,#1207,#510,.T.);
#1479=EDGE_CURVE('',#1208,#1205,#511,.T.);
#1480=EDGE_CURVE('',#1206,#1208,#512,.T.);
#1481=EDGE_CURVE('',#1184,#1209,#513,.T.);
#1482=EDGE_CURVE('',#1209,#1210,#514,.T.);
#1483=EDGE_CURVE('',#1210,#1191,#515,.F.);
#1484=EDGE_CURVE('',#1193,#1211,#516,.F.);
#1485=EDGE_CURVE('',#1211,#1209,#517,.T.);
#1486=EDGE_CURVE('',#1212,#1209,#518,.T.);
#1487=EDGE_CURVE('',#1212,#1213,#519,.T.);
#1488=EDGE_CURVE('',#1210,#1213,#520,.T.);
#1489=EDGE_CURVE('',#1214,#1211,#521,.T.);
#1490=EDGE_CURVE('',#1214,#1212,#522,.T.);
#1491=EDGE_CURVE('',#1168,#1215,#523,.T.);
#1492=EDGE_CURVE('',#1215,#1216,#524,.T.);
#1493=EDGE_CURVE('',#1216,#1175,#525,.F.);
#1494=EDGE_CURVE('',#1177,#1217,#526,.F.);
#1495=EDGE_CURVE('',#1217,#1215,#527,.T.);
#1496=EDGE_CURVE('',#1218,#1215,#528,.T.);
#1497=EDGE_CURVE('',#1219,#1218,#529,.T.);
#1498=EDGE_CURVE('',#1216,#1219,#530,.T.);
#1499=EDGE_CURVE('',#1220,#1217,#531,.T.);
#1500=EDGE_CURVE('',#1218,#1220,#532,.T.);
#1501=EDGE_CURVE('',#1221,#1176,#533,.T.);
#1502=EDGE_CURVE('',#1222,#1221,#534,.T.);
#1503=EDGE_CURVE('',#1222,#1192,#535,.T.);
#1504=EDGE_CURVE('',#1220,#1213,#536,.T.);
#1505=EDGE_CURVE('',#1223,#1224,#537,.T.);
#1506=EDGE_CURVE('',#1224,#1225,#538,.T.);
#1507=EDGE_CURVE('',#1225,#1226,#539,.T.);
#1508=EDGE_CURVE('',#1226,#1223,#540,.T.);
#1509=EDGE_CURVE('',#1227,#1228,#541,.T.);
#1510=EDGE_CURVE('',#1228,#1229,#542,.T.);
#1511=EDGE_CURVE('',#1229,#1230,#543,.T.);
#1512=EDGE_CURVE('',#1230,#1227,#544,.T.);
#1513=EDGE_CURVE('',#1231,#1195,#545,.T.);
#1514=EDGE_CURVE('',#1232,#1231,#546,.T.);
#1515=EDGE_CURVE('',#1232,#1179,#547,.T.);
#1516=EDGE_CURVE('',#1208,#1201,#548,.T.);
#1517=EDGE_CURVE('',#1233,#1234,#549,.T.);
#1518=EDGE_CURVE('',#1234,#1235,#550,.T.);
#1519=EDGE_CURVE('',#1235,#1236,#551,.T.);
#1520=EDGE_CURVE('',#1233,#1236,#552,.T.);
#1521=EDGE_CURVE('',#1234,#1237,#553,.T.);
#1522=EDGE_CURVE('',#1237,#1238,#554,.T.);
#1523=EDGE_CURVE('',#1238,#1235,#555,.T.);
#1524=EDGE_CURVE('',#1236,#1239,#556,.T.);
#1525=EDGE_CURVE('',#1239,#1240,#557,.T.);
#1526=EDGE_CURVE('',#1240,#1233,#558,.T.);
#1527=EDGE_CURVE('',#1237,#1240,#559,.F.);
#1528=EDGE_CURVE('',#1239,#1238,#560,.T.);
#1529=EDGE_CURVE('',#1240,#1241,#561,.F.);
#1530=EDGE_CURVE('',#1242,#1241,#562,.T.);
#1531=EDGE_CURVE('',#1243,#1242,#563,.T.);
#1532=EDGE_CURVE('',#1244,#1243,#564,.T.);
#1533=EDGE_CURVE('',#1244,#1237,#565,.F.);
#1534=EDGE_CURVE('',#1245,#1246,#566,.T.);
#1535=EDGE_CURVE('',#1247,#1245,#567,.T.);
#1536=EDGE_CURVE('',#1248,#1247,#568,.T.);
#1537=EDGE_CURVE('',#1246,#1248,#569,.T.);
#1538=EDGE_CURVE('',#1249,#1250,#570,.T.);
#1539=EDGE_CURVE('',#1251,#1249,#571,.T.);
#1540=EDGE_CURVE('',#1252,#1251,#572,.T.);
#1541=EDGE_CURVE('',#1250,#1252,#573,.T.);
#1542=EDGE_CURVE('',#1253,#1254,#574,.T.);
#1543=EDGE_CURVE('',#1255,#1253,#575,.T.);
#1544=EDGE_CURVE('',#1256,#1255,#576,.T.);
#1545=EDGE_CURVE('',#1254,#1256,#577,.T.);
#1546=EDGE_CURVE('',#1246,#1257,#578,.T.);
#1547=EDGE_CURVE('',#1257,#1258,#579,.T.);
#1548=EDGE_CURVE('',#1258,#1245,#580,.T.);
#1549=EDGE_CURVE('',#1248,#1259,#581,.T.);
#1550=EDGE_CURVE('',#1259,#1257,#582,.T.);
#1551=EDGE_CURVE('',#1260,#1259,#583,.T.);
#1552=EDGE_CURVE('',#1247,#1260,#584,.T.);
#1553=EDGE_CURVE('',#1258,#1260,#585,.T.);
#1554=EDGE_CURVE('',#1261,#1262,#1101,.T.);
#1555=EDGE_CURVE('',#1263,#1261,#586,.T.);
#1556=EDGE_CURVE('',#1264,#1263,#1102,.T.);
#1557=EDGE_CURVE('',#1265,#1264,#587,.T.);
#1558=EDGE_CURVE('',#1266,#1265,#1103,.T.);
#1559=EDGE_CURVE('',#1267,#1266,#588,.T.);
#1560=EDGE_CURVE('',#1268,#1267,#1104,.T.);
#1561=EDGE_CURVE('',#1262,#1268,#589,.T.);
#1562=EDGE_CURVE('',#1265,#1269,#590,.T.);
#1563=EDGE_CURVE('',#1269,#1270,#1105,.T.);
#1564=EDGE_CURVE('',#1270,#1266,#591,.T.);
#1565=EDGE_CURVE('',#1271,#1264,#592,.T.);
#1566=EDGE_CURVE('',#1269,#1271,#593,.T.);
#1567=EDGE_CURVE('',#1263,#1272,#594,.T.);
#1568=EDGE_CURVE('',#1272,#1271,#1106,.T.);
#1569=EDGE_CURVE('',#1273,#1261,#595,.T.);
#1570=EDGE_CURVE('',#1272,#1273,#596,.T.);
#1571=EDGE_CURVE('',#1274,#1275,#1107,.T.);
#1572=EDGE_CURVE('',#1276,#1274,#597,.T.);
#1573=EDGE_CURVE('',#1277,#1276,#1108,.T.);
#1574=EDGE_CURVE('',#1278,#1277,#598,.T.);
#1575=EDGE_CURVE('',#1279,#1278,#1109,.T.);
#1576=EDGE_CURVE('',#1280,#1279,#599,.T.);
#1577=EDGE_CURVE('',#1281,#1280,#1110,.T.);
#1578=EDGE_CURVE('',#1275,#1281,#600,.T.);
#1579=EDGE_CURVE('',#1282,#1283,#1111,.T.);
#1580=EDGE_CURVE('',#1284,#1282,#601,.T.);
#1581=EDGE_CURVE('',#1285,#1284,#1112,.T.);
#1582=EDGE_CURVE('',#1286,#1285,#602,.T.);
#1583=EDGE_CURVE('',#1287,#1286,#1113,.T.);
#1584=EDGE_CURVE('',#1288,#1287,#603,.T.);
#1585=EDGE_CURVE('',#1289,#1288,#1114,.T.);
#1586=EDGE_CURVE('',#1290,#1289,#604,.T.);
#1587=EDGE_CURVE('',#1291,#1290,#1115,.T.);
#1588=EDGE_CURVE('',#1292,#1291,#605,.T.);
#1589=EDGE_CURVE('',#1293,#1292,#1116,.T.);
#1590=EDGE_CURVE('',#1283,#1293,#606,.T.);
#1591=EDGE_CURVE('',#1288,#1294,#607,.T.);
#1592=EDGE_CURVE('',#1294,#1295,#1117,.T.);
#1593=EDGE_CURVE('',#1295,#1289,#608,.T.);
#1594=EDGE_CURVE('',#1296,#1287,#609,.T.);
#1595=EDGE_CURVE('',#1294,#1296,#610,.T.);
#1596=EDGE_CURVE('',#1286,#1297,#611,.T.);
#1597=EDGE_CURVE('',#1297,#1296,#1118,.T.);
#1598=EDGE_CURVE('',#1298,#1285,#612,.T.);
#1599=EDGE_CURVE('',#1297,#1298,#613,.T.);
#1600=EDGE_CURVE('',#1284,#1299,#614,.T.);
#1601=EDGE_CURVE('',#1299,#1298,#1119,.T.);
#1602=EDGE_CURVE('',#1300,#1282,#615,.T.);
#1603=EDGE_CURVE('',#1299,#1300,#616,.T.);
#1604=EDGE_CURVE('',#1278,#1301,#617,.T.);
#1605=EDGE_CURVE('',#1301,#1302,#1120,.T.);
#1606=EDGE_CURVE('',#1302,#1279,#618,.T.);
#1607=EDGE_CURVE('',#1303,#1277,#619,.T.);
#1608=EDGE_CURVE('',#1301,#1303,#620,.T.);
#1609=EDGE_CURVE('',#1276,#1304,#621,.T.);
#1610=EDGE_CURVE('',#1304,#1303,#1121,.T.);
#1611=EDGE_CURVE('',#1305,#1274,#622,.T.);
#1612=EDGE_CURVE('',#1304,#1305,#623,.T.);
#1613=EDGE_CURVE('',#1306,#1242,#1122,.T.);
#1614=EDGE_CURVE('',#1241,#1307,#1123,.T.);
#1615=EDGE_CURVE('',#1307,#1306,#624,.T.);
#1616=EDGE_CURVE('',#1306,#1308,#625,.T.);
#1617=EDGE_CURVE('',#1309,#1308,#1124,.T.);
#1618=EDGE_CURVE('',#1309,#1310,#626,.T.);
#1619=EDGE_CURVE('',#1311,#1310,#1125,.T.);
#1620=EDGE_CURVE('',#1311,#1312,#627,.T.);
#1621=EDGE_CURVE('',#1243,#1312,#1126,.T.);
#1622=EDGE_CURVE('',#1202,#1219,#628,.T.);
#1623=EDGE_CURVE('',#1214,#1207,#629,.T.);
#1624=EDGE_CURVE('',#1312,#1313,#630,.T.);
#1625=EDGE_CURVE('',#1313,#1244,#1127,.T.);
#1626=EDGE_CURVE('',#1314,#1311,#631,.T.);
#1627=EDGE_CURVE('',#1314,#1313,#632,.F.);
#1628=EDGE_CURVE('',#1308,#1315,#633,.T.);
#1629=EDGE_CURVE('',#1315,#1316,#1128,.T.);
#1630=EDGE_CURVE('',#1316,#1309,#634,.T.);
#1631=EDGE_CURVE('',#1316,#1317,#635,.F.);
#1632=EDGE_CURVE('',#1310,#1317,#636,.T.);
#1633=EDGE_CURVE('',#1318,#1319,#637,.T.);
#1634=EDGE_CURVE('',#1320,#1319,#1129,.T.);
#1635=EDGE_CURVE('',#1320,#1321,#638,.T.);
#1636=EDGE_CURVE('',#1322,#1321,#1130,.T.);
#1637=EDGE_CURVE('',#1322,#1323,#639,.T.);
#1638=EDGE_CURVE('',#1324,#1323,#1131,.T.);
#1639=EDGE_CURVE('',#1324,#1325,#640,.T.);
#1640=EDGE_CURVE('',#1318,#1325,#1132,.T.);
#1641=EDGE_CURVE('',#1317,#1314,#1133,.T.);
#1642=EDGE_CURVE('',#1326,#1327,#1134,.T.);
#1643=EDGE_CURVE('',#1327,#1324,#641,.T.);
#1644=EDGE_CURVE('',#1323,#1326,#642,.T.);
#1645=EDGE_CURVE('',#1328,#1327,#643,.T.);
#1646=EDGE_CURVE('',#1325,#1328,#644,.T.);
#1647=EDGE_CURVE('',#1328,#1329,#1135,.T.);
#1648=EDGE_CURVE('',#1329,#1318,#645,.T.);
#1649=EDGE_CURVE('',#1330,#1329,#646,.T.);
#1650=EDGE_CURVE('',#1319,#1330,#647,.T.);
#1651=EDGE_CURVE('',#1330,#1331,#1136,.T.);
#1652=EDGE_CURVE('',#1331,#1320,#648,.T.);
#1653=EDGE_CURVE('',#1331,#1232,#649,.T.);
#1654=EDGE_CURVE('',#1231,#1222,#650,.T.);
#1655=EDGE_CURVE('',#1221,#1332,#651,.T.);
#1656=EDGE_CURVE('',#1321,#1332,#652,.T.);
#1657=EDGE_CURVE('',#1332,#1333,#1137,.T.);
#1658=EDGE_CURVE('',#1333,#1322,#653,.T.);
#1659=EDGE_CURVE('',#1326,#1333,#654,.T.);
#1660=EDGE_CURVE('',#1292,#1334,#655,.T.);
#1661=EDGE_CURVE('',#1334,#1335,#1138,.T.);
#1662=EDGE_CURVE('',#1335,#1293,#656,.T.);
#1663=EDGE_CURVE('',#1336,#1291,#657,.T.);
#1664=EDGE_CURVE('',#1334,#1336,#658,.T.);
#1665=EDGE_CURVE('',#1337,#1295,#659,.T.);
#1666=EDGE_CURVE('',#1290,#1337,#660,.T.);
#1667=EDGE_CURVE('',#1283,#1338,#661,.T.);
#1668=EDGE_CURVE('',#1338,#1300,#1139,.T.);
#1669=EDGE_CURVE('',#1337,#1336,#1140,.T.);
#1670=EDGE_CURVE('',#1339,#1302,#662,.T.);
#1671=EDGE_CURVE('',#1280,#1339,#663,.T.);
#1672=EDGE_CURVE('',#1275,#1340,#664,.T.);
#1673=EDGE_CURVE('',#1340,#1305,#1141,.T.);
#1674=EDGE_CURVE('',#1339,#1341,#1142,.T.);
#1675=EDGE_CURVE('',#1341,#1281,#665,.T.);
#1676=EDGE_CURVE('',#1342,#1343,#666,.T.);
#1677=EDGE_CURVE('',#1343,#1344,#667,.T.);
#1678=EDGE_CURVE('',#1344,#1345,#668,.T.);
#1679=EDGE_CURVE('',#1345,#1342,#669,.T.);
#1680=EDGE_CURVE('',#1346,#1347,#670,.T.);
#1681=EDGE_CURVE('',#1347,#1348,#671,.T.);
#1682=EDGE_CURVE('',#1348,#1349,#672,.T.);
#1683=EDGE_CURVE('',#1349,#1346,#673,.T.);
#1684=EDGE_CURVE('',#1340,#1341,#674,.T.);
#1685=EDGE_CURVE('',#1338,#1335,#675,.T.);
#1686=EDGE_CURVE('',#1350,#1351,#676,.T.);
#1687=EDGE_CURVE('',#1352,#1351,#1143,.T.);
#1688=EDGE_CURVE('',#1352,#1270,#677,.T.);
#1689=EDGE_CURVE('',#1350,#1273,#1144,.T.);
#1690=EDGE_CURVE('',#1262,#1350,#678,.T.);
#1691=EDGE_CURVE('',#1351,#1268,#679,.T.);
#1692=EDGE_CURVE('',#1267,#1352,#680,.T.);
#1693=EDGE_CURVE('',#1256,#1353,#681,.F.);
#1694=EDGE_CURVE('',#1353,#1354,#682,.T.);
#1695=EDGE_CURVE('',#1354,#1254,#683,.F.);
#1696=EDGE_CURVE('',#1355,#1353,#684,.F.);
#1697=EDGE_CURVE('',#1355,#1345,#685,.T.);
#1698=EDGE_CURVE('',#1356,#1344,#686,.T.);
#1699=EDGE_CURVE('',#1354,#1356,#687,.F.);
#1700=EDGE_CURVE('',#1252,#1357,#688,.F.);
#1701=EDGE_CURVE('',#1357,#1358,#689,.T.);
#1702=EDGE_CURVE('',#1358,#1250,#690,.F.);
#1703=EDGE_CURVE('',#1359,#1357,#691,.F.);
#1704=EDGE_CURVE('',#1359,#1347,#692,.T.);
#1705=EDGE_CURVE('',#1360,#1346,#693,.T.);
#1706=EDGE_CURVE('',#1358,#1360,#694,.F.);
#1707=EDGE_CURVE('',#1361,#1362,#695,.F.);
#1708=EDGE_CURVE('',#1362,#1363,#696,.T.);
#1709=EDGE_CURVE('',#1363,#1364,#697,.F.);
#1710=EDGE_CURVE('',#1364,#1361,#698,.T.);
#1711=EDGE_CURVE('',#1365,#1362,#699,.F.);
#1712=EDGE_CURVE('',#1365,#1223,#700,.T.);
#1713=EDGE_CURVE('',#1366,#1226,#701,.T.);
#1714=EDGE_CURVE('',#1363,#1366,#702,.F.);
#1715=EDGE_CURVE('',#1367,#1368,#703,.F.);
#1716=EDGE_CURVE('',#1368,#1369,#704,.T.);
#1717=EDGE_CURVE('',#1369,#1370,#705,.F.);
#1718=EDGE_CURVE('',#1370,#1367,#706,.T.);
#1719=EDGE_CURVE('',#1371,#1368,#707,.F.);
#1720=EDGE_CURVE('',#1371,#1230,#708,.T.);
#1721=EDGE_CURVE('',#1372,#1229,#709,.T.);
#1722=EDGE_CURVE('',#1369,#1372,#710,.F.);
#1723=EDGE_CURVE('',#1249,#1373,#711,.F.);
#1724=EDGE_CURVE('',#1373,#1374,#712,.T.);
#1725=EDGE_CURVE('',#1374,#1251,#713,.F.);
#1726=EDGE_CURVE('',#1373,#1349,#714,.T.);
#1727=EDGE_CURVE('',#1374,#1348,#715,.T.);
#1728=EDGE_CURVE('',#1253,#1375,#716,.F.);
#1729=EDGE_CURVE('',#1375,#1376,#717,.T.);
#1730=EDGE_CURVE('',#1376,#1255,#718,.F.);
#1731=EDGE_CURVE('',#1375,#1343,#719,.T.);
#1732=EDGE_CURVE('',#1376,#1342,#720,.T.);
#1733=EDGE_CURVE('',#1377,#1378,#721,.F.);
#1734=EDGE_CURVE('',#1378,#1379,#722,.T.);
#1735=EDGE_CURVE('',#1379,#1380,#723,.F.);
#1736=EDGE_CURVE('',#1380,#1377,#724,.T.);
#1737=EDGE_CURVE('',#1378,#1228,#725,.T.);
#1738=EDGE_CURVE('',#1379,#1227,#726,.T.);
#1739=EDGE_CURVE('',#1381,#1382,#727,.F.);
#1740=EDGE_CURVE('',#1382,#1383,#728,.T.);
#1741=EDGE_CURVE('',#1383,#1384,#729,.F.);
#1742=EDGE_CURVE('',#1384,#1381,#730,.T.);
#1743=EDGE_CURVE('',#1382,#1225,#731,.T.);
#1744=EDGE_CURVE('',#1383,#1224,#732,.T.);
#1745=EDGE_CURVE('',#1379,#1371,#733,.T.);
#1746=EDGE_CURVE('',#1367,#1380,#734,.T.);
#1747=EDGE_CURVE('',#1366,#1382,#735,.T.);
#1748=EDGE_CURVE('',#1381,#1364,#736,.T.);
#1749=EDGE_CURVE('',#1383,#1365,#737,.T.);
#1750=EDGE_CURVE('',#1361,#1384,#738,.T.);
#1751=EDGE_CURVE('',#1372,#1378,#739,.T.);
#1752=EDGE_CURVE('',#1377,#1370,#740,.T.);
#1753=EDGE_CURVE('',#1356,#1375,#741,.T.);
#1754=EDGE_CURVE('',#1374,#1359,#742,.T.);
#1755=EDGE_CURVE('',#1360,#1373,#743,.T.);
#1756=EDGE_CURVE('',#1376,#1355,#744,.T.);
#1757=EDGE_CURVE('',#1307,#1315,#745,.F.);
#1758=EDGE_CURVE('',#1385,#1385,#1145,.T.);
#1759=EDGE_CURVE('',#1385,#1386,#746,.T.);
#1760=EDGE_CURVE('',#1386,#1386,#1146,.T.);
#1761=EDGE_CURVE('',#1387,#1388,#1147,.T.);
#1762=EDGE_CURVE('',#1387,#1389,#747,.T.);
#1763=EDGE_CURVE('',#1390,#1389,#1148,.T.);
#1764=EDGE_CURVE('',#1390,#1391,#748,.T.);
#1765=EDGE_CURVE('',#1392,#1391,#1149,.T.);
#1766=EDGE_CURVE('',#1392,#1393,#749,.T.);
#1767=EDGE_CURVE('',#1394,#1393,#1150,.T.);
#1768=EDGE_CURVE('',#1394,#1388,#750,.T.);
#1769=EDGE_CURVE('',#1395,#1395,#1151,.T.);
#1770=EDGE_CURVE('',#1396,#1396,#1152,.T.);
#1771=EDGE_CURVE('',#1397,#1397,#1153,.T.);
#1772=EDGE_CURVE('',#1398,#1398,#1154,.T.);
#1773=EDGE_CURVE('',#1398,#1386,#751,.T.);
#1774=EDGE_CURVE('',#1395,#1399,#752,.T.);
#1775=EDGE_CURVE('',#1399,#1399,#1155,.T.);
#1776=EDGE_CURVE('',#1400,#1400,#1156,.T.);
#1777=EDGE_CURVE('',#1400,#1399,#753,.T.);
#1778=EDGE_CURVE('',#1397,#1401,#754,.T.);
#1779=EDGE_CURVE('',#1401,#1401,#1157,.T.);
#1780=EDGE_CURVE('',#1402,#1402,#1158,.T.);
#1781=EDGE_CURVE('',#1402,#1401,#755,.T.);
#1782=EDGE_CURVE('',#1396,#1403,#756,.T.);
#1783=EDGE_CURVE('',#1403,#1403,#1159,.T.);
#1784=EDGE_CURVE('',#1404,#1404,#1160,.T.);
#1785=EDGE_CURVE('',#1404,#1403,#757,.T.);
#1786=EDGE_CURVE('',#1388,#1405,#758,.T.);
#1787=EDGE_CURVE('',#1405,#1406,#1161,.T.);
#1788=EDGE_CURVE('',#1406,#1387,#759,.T.);
#1789=EDGE_CURVE('',#1407,#1406,#760,.T.);
#1790=EDGE_CURVE('',#1389,#1407,#761,.T.);
#1791=EDGE_CURVE('',#1405,#1408,#762,.T.);
#1792=EDGE_CURVE('',#1409,#1408,#1162,.T.);
#1793=EDGE_CURVE('',#1409,#1410,#763,.T.);
#1794=EDGE_CURVE('',#1411,#1410,#1163,.T.);
#1795=EDGE_CURVE('',#1411,#1412,#764,.T.);
#1796=EDGE_CURVE('',#1407,#1412,#1164,.T.);
#1797=EDGE_CURVE('',#1393,#1409,#765,.T.);
#1798=EDGE_CURVE('',#1408,#1394,#766,.T.);
#1799=EDGE_CURVE('',#1410,#1392,#767,.T.);
#1800=EDGE_CURVE('',#1391,#1411,#768,.T.);
#1801=EDGE_CURVE('',#1412,#1390,#769,.T.);
#1802=EDGE_CURVE('',#1413,#1414,#770,.T.);
#1803=EDGE_CURVE('',#1415,#1413,#771,.T.);
#1804=EDGE_CURVE('',#1416,#1415,#772,.T.);
#1805=EDGE_CURVE('',#1414,#1416,#773,.T.);
#1806=EDGE_CURVE('',#1413,#1417,#774,.T.);
#1807=EDGE_CURVE('',#1418,#1417,#775,.T.);
#1808=EDGE_CURVE('',#1415,#1418,#776,.T.);
#1809=EDGE_CURVE('',#1414,#1419,#777,.T.);
#1810=EDGE_CURVE('',#1417,#1419,#778,.T.);
#1811=EDGE_CURVE('',#1420,#1418,#779,.T.);
#1812=EDGE_CURVE('',#1416,#1420,#780,.T.);
#1813=EDGE_CURVE('',#1419,#1420,#781,.T.);
#1814=ORIENTED_EDGE('',*,*,#1421,.F.);
#1815=ORIENTED_EDGE('',*,*,#1422,.T.);
#1816=ORIENTED_EDGE('',*,*,#1423,.F.);
#1817=ORIENTED_EDGE('',*,*,#1424,.F.);
#1818=ORIENTED_EDGE('',*,*,#1425,.F.);
#1819=ORIENTED_EDGE('',*,*,#1426,.F.);
#1820=ORIENTED_EDGE('',*,*,#1422,.F.);
#1821=ORIENTED_EDGE('',*,*,#1427,.F.);
#1822=ORIENTED_EDGE('',*,*,#1428,.T.);
#1823=ORIENTED_EDGE('',*,*,#1429,.F.);
#1824=ORIENTED_EDGE('',*,*,#1430,.F.);
#1825=ORIENTED_EDGE('',*,*,#1431,.F.);
#1826=ORIENTED_EDGE('',*,*,#1432,.F.);
#1827=ORIENTED_EDGE('',*,*,#1428,.F.);
#1828=ORIENTED_EDGE('',*,*,#1423,.T.);
#1829=ORIENTED_EDGE('',*,*,#1426,.T.);
#1830=ORIENTED_EDGE('',*,*,#1433,.F.);
#1831=ORIENTED_EDGE('',*,*,#1434,.F.);
#1832=ORIENTED_EDGE('',*,*,#1435,.F.);
#1833=ORIENTED_EDGE('',*,*,#1436,.F.);
#1834=ORIENTED_EDGE('',*,*,#1431,.T.);
#1835=ORIENTED_EDGE('',*,*,#1437,.F.);
#1836=ORIENTED_EDGE('',*,*,#1438,.F.);
#1837=ORIENTED_EDGE('',*,*,#1439,.F.);
#1838=ORIENTED_EDGE('',*,*,#1440,.F.);
#1839=ORIENTED_EDGE('',*,*,#1441,.F.);
#1840=ORIENTED_EDGE('',*,*,#1442,.T.);
#1841=ORIENTED_EDGE('',*,*,#1443,.F.);
#1842=ORIENTED_EDGE('',*,*,#1444,.F.);
#1843=ORIENTED_EDGE('',*,*,#1445,.F.);
#1844=ORIENTED_EDGE('',*,*,#1446,.F.);
#1845=ORIENTED_EDGE('',*,*,#1442,.F.);
#1846=ORIENTED_EDGE('',*,*,#1447,.F.);
#1847=ORIENTED_EDGE('',*,*,#1448,.T.);
#1848=ORIENTED_EDGE('',*,*,#1449,.F.);
#1849=ORIENTED_EDGE('',*,*,#1450,.F.);
#1850=ORIENTED_EDGE('',*,*,#1451,.F.);
#1851=ORIENTED_EDGE('',*,*,#1452,.F.);
#1852=ORIENTED_EDGE('',*,*,#1448,.F.);
#1853=ORIENTED_EDGE('',*,*,#1443,.T.);
#1854=ORIENTED_EDGE('',*,*,#1446,.T.);
#1855=ORIENTED_EDGE('',*,*,#1453,.F.);
#1856=ORIENTED_EDGE('',*,*,#1454,.F.);
#1857=ORIENTED_EDGE('',*,*,#1455,.F.);
#1858=ORIENTED_EDGE('',*,*,#1456,.F.);
#1859=ORIENTED_EDGE('',*,*,#1450,.T.);
#1860=ORIENTED_EDGE('',*,*,#1457,.F.);
#1861=ORIENTED_EDGE('',*,*,#1458,.F.);
#1862=ORIENTED_EDGE('',*,*,#1459,.F.);
#1863=ORIENTED_EDGE('',*,*,#1460,.F.);
#1864=ORIENTED_EDGE('',*,*,#1430,.T.);
#1865=ORIENTED_EDGE('',*,*,#1461,.T.);
#1866=ORIENTED_EDGE('',*,*,#1462,.T.);
#1867=ORIENTED_EDGE('',*,*,#1463,.T.);
#1868=ORIENTED_EDGE('',*,*,#1437,.T.);
#1869=ORIENTED_EDGE('',*,*,#1429,.T.);
#1870=ORIENTED_EDGE('',*,*,#1432,.T.);
#1871=ORIENTED_EDGE('',*,*,#1440,.T.);
#1872=ORIENTED_EDGE('',*,*,#1464,.T.);
#1873=ORIENTED_EDGE('',*,*,#1465,.T.);
#1874=ORIENTED_EDGE('',*,*,#1461,.F.);
#1875=ORIENTED_EDGE('',*,*,#1462,.F.);
#1876=ORIENTED_EDGE('',*,*,#1466,.F.);
#1877=ORIENTED_EDGE('',*,*,#1467,.T.);
#1878=ORIENTED_EDGE('',*,*,#1468,.F.);
#1879=ORIENTED_EDGE('',*,*,#1465,.F.);
#1880=ORIENTED_EDGE('',*,*,#1469,.F.);
#1881=ORIENTED_EDGE('',*,*,#1470,.T.);
#1882=ORIENTED_EDGE('',*,*,#1466,.T.);
#1883=ORIENTED_EDGE('',*,*,#1449,.T.);
#1884=ORIENTED_EDGE('',*,*,#1452,.T.);
#1885=ORIENTED_EDGE('',*,*,#1471,.T.);
#1886=ORIENTED_EDGE('',*,*,#1472,.T.);
#1887=ORIENTED_EDGE('',*,*,#1473,.T.);
#1888=ORIENTED_EDGE('',*,*,#1457,.T.);
#1889=ORIENTED_EDGE('',*,*,#1451,.T.);
#1890=ORIENTED_EDGE('',*,*,#1460,.T.);
#1891=ORIENTED_EDGE('',*,*,#1474,.T.);
#1892=ORIENTED_EDGE('',*,*,#1475,.T.);
#1893=ORIENTED_EDGE('',*,*,#1471,.F.);
#1894=ORIENTED_EDGE('',*,*,#1472,.F.);
#1895=ORIENTED_EDGE('',*,*,#1476,.F.);
#1896=ORIENTED_EDGE('',*,*,#1477,.F.);
#1897=ORIENTED_EDGE('',*,*,#1478,.F.);
#1898=ORIENTED_EDGE('',*,*,#1475,.F.);
#1899=ORIENTED_EDGE('',*,*,#1479,.F.);
#1900=ORIENTED_EDGE('',*,*,#1480,.F.);
#1901=ORIENTED_EDGE('',*,*,#1476,.T.);
#1902=ORIENTED_EDGE('',*,*,#1445,.T.);
#1903=ORIENTED_EDGE('',*,*,#1481,.T.);
#1904=ORIENTED_EDGE('',*,*,#1482,.T.);
#1905=ORIENTED_EDGE('',*,*,#1483,.T.);
#1906=ORIENTED_EDGE('',*,*,#1453,.T.);
#1907=ORIENTED_EDGE('',*,*,#1444,.T.);
#1908=ORIENTED_EDGE('',*,*,#1456,.T.);
#1909=ORIENTED_EDGE('',*,*,#1484,.T.);
#1910=ORIENTED_EDGE('',*,*,#1485,.T.);
#1911=ORIENTED_EDGE('',*,*,#1481,.F.);
#1912=ORIENTED_EDGE('',*,*,#1482,.F.);
#1913=ORIENTED_EDGE('',*,*,#1486,.F.);
#1914=ORIENTED_EDGE('',*,*,#1487,.T.);
#1915=ORIENTED_EDGE('',*,*,#1488,.F.);
#1916=ORIENTED_EDGE('',*,*,#1485,.F.);
#1917=ORIENTED_EDGE('',*,*,#1489,.F.);
#1918=ORIENTED_EDGE('',*,*,#1490,.T.);
#1919=ORIENTED_EDGE('',*,*,#1486,.T.);
#1920=ORIENTED_EDGE('',*,*,#1425,.T.);
#1921=ORIENTED_EDGE('',*,*,#1491,.T.);
#1922=ORIENTED_EDGE('',*,*,#1492,.T.);
#1923=ORIENTED_EDGE('',*,*,#1493,.T.);
#1924=ORIENTED_EDGE('',*,*,#1433,.T.);
#1925=ORIENTED_EDGE('',*,*,#1424,.T.);
#1926=ORIENTED_EDGE('',*,*,#1436,.T.);
#1927=ORIENTED_EDGE('',*,*,#1494,.T.);
#1928=ORIENTED_EDGE('',*,*,#1495,.T.);
#1929=ORIENTED_EDGE('',*,*,#1491,.F.);
#1930=ORIENTED_EDGE('',*,*,#1492,.F.);
#1931=ORIENTED_EDGE('',*,*,#1496,.F.);
#1932=ORIENTED_EDGE('',*,*,#1497,.F.);
#1933=ORIENTED_EDGE('',*,*,#1498,.F.);
#1934=ORIENTED_EDGE('',*,*,#1495,.F.);
#1935=ORIENTED_EDGE('',*,*,#1499,.F.);
#1936=ORIENTED_EDGE('',*,*,#1500,.F.);
#1937=ORIENTED_EDGE('',*,*,#1496,.T.);
#1938=ORIENTED_EDGE('',*,*,#1435,.T.);
#1939=ORIENTED_EDGE('',*,*,#1501,.F.);
#1940=ORIENTED_EDGE('',*,*,#1502,.F.);
#1941=ORIENTED_EDGE('',*,*,#1503,.T.);
#1942=ORIENTED_EDGE('',*,*,#1454,.T.);
#1943=ORIENTED_EDGE('',*,*,#1483,.F.);
#1944=ORIENTED_EDGE('',*,*,#1488,.T.);
#1945=ORIENTED_EDGE('',*,*,#1504,.F.);
#1946=ORIENTED_EDGE('',*,*,#1499,.T.);
#1947=ORIENTED_EDGE('',*,*,#1494,.F.);
#1948=ORIENTED_EDGE('',*,*,#1505,.T.);
#1949=ORIENTED_EDGE('',*,*,#1506,.T.);
#1950=ORIENTED_EDGE('',*,*,#1507,.T.);
#1951=ORIENTED_EDGE('',*,*,#1508,.T.);
#1952=ORIENTED_EDGE('',*,*,#1509,.T.);
#1953=ORIENTED_EDGE('',*,*,#1510,.T.);
#1954=ORIENTED_EDGE('',*,*,#1511,.T.);
#1955=ORIENTED_EDGE('',*,*,#1512,.T.);
#1956=ORIENTED_EDGE('',*,*,#1459,.T.);
#1957=ORIENTED_EDGE('',*,*,#1513,.F.);
#1958=ORIENTED_EDGE('',*,*,#1514,.F.);
#1959=ORIENTED_EDGE('',*,*,#1515,.T.);
#1960=ORIENTED_EDGE('',*,*,#1438,.T.);
#1961=ORIENTED_EDGE('',*,*,#1463,.F.);
#1962=ORIENTED_EDGE('',*,*,#1468,.T.);
#1963=ORIENTED_EDGE('',*,*,#1516,.F.);
#1964=ORIENTED_EDGE('',*,*,#1479,.T.);
#1965=ORIENTED_EDGE('',*,*,#1474,.F.);
#1966=ORIENTED_EDGE('',*,*,#1517,.T.);
#1967=ORIENTED_EDGE('',*,*,#1518,.T.);
#1968=ORIENTED_EDGE('',*,*,#1519,.T.);
#1969=ORIENTED_EDGE('',*,*,#1520,.F.);
#1970=ORIENTED_EDGE('',*,*,#1521,.T.);
#1971=ORIENTED_EDGE('',*,*,#1522,.T.);
#1972=ORIENTED_EDGE('',*,*,#1523,.T.);
#1973=ORIENTED_EDGE('',*,*,#1518,.F.);
#1974=ORIENTED_EDGE('',*,*,#1524,.T.);
#1975=ORIENTED_EDGE('',*,*,#1525,.T.);
#1976=ORIENTED_EDGE('',*,*,#1526,.T.);
#1977=ORIENTED_EDGE('',*,*,#1520,.T.);
#1978=ORIENTED_EDGE('',*,*,#1527,.T.);
#1979=ORIENTED_EDGE('',*,*,#1525,.F.);
#1980=ORIENTED_EDGE('',*,*,#1528,.T.);
#1981=ORIENTED_EDGE('',*,*,#1522,.F.);
#1982=ORIENTED_EDGE('',*,*,#1521,.F.);
#1983=ORIENTED_EDGE('',*,*,#1517,.F.);
#1984=ORIENTED_EDGE('',*,*,#1526,.F.);
#1985=ORIENTED_EDGE('',*,*,#1529,.T.);
#1986=ORIENTED_EDGE('',*,*,#1530,.F.);
#1987=ORIENTED_EDGE('',*,*,#1531,.F.);
#1988=ORIENTED_EDGE('',*,*,#1532,.F.);
#1989=ORIENTED_EDGE('',*,*,#1533,.T.);
#1990=ORIENTED_EDGE('',*,*,#1534,.F.);
#1991=ORIENTED_EDGE('',*,*,#1535,.F.);
#1992=ORIENTED_EDGE('',*,*,#1536,.F.);
#1993=ORIENTED_EDGE('',*,*,#1537,.F.);
#1994=ORIENTED_EDGE('',*,*,#1538,.F.);
#1995=ORIENTED_EDGE('',*,*,#1539,.F.);
#1996=ORIENTED_EDGE('',*,*,#1540,.F.);
#1997=ORIENTED_EDGE('',*,*,#1541,.F.);
#1998=ORIENTED_EDGE('',*,*,#1542,.F.);
#1999=ORIENTED_EDGE('',*,*,#1543,.F.);
#2000=ORIENTED_EDGE('',*,*,#1544,.F.);
#2001=ORIENTED_EDGE('',*,*,#1545,.F.);
#2002=ORIENTED_EDGE('',*,*,#1534,.T.);
#2003=ORIENTED_EDGE('',*,*,#1546,.T.);
#2004=ORIENTED_EDGE('',*,*,#1547,.T.);
#2005=ORIENTED_EDGE('',*,*,#1548,.T.);
#2006=ORIENTED_EDGE('',*,*,#1537,.T.);
#2007=ORIENTED_EDGE('',*,*,#1549,.T.);
#2008=ORIENTED_EDGE('',*,*,#1550,.T.);
#2009=ORIENTED_EDGE('',*,*,#1546,.F.);
#2010=ORIENTED_EDGE('',*,*,#1551,.T.);
#2011=ORIENTED_EDGE('',*,*,#1549,.F.);
#2012=ORIENTED_EDGE('',*,*,#1536,.T.);
#2013=ORIENTED_EDGE('',*,*,#1552,.T.);
#2014=ORIENTED_EDGE('',*,*,#1535,.T.);
#2015=ORIENTED_EDGE('',*,*,#1548,.F.);
#2016=ORIENTED_EDGE('',*,*,#1553,.T.);
#2017=ORIENTED_EDGE('',*,*,#1552,.F.);
#2018=ORIENTED_EDGE('',*,*,#1553,.F.);
#2019=ORIENTED_EDGE('',*,*,#1547,.F.);
#2020=ORIENTED_EDGE('',*,*,#1550,.F.);
#2021=ORIENTED_EDGE('',*,*,#1551,.F.);
#2022=ORIENTED_EDGE('',*,*,#1554,.F.);
#2023=ORIENTED_EDGE('',*,*,#1555,.F.);
#2024=ORIENTED_EDGE('',*,*,#1556,.F.);
#2025=ORIENTED_EDGE('',*,*,#1557,.F.);
#2026=ORIENTED_EDGE('',*,*,#1558,.F.);
#2027=ORIENTED_EDGE('',*,*,#1559,.F.);
#2028=ORIENTED_EDGE('',*,*,#1560,.F.);
#2029=ORIENTED_EDGE('',*,*,#1561,.F.);
#2030=ORIENTED_EDGE('',*,*,#1558,.T.);
#2031=ORIENTED_EDGE('',*,*,#1562,.T.);
#2032=ORIENTED_EDGE('',*,*,#1563,.T.);
#2033=ORIENTED_EDGE('',*,*,#1564,.T.);
#2034=ORIENTED_EDGE('',*,*,#1557,.T.);
#2035=ORIENTED_EDGE('',*,*,#1565,.F.);
#2036=ORIENTED_EDGE('',*,*,#1566,.F.);
#2037=ORIENTED_EDGE('',*,*,#1562,.F.);
#2038=ORIENTED_EDGE('',*,*,#1556,.T.);
#2039=ORIENTED_EDGE('',*,*,#1567,.T.);
#2040=ORIENTED_EDGE('',*,*,#1568,.T.);
#2041=ORIENTED_EDGE('',*,*,#1565,.T.);
#2042=ORIENTED_EDGE('',*,*,#1555,.T.);
#2043=ORIENTED_EDGE('',*,*,#1569,.F.);
#2044=ORIENTED_EDGE('',*,*,#1570,.F.);
#2045=ORIENTED_EDGE('',*,*,#1567,.F.);
#2046=ORIENTED_EDGE('',*,*,#1528,.F.);
#2047=ORIENTED_EDGE('',*,*,#1524,.F.);
#2048=ORIENTED_EDGE('',*,*,#1519,.F.);
#2049=ORIENTED_EDGE('',*,*,#1523,.F.);
#2050=ORIENTED_EDGE('',*,*,#1571,.F.);
#2051=ORIENTED_EDGE('',*,*,#1572,.F.);
#2052=ORIENTED_EDGE('',*,*,#1573,.F.);
#2053=ORIENTED_EDGE('',*,*,#1574,.F.);
#2054=ORIENTED_EDGE('',*,*,#1575,.F.);
#2055=ORIENTED_EDGE('',*,*,#1576,.F.);
#2056=ORIENTED_EDGE('',*,*,#1577,.F.);
#2057=ORIENTED_EDGE('',*,*,#1578,.F.);
#2058=ORIENTED_EDGE('',*,*,#1579,.F.);
#2059=ORIENTED_EDGE('',*,*,#1580,.F.);
#2060=ORIENTED_EDGE('',*,*,#1581,.F.);
#2061=ORIENTED_EDGE('',*,*,#1582,.F.);
#2062=ORIENTED_EDGE('',*,*,#1583,.F.);
#2063=ORIENTED_EDGE('',*,*,#1584,.F.);
#2064=ORIENTED_EDGE('',*,*,#1585,.F.);
#2065=ORIENTED_EDGE('',*,*,#1586,.F.);
#2066=ORIENTED_EDGE('',*,*,#1587,.F.);
#2067=ORIENTED_EDGE('',*,*,#1588,.F.);
#2068=ORIENTED_EDGE('',*,*,#1589,.F.);
#2069=ORIENTED_EDGE('',*,*,#1590,.F.);
#2070=ORIENTED_EDGE('',*,*,#1585,.T.);
#2071=ORIENTED_EDGE('',*,*,#1591,.T.);
#2072=ORIENTED_EDGE('',*,*,#1592,.T.);
#2073=ORIENTED_EDGE('',*,*,#1593,.T.);
#2074=ORIENTED_EDGE('',*,*,#1584,.T.);
#2075=ORIENTED_EDGE('',*,*,#1594,.F.);
#2076=ORIENTED_EDGE('',*,*,#1595,.F.);
#2077=ORIENTED_EDGE('',*,*,#1591,.F.);
#2078=ORIENTED_EDGE('',*,*,#1583,.T.);
#2079=ORIENTED_EDGE('',*,*,#1596,.T.);
#2080=ORIENTED_EDGE('',*,*,#1597,.T.);
#2081=ORIENTED_EDGE('',*,*,#1594,.T.);
#2082=ORIENTED_EDGE('',*,*,#1582,.T.);
#2083=ORIENTED_EDGE('',*,*,#1598,.F.);
#2084=ORIENTED_EDGE('',*,*,#1599,.F.);
#2085=ORIENTED_EDGE('',*,*,#1596,.F.);
#2086=ORIENTED_EDGE('',*,*,#1581,.T.);
#2087=ORIENTED_EDGE('',*,*,#1600,.T.);
#2088=ORIENTED_EDGE('',*,*,#1601,.T.);
#2089=ORIENTED_EDGE('',*,*,#1598,.T.);
#2090=ORIENTED_EDGE('',*,*,#1580,.T.);
#2091=ORIENTED_EDGE('',*,*,#1602,.F.);
#2092=ORIENTED_EDGE('',*,*,#1603,.F.);
#2093=ORIENTED_EDGE('',*,*,#1600,.F.);
#2094=ORIENTED_EDGE('',*,*,#1575,.T.);
#2095=ORIENTED_EDGE('',*,*,#1604,.T.);
#2096=ORIENTED_EDGE('',*,*,#1605,.T.);
#2097=ORIENTED_EDGE('',*,*,#1606,.T.);
#2098=ORIENTED_EDGE('',*,*,#1574,.T.);
#2099=ORIENTED_EDGE('',*,*,#1607,.F.);
#2100=ORIENTED_EDGE('',*,*,#1608,.F.);
#2101=ORIENTED_EDGE('',*,*,#1604,.F.);
#2102=ORIENTED_EDGE('',*,*,#1573,.T.);
#2103=ORIENTED_EDGE('',*,*,#1609,.T.);
#2104=ORIENTED_EDGE('',*,*,#1610,.T.);
#2105=ORIENTED_EDGE('',*,*,#1607,.T.);
#2106=ORIENTED_EDGE('',*,*,#1572,.T.);
#2107=ORIENTED_EDGE('',*,*,#1611,.F.);
#2108=ORIENTED_EDGE('',*,*,#1612,.F.);
#2109=ORIENTED_EDGE('',*,*,#1609,.F.);
#2110=ORIENTED_EDGE('',*,*,#1613,.T.);
#2111=ORIENTED_EDGE('',*,*,#1530,.T.);
#2112=ORIENTED_EDGE('',*,*,#1614,.T.);
#2113=ORIENTED_EDGE('',*,*,#1615,.T.);
#2114=ORIENTED_EDGE('',*,*,#1613,.F.);
#2115=ORIENTED_EDGE('',*,*,#1616,.T.);
#2116=ORIENTED_EDGE('',*,*,#1617,.F.);
#2117=ORIENTED_EDGE('',*,*,#1618,.T.);
#2118=ORIENTED_EDGE('',*,*,#1619,.F.);
#2119=ORIENTED_EDGE('',*,*,#1620,.T.);
#2120=ORIENTED_EDGE('',*,*,#1621,.F.);
#2121=ORIENTED_EDGE('',*,*,#1531,.T.);
#2122=ORIENTED_EDGE('',*,*,#1421,.T.);
#2123=ORIENTED_EDGE('',*,*,#1427,.T.);
#2124=ORIENTED_EDGE('',*,*,#1441,.T.);
#2125=ORIENTED_EDGE('',*,*,#1447,.T.);
#2126=ORIENTED_EDGE('',*,*,#1622,.T.);
#2127=ORIENTED_EDGE('',*,*,#1497,.T.);
#2128=ORIENTED_EDGE('',*,*,#1500,.T.);
#2129=ORIENTED_EDGE('',*,*,#1504,.T.);
#2130=ORIENTED_EDGE('',*,*,#1487,.F.);
#2131=ORIENTED_EDGE('',*,*,#1490,.F.);
#2132=ORIENTED_EDGE('',*,*,#1623,.T.);
#2133=ORIENTED_EDGE('',*,*,#1477,.T.);
#2134=ORIENTED_EDGE('',*,*,#1480,.T.);
#2135=ORIENTED_EDGE('',*,*,#1516,.T.);
#2136=ORIENTED_EDGE('',*,*,#1467,.F.);
#2137=ORIENTED_EDGE('',*,*,#1470,.F.);
#2138=ORIENTED_EDGE('',*,*,#1621,.T.);
#2139=ORIENTED_EDGE('',*,*,#1624,.T.);
#2140=ORIENTED_EDGE('',*,*,#1625,.T.);
#2141=ORIENTED_EDGE('',*,*,#1532,.T.);
#2142=ORIENTED_EDGE('',*,*,#1624,.F.);
#2143=ORIENTED_EDGE('',*,*,#1620,.F.);
#2144=ORIENTED_EDGE('',*,*,#1626,.F.);
#2145=ORIENTED_EDGE('',*,*,#1627,.T.);
#2146=ORIENTED_EDGE('',*,*,#1617,.T.);
#2147=ORIENTED_EDGE('',*,*,#1628,.T.);
#2148=ORIENTED_EDGE('',*,*,#1629,.T.);
#2149=ORIENTED_EDGE('',*,*,#1630,.T.);
#2150=ORIENTED_EDGE('',*,*,#1630,.F.);
#2151=ORIENTED_EDGE('',*,*,#1631,.T.);
#2152=ORIENTED_EDGE('',*,*,#1632,.F.);
#2153=ORIENTED_EDGE('',*,*,#1618,.F.);
#2154=ORIENTED_EDGE('',*,*,#1633,.T.);
#2155=ORIENTED_EDGE('',*,*,#1634,.F.);
#2156=ORIENTED_EDGE('',*,*,#1635,.T.);
#2157=ORIENTED_EDGE('',*,*,#1636,.F.);
#2158=ORIENTED_EDGE('',*,*,#1637,.T.);
#2159=ORIENTED_EDGE('',*,*,#1638,.F.);
#2160=ORIENTED_EDGE('',*,*,#1639,.T.);
#2161=ORIENTED_EDGE('',*,*,#1640,.F.);
#2162=ORIENTED_EDGE('',*,*,#1619,.T.);
#2163=ORIENTED_EDGE('',*,*,#1632,.T.);
#2164=ORIENTED_EDGE('',*,*,#1641,.T.);
#2165=ORIENTED_EDGE('',*,*,#1626,.T.);
#2166=ORIENTED_EDGE('',*,*,#1642,.T.);
#2167=ORIENTED_EDGE('',*,*,#1643,.T.);
#2168=ORIENTED_EDGE('',*,*,#1638,.T.);
#2169=ORIENTED_EDGE('',*,*,#1644,.T.);
#2170=ORIENTED_EDGE('',*,*,#1643,.F.);
#2171=ORIENTED_EDGE('',*,*,#1645,.F.);
#2172=ORIENTED_EDGE('',*,*,#1646,.F.);
#2173=ORIENTED_EDGE('',*,*,#1639,.F.);
#2174=ORIENTED_EDGE('',*,*,#1647,.T.);
#2175=ORIENTED_EDGE('',*,*,#1648,.T.);
#2176=ORIENTED_EDGE('',*,*,#1640,.T.);
#2177=ORIENTED_EDGE('',*,*,#1646,.T.);
#2178=ORIENTED_EDGE('',*,*,#1648,.F.);
#2179=ORIENTED_EDGE('',*,*,#1649,.F.);
#2180=ORIENTED_EDGE('',*,*,#1650,.F.);
#2181=ORIENTED_EDGE('',*,*,#1633,.F.);
#2182=ORIENTED_EDGE('',*,*,#1651,.T.);
#2183=ORIENTED_EDGE('',*,*,#1652,.T.);
#2184=ORIENTED_EDGE('',*,*,#1634,.T.);
#2185=ORIENTED_EDGE('',*,*,#1650,.T.);
#2186=ORIENTED_EDGE('',*,*,#1652,.F.);
#2187=ORIENTED_EDGE('',*,*,#1653,.T.);
#2188=ORIENTED_EDGE('',*,*,#1514,.T.);
#2189=ORIENTED_EDGE('',*,*,#1654,.T.);
#2190=ORIENTED_EDGE('',*,*,#1502,.T.);
#2191=ORIENTED_EDGE('',*,*,#1655,.T.);
#2192=ORIENTED_EDGE('',*,*,#1656,.F.);
#2193=ORIENTED_EDGE('',*,*,#1635,.F.);
#2194=ORIENTED_EDGE('',*,*,#1657,.T.);
#2195=ORIENTED_EDGE('',*,*,#1658,.T.);
#2196=ORIENTED_EDGE('',*,*,#1636,.T.);
#2197=ORIENTED_EDGE('',*,*,#1656,.T.);
#2198=ORIENTED_EDGE('',*,*,#1644,.F.);
#2199=ORIENTED_EDGE('',*,*,#1637,.F.);
#2200=ORIENTED_EDGE('',*,*,#1658,.F.);
#2201=ORIENTED_EDGE('',*,*,#1659,.F.);
#2202=ORIENTED_EDGE('',*,*,#1589,.T.);
#2203=ORIENTED_EDGE('',*,*,#1660,.T.);
#2204=ORIENTED_EDGE('',*,*,#1661,.T.);
#2205=ORIENTED_EDGE('',*,*,#1662,.T.);
#2206=ORIENTED_EDGE('',*,*,#1588,.T.);
#2207=ORIENTED_EDGE('',*,*,#1663,.F.);
#2208=ORIENTED_EDGE('',*,*,#1664,.F.);
#2209=ORIENTED_EDGE('',*,*,#1660,.F.);
#2210=ORIENTED_EDGE('',*,*,#1586,.T.);
#2211=ORIENTED_EDGE('',*,*,#1593,.F.);
#2212=ORIENTED_EDGE('',*,*,#1665,.F.);
#2213=ORIENTED_EDGE('',*,*,#1666,.F.);
#2214=ORIENTED_EDGE('',*,*,#1579,.T.);
#2215=ORIENTED_EDGE('',*,*,#1667,.T.);
#2216=ORIENTED_EDGE('',*,*,#1668,.T.);
#2217=ORIENTED_EDGE('',*,*,#1602,.T.);
#2218=ORIENTED_EDGE('',*,*,#1587,.T.);
#2219=ORIENTED_EDGE('',*,*,#1666,.T.);
#2220=ORIENTED_EDGE('',*,*,#1669,.T.);
#2221=ORIENTED_EDGE('',*,*,#1663,.T.);
#2222=ORIENTED_EDGE('',*,*,#1576,.T.);
#2223=ORIENTED_EDGE('',*,*,#1606,.F.);
#2224=ORIENTED_EDGE('',*,*,#1670,.F.);
#2225=ORIENTED_EDGE('',*,*,#1671,.F.);
#2226=ORIENTED_EDGE('',*,*,#1571,.T.);
#2227=ORIENTED_EDGE('',*,*,#1672,.T.);
#2228=ORIENTED_EDGE('',*,*,#1673,.T.);
#2229=ORIENTED_EDGE('',*,*,#1611,.T.);
#2230=ORIENTED_EDGE('',*,*,#1577,.T.);
#2231=ORIENTED_EDGE('',*,*,#1671,.T.);
#2232=ORIENTED_EDGE('',*,*,#1674,.T.);
#2233=ORIENTED_EDGE('',*,*,#1675,.T.);
#2234=ORIENTED_EDGE('',*,*,#1478,.T.);
#2235=ORIENTED_EDGE('',*,*,#1623,.F.);
#2236=ORIENTED_EDGE('',*,*,#1489,.T.);
#2237=ORIENTED_EDGE('',*,*,#1484,.F.);
#2238=ORIENTED_EDGE('',*,*,#1455,.T.);
#2239=ORIENTED_EDGE('',*,*,#1503,.F.);
#2240=ORIENTED_EDGE('',*,*,#1654,.F.);
#2241=ORIENTED_EDGE('',*,*,#1513,.T.);
#2242=ORIENTED_EDGE('',*,*,#1458,.T.);
#2243=ORIENTED_EDGE('',*,*,#1473,.F.);
#2244=ORIENTED_EDGE('',*,*,#1676,.T.);
#2245=ORIENTED_EDGE('',*,*,#1677,.T.);
#2246=ORIENTED_EDGE('',*,*,#1678,.T.);
#2247=ORIENTED_EDGE('',*,*,#1679,.T.);
#2248=ORIENTED_EDGE('',*,*,#1680,.T.);
#2249=ORIENTED_EDGE('',*,*,#1681,.T.);
#2250=ORIENTED_EDGE('',*,*,#1682,.T.);
#2251=ORIENTED_EDGE('',*,*,#1683,.T.);
#2252=ORIENTED_EDGE('',*,*,#1684,.T.);
#2253=ORIENTED_EDGE('',*,*,#1674,.F.);
#2254=ORIENTED_EDGE('',*,*,#1670,.T.);
#2255=ORIENTED_EDGE('',*,*,#1605,.F.);
#2256=ORIENTED_EDGE('',*,*,#1608,.T.);
#2257=ORIENTED_EDGE('',*,*,#1610,.F.);
#2258=ORIENTED_EDGE('',*,*,#1612,.T.);
#2259=ORIENTED_EDGE('',*,*,#1673,.F.);
#2260=ORIENTED_EDGE('',*,*,#1685,.T.);
#2261=ORIENTED_EDGE('',*,*,#1661,.F.);
#2262=ORIENTED_EDGE('',*,*,#1664,.T.);
#2263=ORIENTED_EDGE('',*,*,#1669,.F.);
#2264=ORIENTED_EDGE('',*,*,#1665,.T.);
#2265=ORIENTED_EDGE('',*,*,#1592,.F.);
#2266=ORIENTED_EDGE('',*,*,#1595,.T.);
#2267=ORIENTED_EDGE('',*,*,#1597,.F.);
#2268=ORIENTED_EDGE('',*,*,#1599,.T.);
#2269=ORIENTED_EDGE('',*,*,#1601,.F.);
#2270=ORIENTED_EDGE('',*,*,#1603,.T.);
#2271=ORIENTED_EDGE('',*,*,#1668,.F.);
#2272=ORIENTED_EDGE('',*,*,#1686,.T.);
#2273=ORIENTED_EDGE('',*,*,#1687,.F.);
#2274=ORIENTED_EDGE('',*,*,#1688,.T.);
#2275=ORIENTED_EDGE('',*,*,#1563,.F.);
#2276=ORIENTED_EDGE('',*,*,#1566,.T.);
#2277=ORIENTED_EDGE('',*,*,#1568,.F.);
#2278=ORIENTED_EDGE('',*,*,#1570,.T.);
#2279=ORIENTED_EDGE('',*,*,#1689,.F.);
#2280=ORIENTED_EDGE('',*,*,#1554,.T.);
#2281=ORIENTED_EDGE('',*,*,#1690,.T.);
#2282=ORIENTED_EDGE('',*,*,#1689,.T.);
#2283=ORIENTED_EDGE('',*,*,#1569,.T.);
#2284=ORIENTED_EDGE('',*,*,#1561,.T.);
#2285=ORIENTED_EDGE('',*,*,#1691,.F.);
#2286=ORIENTED_EDGE('',*,*,#1686,.F.);
#2287=ORIENTED_EDGE('',*,*,#1690,.F.);
#2288=ORIENTED_EDGE('',*,*,#1560,.T.);
#2289=ORIENTED_EDGE('',*,*,#1692,.T.);
#2290=ORIENTED_EDGE('',*,*,#1687,.T.);
#2291=ORIENTED_EDGE('',*,*,#1691,.T.);
#2292=ORIENTED_EDGE('',*,*,#1559,.T.);
#2293=ORIENTED_EDGE('',*,*,#1564,.F.);
#2294=ORIENTED_EDGE('',*,*,#1688,.F.);
#2295=ORIENTED_EDGE('',*,*,#1692,.F.);
#2296=ORIENTED_EDGE('',*,*,#1578,.T.);
#2297=ORIENTED_EDGE('',*,*,#1675,.F.);
#2298=ORIENTED_EDGE('',*,*,#1684,.F.);
#2299=ORIENTED_EDGE('',*,*,#1672,.F.);
#2300=ORIENTED_EDGE('',*,*,#1693,.T.);
#2301=ORIENTED_EDGE('',*,*,#1694,.T.);
#2302=ORIENTED_EDGE('',*,*,#1695,.T.);
#2303=ORIENTED_EDGE('',*,*,#1545,.T.);
#2304=ORIENTED_EDGE('',*,*,#1694,.F.);
#2305=ORIENTED_EDGE('',*,*,#1696,.F.);
#2306=ORIENTED_EDGE('',*,*,#1697,.T.);
#2307=ORIENTED_EDGE('',*,*,#1678,.F.);
#2308=ORIENTED_EDGE('',*,*,#1698,.F.);
#2309=ORIENTED_EDGE('',*,*,#1699,.F.);
#2310=ORIENTED_EDGE('',*,*,#1700,.T.);
#2311=ORIENTED_EDGE('',*,*,#1701,.T.);
#2312=ORIENTED_EDGE('',*,*,#1702,.T.);
#2313=ORIENTED_EDGE('',*,*,#1541,.T.);
#2314=ORIENTED_EDGE('',*,*,#1701,.F.);
#2315=ORIENTED_EDGE('',*,*,#1703,.F.);
#2316=ORIENTED_EDGE('',*,*,#1704,.T.);
#2317=ORIENTED_EDGE('',*,*,#1680,.F.);
#2318=ORIENTED_EDGE('',*,*,#1705,.F.);
#2319=ORIENTED_EDGE('',*,*,#1706,.F.);
#2320=ORIENTED_EDGE('',*,*,#1707,.T.);
#2321=ORIENTED_EDGE('',*,*,#1708,.T.);
#2322=ORIENTED_EDGE('',*,*,#1709,.T.);
#2323=ORIENTED_EDGE('',*,*,#1710,.T.);
#2324=ORIENTED_EDGE('',*,*,#1708,.F.);
#2325=ORIENTED_EDGE('',*,*,#1711,.F.);
#2326=ORIENTED_EDGE('',*,*,#1712,.T.);
#2327=ORIENTED_EDGE('',*,*,#1508,.F.);
#2328=ORIENTED_EDGE('',*,*,#1713,.F.);
#2329=ORIENTED_EDGE('',*,*,#1714,.F.);
#2330=ORIENTED_EDGE('',*,*,#1715,.T.);
#2331=ORIENTED_EDGE('',*,*,#1716,.T.);
#2332=ORIENTED_EDGE('',*,*,#1717,.T.);
#2333=ORIENTED_EDGE('',*,*,#1718,.T.);
#2334=ORIENTED_EDGE('',*,*,#1716,.F.);
#2335=ORIENTED_EDGE('',*,*,#1719,.F.);
#2336=ORIENTED_EDGE('',*,*,#1720,.T.);
#2337=ORIENTED_EDGE('',*,*,#1511,.F.);
#2338=ORIENTED_EDGE('',*,*,#1721,.F.);
#2339=ORIENTED_EDGE('',*,*,#1722,.F.);
#2340=ORIENTED_EDGE('',*,*,#1723,.T.);
#2341=ORIENTED_EDGE('',*,*,#1724,.T.);
#2342=ORIENTED_EDGE('',*,*,#1725,.T.);
#2343=ORIENTED_EDGE('',*,*,#1539,.T.);
#2344=ORIENTED_EDGE('',*,*,#1724,.F.);
#2345=ORIENTED_EDGE('',*,*,#1726,.T.);
#2346=ORIENTED_EDGE('',*,*,#1682,.F.);
#2347=ORIENTED_EDGE('',*,*,#1727,.F.);
#2348=ORIENTED_EDGE('',*,*,#1728,.T.);
#2349=ORIENTED_EDGE('',*,*,#1729,.T.);
#2350=ORIENTED_EDGE('',*,*,#1730,.T.);
#2351=ORIENTED_EDGE('',*,*,#1543,.T.);
#2352=ORIENTED_EDGE('',*,*,#1729,.F.);
#2353=ORIENTED_EDGE('',*,*,#1731,.T.);
#2354=ORIENTED_EDGE('',*,*,#1676,.F.);
#2355=ORIENTED_EDGE('',*,*,#1732,.F.);
#2356=ORIENTED_EDGE('',*,*,#1733,.T.);
#2357=ORIENTED_EDGE('',*,*,#1734,.T.);
#2358=ORIENTED_EDGE('',*,*,#1735,.T.);
#2359=ORIENTED_EDGE('',*,*,#1736,.T.);
#2360=ORIENTED_EDGE('',*,*,#1734,.F.);
#2361=ORIENTED_EDGE('',*,*,#1737,.T.);
#2362=ORIENTED_EDGE('',*,*,#1509,.F.);
#2363=ORIENTED_EDGE('',*,*,#1738,.F.);
#2364=ORIENTED_EDGE('',*,*,#1739,.T.);
#2365=ORIENTED_EDGE('',*,*,#1740,.T.);
#2366=ORIENTED_EDGE('',*,*,#1741,.T.);
#2367=ORIENTED_EDGE('',*,*,#1742,.T.);
#2368=ORIENTED_EDGE('',*,*,#1740,.F.);
#2369=ORIENTED_EDGE('',*,*,#1743,.T.);
#2370=ORIENTED_EDGE('',*,*,#1506,.F.);
#2371=ORIENTED_EDGE('',*,*,#1744,.F.);
#2372=ORIENTED_EDGE('',*,*,#1745,.T.);
#2373=ORIENTED_EDGE('',*,*,#1719,.T.);
#2374=ORIENTED_EDGE('',*,*,#1715,.F.);
#2375=ORIENTED_EDGE('',*,*,#1746,.T.);
#2376=ORIENTED_EDGE('',*,*,#1735,.F.);
#2377=ORIENTED_EDGE('',*,*,#1745,.F.);
#2378=ORIENTED_EDGE('',*,*,#1738,.T.);
#2379=ORIENTED_EDGE('',*,*,#1512,.F.);
#2380=ORIENTED_EDGE('',*,*,#1720,.F.);
#2381=ORIENTED_EDGE('',*,*,#1714,.T.);
#2382=ORIENTED_EDGE('',*,*,#1747,.T.);
#2383=ORIENTED_EDGE('',*,*,#1739,.F.);
#2384=ORIENTED_EDGE('',*,*,#1748,.T.);
#2385=ORIENTED_EDGE('',*,*,#1709,.F.);
#2386=ORIENTED_EDGE('',*,*,#1747,.F.);
#2387=ORIENTED_EDGE('',*,*,#1713,.T.);
#2388=ORIENTED_EDGE('',*,*,#1507,.F.);
#2389=ORIENTED_EDGE('',*,*,#1743,.F.);
#2390=ORIENTED_EDGE('',*,*,#1749,.T.);
#2391=ORIENTED_EDGE('',*,*,#1711,.T.);
#2392=ORIENTED_EDGE('',*,*,#1707,.F.);
#2393=ORIENTED_EDGE('',*,*,#1750,.T.);
#2394=ORIENTED_EDGE('',*,*,#1741,.F.);
#2395=ORIENTED_EDGE('',*,*,#1749,.F.);
#2396=ORIENTED_EDGE('',*,*,#1744,.T.);
#2397=ORIENTED_EDGE('',*,*,#1505,.F.);
#2398=ORIENTED_EDGE('',*,*,#1712,.F.);
#2399=ORIENTED_EDGE('',*,*,#1722,.T.);
#2400=ORIENTED_EDGE('',*,*,#1751,.T.);
#2401=ORIENTED_EDGE('',*,*,#1733,.F.);
#2402=ORIENTED_EDGE('',*,*,#1752,.T.);
#2403=ORIENTED_EDGE('',*,*,#1717,.F.);
#2404=ORIENTED_EDGE('',*,*,#1751,.F.);
#2405=ORIENTED_EDGE('',*,*,#1721,.T.);
#2406=ORIENTED_EDGE('',*,*,#1510,.F.);
#2407=ORIENTED_EDGE('',*,*,#1737,.F.);
#2408=ORIENTED_EDGE('',*,*,#1699,.T.);
#2409=ORIENTED_EDGE('',*,*,#1753,.T.);
#2410=ORIENTED_EDGE('',*,*,#1728,.F.);
#2411=ORIENTED_EDGE('',*,*,#1542,.T.);
#2412=ORIENTED_EDGE('',*,*,#1695,.F.);
#2413=ORIENTED_EDGE('',*,*,#1753,.F.);
#2414=ORIENTED_EDGE('',*,*,#1698,.T.);
#2415=ORIENTED_EDGE('',*,*,#1677,.F.);
#2416=ORIENTED_EDGE('',*,*,#1731,.F.);
#2417=ORIENTED_EDGE('',*,*,#1754,.T.);
#2418=ORIENTED_EDGE('',*,*,#1703,.T.);
#2419=ORIENTED_EDGE('',*,*,#1700,.F.);
#2420=ORIENTED_EDGE('',*,*,#1540,.T.);
#2421=ORIENTED_EDGE('',*,*,#1725,.F.);
#2422=ORIENTED_EDGE('',*,*,#1754,.F.);
#2423=ORIENTED_EDGE('',*,*,#1727,.T.);
#2424=ORIENTED_EDGE('',*,*,#1681,.F.);
#2425=ORIENTED_EDGE('',*,*,#1704,.F.);
#2426=ORIENTED_EDGE('',*,*,#1706,.T.);
#2427=ORIENTED_EDGE('',*,*,#1755,.T.);
#2428=ORIENTED_EDGE('',*,*,#1723,.F.);
#2429=ORIENTED_EDGE('',*,*,#1538,.T.);
#2430=ORIENTED_EDGE('',*,*,#1702,.F.);
#2431=ORIENTED_EDGE('',*,*,#1755,.F.);
#2432=ORIENTED_EDGE('',*,*,#1705,.T.);
#2433=ORIENTED_EDGE('',*,*,#1683,.F.);
#2434=ORIENTED_EDGE('',*,*,#1726,.F.);
#2435=ORIENTED_EDGE('',*,*,#1756,.T.);
#2436=ORIENTED_EDGE('',*,*,#1696,.T.);
#2437=ORIENTED_EDGE('',*,*,#1693,.F.);
#2438=ORIENTED_EDGE('',*,*,#1544,.T.);
#2439=ORIENTED_EDGE('',*,*,#1730,.F.);
#2440=ORIENTED_EDGE('',*,*,#1756,.F.);
#2441=ORIENTED_EDGE('',*,*,#1732,.T.);
#2442=ORIENTED_EDGE('',*,*,#1679,.F.);
#2443=ORIENTED_EDGE('',*,*,#1697,.F.);
#2444=ORIENTED_EDGE('',*,*,#1590,.T.);
#2445=ORIENTED_EDGE('',*,*,#1662,.F.);
#2446=ORIENTED_EDGE('',*,*,#1685,.F.);
#2447=ORIENTED_EDGE('',*,*,#1667,.F.);
#2448=ORIENTED_EDGE('',*,*,#1498,.T.);
#2449=ORIENTED_EDGE('',*,*,#1622,.F.);
#2450=ORIENTED_EDGE('',*,*,#1469,.T.);
#2451=ORIENTED_EDGE('',*,*,#1464,.F.);
#2452=ORIENTED_EDGE('',*,*,#1439,.T.);
#2453=ORIENTED_EDGE('',*,*,#1515,.F.);
#2454=ORIENTED_EDGE('',*,*,#1653,.F.);
#2455=ORIENTED_EDGE('',*,*,#1651,.F.);
#2456=ORIENTED_EDGE('',*,*,#1649,.T.);
#2457=ORIENTED_EDGE('',*,*,#1647,.F.);
#2458=ORIENTED_EDGE('',*,*,#1645,.T.);
#2459=ORIENTED_EDGE('',*,*,#1642,.F.);
#2460=ORIENTED_EDGE('',*,*,#1659,.T.);
#2461=ORIENTED_EDGE('',*,*,#1657,.F.);
#2462=ORIENTED_EDGE('',*,*,#1655,.F.);
#2463=ORIENTED_EDGE('',*,*,#1501,.T.);
#2464=ORIENTED_EDGE('',*,*,#1434,.T.);
#2465=ORIENTED_EDGE('',*,*,#1493,.F.);
#2466=ORIENTED_EDGE('',*,*,#1615,.F.);
#2467=ORIENTED_EDGE('',*,*,#1757,.T.);
#2468=ORIENTED_EDGE('',*,*,#1628,.F.);
#2469=ORIENTED_EDGE('',*,*,#1616,.F.);
#2470=ORIENTED_EDGE('',*,*,#1748,.F.);
#2471=ORIENTED_EDGE('',*,*,#1742,.F.);
#2472=ORIENTED_EDGE('',*,*,#1750,.F.);
#2473=ORIENTED_EDGE('',*,*,#1710,.F.);
#2474=ORIENTED_EDGE('',*,*,#1752,.F.);
#2475=ORIENTED_EDGE('',*,*,#1736,.F.);
#2476=ORIENTED_EDGE('',*,*,#1746,.F.);
#2477=ORIENTED_EDGE('',*,*,#1718,.F.);
#2478=ORIENTED_EDGE('',*,*,#1614,.F.);
#2479=ORIENTED_EDGE('',*,*,#1529,.F.);
#2480=ORIENTED_EDGE('',*,*,#1527,.F.);
#2481=ORIENTED_EDGE('',*,*,#1533,.F.);
#2482=ORIENTED_EDGE('',*,*,#1625,.F.);
#2483=ORIENTED_EDGE('',*,*,#1627,.F.);
#2484=ORIENTED_EDGE('',*,*,#1641,.F.);
#2485=ORIENTED_EDGE('',*,*,#1631,.F.);
#2486=ORIENTED_EDGE('',*,*,#1629,.F.);
#2487=ORIENTED_EDGE('',*,*,#1757,.F.);
#2488=ORIENTED_EDGE('',*,*,#1758,.T.);
#2489=ORIENTED_EDGE('',*,*,#1759,.T.);
#2490=ORIENTED_EDGE('',*,*,#1760,.T.);
#2491=ORIENTED_EDGE('',*,*,#1759,.F.);
#2492=ORIENTED_EDGE('',*,*,#1761,.F.);
#2493=ORIENTED_EDGE('',*,*,#1762,.T.);
#2494=ORIENTED_EDGE('',*,*,#1763,.F.);
#2495=ORIENTED_EDGE('',*,*,#1764,.T.);
#2496=ORIENTED_EDGE('',*,*,#1765,.F.);
#2497=ORIENTED_EDGE('',*,*,#1766,.T.);
#2498=ORIENTED_EDGE('',*,*,#1767,.F.);
#2499=ORIENTED_EDGE('',*,*,#1768,.T.);
#2500=ORIENTED_EDGE('',*,*,#1769,.F.);
#2501=ORIENTED_EDGE('',*,*,#1770,.F.);
#2502=ORIENTED_EDGE('',*,*,#1771,.F.);
#2503=ORIENTED_EDGE('',*,*,#1758,.F.);
#2504=ORIENTED_EDGE('',*,*,#1772,.F.);
#2505=ORIENTED_EDGE('',*,*,#1773,.T.);
#2506=ORIENTED_EDGE('',*,*,#1760,.F.);
#2507=ORIENTED_EDGE('',*,*,#1773,.F.);
#2508=ORIENTED_EDGE('',*,*,#1769,.T.);
#2509=ORIENTED_EDGE('',*,*,#1774,.T.);
#2510=ORIENTED_EDGE('',*,*,#1775,.T.);
#2511=ORIENTED_EDGE('',*,*,#1774,.F.);
#2512=ORIENTED_EDGE('',*,*,#1776,.F.);
#2513=ORIENTED_EDGE('',*,*,#1777,.T.);
#2514=ORIENTED_EDGE('',*,*,#1775,.F.);
#2515=ORIENTED_EDGE('',*,*,#1777,.F.);
#2516=ORIENTED_EDGE('',*,*,#1771,.T.);
#2517=ORIENTED_EDGE('',*,*,#1778,.T.);
#2518=ORIENTED_EDGE('',*,*,#1779,.T.);
#2519=ORIENTED_EDGE('',*,*,#1778,.F.);
#2520=ORIENTED_EDGE('',*,*,#1780,.F.);
#2521=ORIENTED_EDGE('',*,*,#1781,.T.);
#2522=ORIENTED_EDGE('',*,*,#1779,.F.);
#2523=ORIENTED_EDGE('',*,*,#1781,.F.);
#2524=ORIENTED_EDGE('',*,*,#1770,.T.);
#2525=ORIENTED_EDGE('',*,*,#1782,.T.);
#2526=ORIENTED_EDGE('',*,*,#1783,.T.);
#2527=ORIENTED_EDGE('',*,*,#1782,.F.);
#2528=ORIENTED_EDGE('',*,*,#1784,.F.);
#2529=ORIENTED_EDGE('',*,*,#1785,.T.);
#2530=ORIENTED_EDGE('',*,*,#1783,.F.);
#2531=ORIENTED_EDGE('',*,*,#1785,.F.);
#2532=ORIENTED_EDGE('',*,*,#1761,.T.);
#2533=ORIENTED_EDGE('',*,*,#1786,.T.);
#2534=ORIENTED_EDGE('',*,*,#1787,.T.);
#2535=ORIENTED_EDGE('',*,*,#1788,.T.);
#2536=ORIENTED_EDGE('',*,*,#1788,.F.);
#2537=ORIENTED_EDGE('',*,*,#1789,.F.);
#2538=ORIENTED_EDGE('',*,*,#1790,.F.);
#2539=ORIENTED_EDGE('',*,*,#1762,.F.);
#2540=ORIENTED_EDGE('',*,*,#1787,.F.);
#2541=ORIENTED_EDGE('',*,*,#1791,.T.);
#2542=ORIENTED_EDGE('',*,*,#1792,.F.);
#2543=ORIENTED_EDGE('',*,*,#1793,.T.);
#2544=ORIENTED_EDGE('',*,*,#1794,.F.);
#2545=ORIENTED_EDGE('',*,*,#1795,.T.);
#2546=ORIENTED_EDGE('',*,*,#1796,.F.);
#2547=ORIENTED_EDGE('',*,*,#1789,.T.);
#2548=ORIENTED_EDGE('',*,*,#1776,.T.);
#2549=ORIENTED_EDGE('',*,*,#1772,.T.);
#2550=ORIENTED_EDGE('',*,*,#1784,.T.);
#2551=ORIENTED_EDGE('',*,*,#1780,.T.);
#2552=ORIENTED_EDGE('',*,*,#1767,.T.);
#2553=ORIENTED_EDGE('',*,*,#1797,.T.);
#2554=ORIENTED_EDGE('',*,*,#1792,.T.);
#2555=ORIENTED_EDGE('',*,*,#1798,.T.);
#2556=ORIENTED_EDGE('',*,*,#1797,.F.);
#2557=ORIENTED_EDGE('',*,*,#1766,.F.);
#2558=ORIENTED_EDGE('',*,*,#1799,.F.);
#2559=ORIENTED_EDGE('',*,*,#1793,.F.);
#2560=ORIENTED_EDGE('',*,*,#1765,.T.);
#2561=ORIENTED_EDGE('',*,*,#1800,.T.);
#2562=ORIENTED_EDGE('',*,*,#1794,.T.);
#2563=ORIENTED_EDGE('',*,*,#1799,.T.);
#2564=ORIENTED_EDGE('',*,*,#1763,.T.);
#2565=ORIENTED_EDGE('',*,*,#1790,.T.);
#2566=ORIENTED_EDGE('',*,*,#1796,.T.);
#2567=ORIENTED_EDGE('',*,*,#1801,.T.);
#2568=ORIENTED_EDGE('',*,*,#1786,.F.);
#2569=ORIENTED_EDGE('',*,*,#1768,.F.);
#2570=ORIENTED_EDGE('',*,*,#1798,.F.);
#2571=ORIENTED_EDGE('',*,*,#1791,.F.);
#2572=ORIENTED_EDGE('',*,*,#1800,.F.);
#2573=ORIENTED_EDGE('',*,*,#1764,.F.);
#2574=ORIENTED_EDGE('',*,*,#1801,.F.);
#2575=ORIENTED_EDGE('',*,*,#1795,.F.);
#2576=ORIENTED_EDGE('',*,*,#1802,.F.);
#2577=ORIENTED_EDGE('',*,*,#1803,.F.);
#2578=ORIENTED_EDGE('',*,*,#1804,.F.);
#2579=ORIENTED_EDGE('',*,*,#1805,.F.);
#2580=ORIENTED_EDGE('',*,*,#1803,.T.);
#2581=ORIENTED_EDGE('',*,*,#1806,.T.);
#2582=ORIENTED_EDGE('',*,*,#1807,.F.);
#2583=ORIENTED_EDGE('',*,*,#1808,.F.);
#2584=ORIENTED_EDGE('',*,*,#1802,.T.);
#2585=ORIENTED_EDGE('',*,*,#1809,.T.);
#2586=ORIENTED_EDGE('',*,*,#1810,.F.);
#2587=ORIENTED_EDGE('',*,*,#1806,.F.);
#2588=ORIENTED_EDGE('',*,*,#1804,.T.);
#2589=ORIENTED_EDGE('',*,*,#1808,.T.);
#2590=ORIENTED_EDGE('',*,*,#1811,.F.);
#2591=ORIENTED_EDGE('',*,*,#1812,.F.);
#2592=ORIENTED_EDGE('',*,*,#1805,.T.);
#2593=ORIENTED_EDGE('',*,*,#1812,.T.);
#2594=ORIENTED_EDGE('',*,*,#1813,.F.);
#2595=ORIENTED_EDGE('',*,*,#1809,.F.);
#2596=ORIENTED_EDGE('',*,*,#1810,.T.);
#2597=ORIENTED_EDGE('',*,*,#1813,.T.);
#2598=ORIENTED_EDGE('',*,*,#1811,.T.);
#2599=ORIENTED_EDGE('',*,*,#1807,.T.);
#2600=CYLINDRICAL_SURFACE('',#2790,0.999999999999996);
#2601=CYLINDRICAL_SURFACE('',#2796,1.00000000000001);
#2602=CYLINDRICAL_SURFACE('',#2804,0.999999999999996);
#2603=CYLINDRICAL_SURFACE('',#2810,1.);
#2604=CYLINDRICAL_SURFACE('',#2850,1.);
#2605=CYLINDRICAL_SURFACE('',#2853,1.);
#2606=CYLINDRICAL_SURFACE('',#2867,1.);
#2607=CYLINDRICAL_SURFACE('',#2870,1.);
#2608=CYLINDRICAL_SURFACE('',#2873,1.);
#2609=CYLINDRICAL_SURFACE('',#2876,1.);
#2610=CYLINDRICAL_SURFACE('',#2879,1.);
#2611=CYLINDRICAL_SURFACE('',#2882,2.);
#2612=CYLINDRICAL_SURFACE('',#2889,2.);
#2613=CYLINDRICAL_SURFACE('',#2892,2.);
#2614=CYLINDRICAL_SURFACE('',#2899,2.);
#2615=CYLINDRICAL_SURFACE('',#2901,1.);
#2616=CYLINDRICAL_SURFACE('',#2904,1.);
#2617=CYLINDRICAL_SURFACE('',#2907,1.);
#2618=CYLINDRICAL_SURFACE('',#2910,1.);
#2619=CYLINDRICAL_SURFACE('',#2913,1.);
#2620=CYLINDRICAL_SURFACE('',#2917,1.);
#2621=CYLINDRICAL_SURFACE('',#2919,1.);
#2622=CYLINDRICAL_SURFACE('',#2922,1.);
#2623=CYLINDRICAL_SURFACE('',#2924,1.);
#2624=CYLINDRICAL_SURFACE('',#2929,1.);
#2625=CYLINDRICAL_SURFACE('',#2931,1.);
#2626=CYLINDRICAL_SURFACE('',#2981,0.999999999999996);
#2627=CYLINDRICAL_SURFACE('',#2985,0.999999999999996);
#2628=CYLINDRICAL_SURFACE('',#2989,1.);
#2629=CYLINDRICAL_SURFACE('',#2993,1.00000000000001);
#2630=CYLINDRICAL_SURFACE('',#2995,2.);
#2631=CYLINDRICAL_SURFACE('',#3002,2.);
#2632=CYLINDRICAL_SURFACE('',#3004,2.);
#2633=CYLINDRICAL_SURFACE('',#3005,2.);
#2634=ADVANCED_FACE('',(#154),#2600,.F.);
#2635=ADVANCED_FACE('',(#155),#2601,.F.);
#2636=ADVANCED_FACE('',(#156),#52,.T.);
#2637=ADVANCED_FACE('',(#157),#53,.T.);
#2638=ADVANCED_FACE('',(#158),#2602,.F.);
#2639=ADVANCED_FACE('',(#159),#2603,.F.);
#2640=ADVANCED_FACE('',(#160),#54,.T.);
#2641=ADVANCED_FACE('',(#161),#55,.T.);
#2642=ADVANCED_FACE('',(#162),#56,.T.);
#2643=ADVANCED_FACE('',(#163),#57,.T.);
#2644=ADVANCED_FACE('',(#164),#58,.T.);
#2645=ADVANCED_FACE('',(#165),#59,.T.);
#2646=ADVANCED_FACE('',(#166),#60,.T.);
#2647=ADVANCED_FACE('',(#167),#61,.T.);
#2648=ADVANCED_FACE('',(#168),#62,.T.);
#2649=ADVANCED_FACE('',(#169),#63,.T.);
#2650=ADVANCED_FACE('',(#170),#64,.T.);
#2651=ADVANCED_FACE('',(#171),#65,.T.);
#2652=ADVANCED_FACE('',(#172),#66,.T.);
#2653=ADVANCED_FACE('',(#173),#67,.T.);
#2654=ADVANCED_FACE('',(#174),#68,.T.);
#2655=ADVANCED_FACE('',(#175),#69,.T.);
#2656=ADVANCED_FACE('',(#176),#70,.T.);
#2657=ADVANCED_FACE('',(#177),#71,.T.);
#2658=ADVANCED_FACE('',(#178,#23,#24),#72,.F.);
#2659=ADVANCED_FACE('',(#179),#73,.F.);
#2660=ADVANCED_FACE('',(#180),#74,.T.);
#2661=ADVANCED_FACE('',(#181),#75,.T.);
#2662=ADVANCED_FACE('',(#182),#76,.T.);
#2663=ADVANCED_FACE('',(#183),#77,.T.);
#2664=ADVANCED_FACE('',(#184,#25,#26,#27),#78,.T.);
#2665=ADVANCED_FACE('',(#185),#79,.T.);
#2666=ADVANCED_FACE('',(#186),#80,.T.);
#2667=ADVANCED_FACE('',(#187),#81,.T.);
#2668=ADVANCED_FACE('',(#188),#82,.T.);
#2669=ADVANCED_FACE('',(#189,#28),#83,.T.);
#2670=ADVANCED_FACE('',(#190),#2604,.F.);
#2671=ADVANCED_FACE('',(#191),#84,.F.);
#2672=ADVANCED_FACE('',(#192),#2605,.F.);
#2673=ADVANCED_FACE('',(#193),#85,.F.);
#2674=ADVANCED_FACE('',(#194,#29,#30),#86,.T.);
#2675=ADVANCED_FACE('',(#195),#2606,.F.);
#2676=ADVANCED_FACE('',(#196),#87,.F.);
#2677=ADVANCED_FACE('',(#197),#2607,.F.);
#2678=ADVANCED_FACE('',(#198),#88,.F.);
#2679=ADVANCED_FACE('',(#199),#2608,.F.);
#2680=ADVANCED_FACE('',(#200),#89,.F.);
#2681=ADVANCED_FACE('',(#201),#2609,.F.);
#2682=ADVANCED_FACE('',(#202),#90,.F.);
#2683=ADVANCED_FACE('',(#203),#2610,.F.);
#2684=ADVANCED_FACE('',(#204),#91,.F.);
#2685=ADVANCED_FACE('',(#205),#2611,.T.);
#2686=ADVANCED_FACE('',(#206,#31,#32,#33,#34,#35),#92,.T.);
#2687=ADVANCED_FACE('',(#207),#2612,.T.);
#2688=ADVANCED_FACE('',(#208),#93,.T.);
#2689=ADVANCED_FACE('',(#209),#2613,.T.);
#2690=ADVANCED_FACE('',(#210,#36),#94,.T.);
#2691=ADVANCED_FACE('',(#211),#2614,.T.);
#2692=ADVANCED_FACE('',(#212),#2615,.F.);
#2693=ADVANCED_FACE('',(#213),#95,.F.);
#2694=ADVANCED_FACE('',(#214),#2616,.F.);
#2695=ADVANCED_FACE('',(#215),#96,.F.);
#2696=ADVANCED_FACE('',(#216),#2617,.F.);
#2697=ADVANCED_FACE('',(#217),#97,.T.);
#2698=ADVANCED_FACE('',(#218),#2618,.F.);
#2699=ADVANCED_FACE('',(#219),#98,.F.);
#2700=ADVANCED_FACE('',(#220),#2619,.F.);
#2701=ADVANCED_FACE('',(#221),#99,.F.);
#2702=ADVANCED_FACE('',(#222),#100,.F.);
#2703=ADVANCED_FACE('',(#223),#2620,.F.);
#2704=ADVANCED_FACE('',(#224),#2621,.F.);
#2705=ADVANCED_FACE('',(#225),#101,.F.);
#2706=ADVANCED_FACE('',(#226),#2622,.F.);
#2707=ADVANCED_FACE('',(#227),#2623,.F.);
#2708=ADVANCED_FACE('',(#228,#37,#38,#39,#40,#41),#102,.F.);
#2709=ADVANCED_FACE('',(#229),#2624,.F.);
#2710=ADVANCED_FACE('',(#230),#103,.F.);
#2711=ADVANCED_FACE('',(#231),#2625,.F.);
#2712=ADVANCED_FACE('',(#232),#104,.F.);
#2713=ADVANCED_FACE('',(#233),#105,.F.);
#2714=ADVANCED_FACE('',(#234),#106,.T.);
#2715=ADVANCED_FACE('',(#235),#107,.F.);
#2716=ADVANCED_FACE('',(#236),#108,.T.);
#2717=ADVANCED_FACE('',(#237),#109,.F.);
#2718=ADVANCED_FACE('',(#238),#110,.T.);
#2719=ADVANCED_FACE('',(#239),#111,.F.);
#2720=ADVANCED_FACE('',(#240),#112,.T.);
#2721=ADVANCED_FACE('',(#241),#113,.F.);
#2722=ADVANCED_FACE('',(#242),#114,.T.);
#2723=ADVANCED_FACE('',(#243),#115,.F.);
#2724=ADVANCED_FACE('',(#244),#116,.T.);
#2725=ADVANCED_FACE('',(#245),#117,.F.);
#2726=ADVANCED_FACE('',(#246),#118,.T.);
#2727=ADVANCED_FACE('',(#247),#119,.F.);
#2728=ADVANCED_FACE('',(#248),#120,.T.);
#2729=ADVANCED_FACE('',(#249),#121,.F.);
#2730=ADVANCED_FACE('',(#250),#122,.T.);
#2731=ADVANCED_FACE('',(#251),#123,.F.);
#2732=ADVANCED_FACE('',(#252),#124,.T.);
#2733=ADVANCED_FACE('',(#253),#125,.F.);
#2734=ADVANCED_FACE('',(#254),#126,.T.);
#2735=ADVANCED_FACE('',(#255),#127,.F.);
#2736=ADVANCED_FACE('',(#256),#128,.T.);
#2737=ADVANCED_FACE('',(#257),#129,.F.);
#2738=ADVANCED_FACE('',(#258),#130,.T.);
#2739=ADVANCED_FACE('',(#259),#131,.F.);
#2740=ADVANCED_FACE('',(#260),#132,.T.);
#2741=ADVANCED_FACE('',(#261),#133,.F.);
#2742=ADVANCED_FACE('',(#262),#134,.T.);
#2743=ADVANCED_FACE('',(#263),#135,.F.);
#2744=ADVANCED_FACE('',(#264),#136,.T.);
#2745=ADVANCED_FACE('',(#265),#137,.F.);
#2746=ADVANCED_FACE('',(#266),#138,.F.);
#2747=ADVANCED_FACE('',(#267),#139,.F.);
#2748=ADVANCED_FACE('',(#268,#42,#43),#140,.T.);
#2749=ADVANCED_FACE('',(#269),#141,.F.);
#2750=ADVANCED_FACE('',(#270),#13,.F.);
#2751=ADVANCED_FACE('',(#271,#44,#45,#46,#47),#142,.T.);
#2752=ADVANCED_FACE('',(#272),#2626,.F.);
#2753=ADVANCED_FACE('',(#273),#14,.F.);
#2754=ADVANCED_FACE('',(#274),#2627,.F.);
#2755=ADVANCED_FACE('',(#275),#15,.F.);
#2756=ADVANCED_FACE('',(#276),#2628,.F.);
#2757=ADVANCED_FACE('',(#277),#16,.F.);
#2758=ADVANCED_FACE('',(#278),#2629,.F.);
#2759=ADVANCED_FACE('',(#279),#2630,.T.);
#2760=ADVANCED_FACE('',(#280),#143,.T.);
#2761=ADVANCED_FACE('',(#281,#48,#49,#50,#51),#144,.F.);
#2762=ADVANCED_FACE('',(#282),#2631,.T.);
#2763=ADVANCED_FACE('',(#283),#145,.T.);
#2764=ADVANCED_FACE('',(#284),#2632,.T.);
#2765=ADVANCED_FACE('',(#285),#2633,.T.);
#2766=ADVANCED_FACE('',(#286),#146,.T.);
#2767=ADVANCED_FACE('',(#287),#147,.T.);
#2768=ADVANCED_FACE('',(#288),#148,.F.);
#2769=ADVANCED_FACE('',(#289),#149,.T.);
#2770=ADVANCED_FACE('',(#290),#150,.T.);
#2771=ADVANCED_FACE('',(#291),#151,.T.);
#2772=ADVANCED_FACE('',(#292),#152,.T.);
#2773=ADVANCED_FACE('',(#293),#153,.T.);
#2774=CLOSED_SHELL('',(#2634,#2635,#2636,#2637,#2638,#2639,#2640,#2641,
#2642,#2643,#2644,#2645,#2646,#2647,#2648,#2649,#2650,#2651,#2652,#2653,
#2654,#2655,#2656,#2657,#2658,#2659,#2660,#2661,#2662,#2663,#2664,#2665,
#2666,#2667,#2668,#2669,#2670,#2671,#2672,#2673,#2674,#2675,#2676,#2677,
#2678,#2679,#2680,#2681,#2682,#2683,#2684,#2685,#2686,#2687,#2688,#2689,
#2690,#2691,#2692,#2693,#2694,#2695,#2696,#2697,#2698,#2699,#2700,#2701,
#2702,#2703,#2704,#2705,#2706,#2707,#2708,#2709,#2710,#2711,#2712,#2713,
#2714,#2715,#2716,#2717,#2718,#2719,#2720,#2721,#2722,#2723,#2724,#2725,
#2726,#2727,#2728,#2729,#2730,#2731,#2732,#2733,#2734,#2735,#2736,#2737,
#2738,#2739,#2740,#2741,#2742,#2743,#2744,#2745,#2746,#2747,#2748,#2749));
#2775=CLOSED_SHELL('',(#2750,#2751,#2752,#2753,#2754,#2755,#2756,#2757,
#2758,#2759,#2760,#2761,#2762,#2763,#2764,#2765,#2766,#2767));
#2776=CLOSED_SHELL('',(#2768,#2769,#2770,#2771,#2772,#2773));
#2777=DERIVED_UNIT_ELEMENT(#2779,1.);
#2778=DERIVED_UNIT_ELEMENT(#4568,-3.);
#2779=(
MASS_UNIT()
NAMED_UNIT(*)
SI_UNIT(.KILO.,.GRAM.)
);
#2780=DERIVED_UNIT((#2777,#2778));
#2781=MEASURE_REPRESENTATION_ITEM('density measure',
POSITIVE_RATIO_MEASURE(7850.),#2780);
#2782=PROPERTY_DEFINITION_REPRESENTATION(#2787,#2784);
#2783=PROPERTY_DEFINITION_REPRESENTATION(#2788,#2785);
#2784=REPRESENTATION('material name',(#2786),#4565);
#2785=REPRESENTATION('density',(#2781),#4565);
#2786=DESCRIPTIVE_REPRESENTATION_ITEM('Steel','Steel');
#2787=PROPERTY_DEFINITION('material property','material name',#4575);
#2788=PROPERTY_DEFINITION('material property','density of part',#4575);
#2789=AXIS2_PLACEMENT_3D('',#3773,#3014,#3015);
#2790=AXIS2_PLACEMENT_3D('',#3774,#3016,#3017);
#2791=AXIS2_PLACEMENT_3D('',#3776,#3018,#3019);
#2792=AXIS2_PLACEMENT_3D('',#3780,#3021,#3022);
#2793=AXIS2_PLACEMENT_3D('',#3782,#3023,#3024);
#2794=AXIS2_PLACEMENT_3D('',#3784,#3025,#3026);
#2795=AXIS2_PLACEMENT_3D('',#3785,#3027,#3028);
#2796=AXIS2_PLACEMENT_3D('',#3786,#3029,#3030);
#2797=AXIS2_PLACEMENT_3D('',#3788,#3031,#3032);
#2798=AXIS2_PLACEMENT_3D('',#3792,#3034,#3035);
#2799=AXIS2_PLACEMENT_3D('',#3794,#3036,#3037);
#2800=AXIS2_PLACEMENT_3D('',#3796,#3038,#3039);
#2801=AXIS2_PLACEMENT_3D('',#3797,#3040,#3041);
#2802=AXIS2_PLACEMENT_3D('',#3798,#3042,#3043);
#2803=AXIS2_PLACEMENT_3D('',#3806,#3048,#3049);
#2804=AXIS2_PLACEMENT_3D('',#3814,#3054,#3055);
#2805=AXIS2_PLACEMENT_3D('',#3816,#3056,#3057);
#2806=AXIS2_PLACEMENT_3D('',#3820,#3059,#3060);
#2807=AXIS2_PLACEMENT_3D('',#3822,#3061,#3062);
#2808=AXIS2_PLACEMENT_3D('',#3824,#3063,#3064);
#2809=AXIS2_PLACEMENT_3D('',#3825,#3065,#3066);
#2810=AXIS2_PLACEMENT_3D('',#3826,#3067,#3068);
#2811=AXIS2_PLACEMENT_3D('',#3828,#3069,#3070);
#2812=AXIS2_PLACEMENT_3D('',#3832,#3072,#3073);
#2813=AXIS2_PLACEMENT_3D('',#3834,#3074,#3075);
#2814=AXIS2_PLACEMENT_3D('',#3836,#3076,#3077);
#2815=AXIS2_PLACEMENT_3D('',#3837,#3078,#3079);
#2816=AXIS2_PLACEMENT_3D('',#3838,#3080,#3081);
#2817=AXIS2_PLACEMENT_3D('',#3846,#3086,#3087);
#2818=AXIS2_PLACEMENT_3D('',#3854,#3092,#3093);
#2819=AXIS2_PLACEMENT_3D('',#3860,#3097,#3098);
#2820=AXIS2_PLACEMENT_3D('',#3864,#3101,#3102);
#2821=AXIS2_PLACEMENT_3D('',#3870,#3106,#3107);
#2822=AXIS2_PLACEMENT_3D('',#3874,#3110,#3111);
#2823=AXIS2_PLACEMENT_3D('',#3880,#3115,#3116);
#2824=AXIS2_PLACEMENT_3D('',#3884,#3119,#3120);
#2825=AXIS2_PLACEMENT_3D('',#3890,#3124,#3125);
#2826=AXIS2_PLACEMENT_3D('',#3894,#3128,#3129);
#2827=AXIS2_PLACEMENT_3D('',#3900,#3133,#3134);
#2828=AXIS2_PLACEMENT_3D('',#3904,#3137,#3138);
#2829=AXIS2_PLACEMENT_3D('',#3910,#3142,#3143);
#2830=AXIS2_PLACEMENT_3D('',#3914,#3146,#3147);
#2831=AXIS2_PLACEMENT_3D('',#3920,#3151,#3152);
#2832=AXIS2_PLACEMENT_3D('',#3924,#3155,#3156);
#2833=AXIS2_PLACEMENT_3D('',#3930,#3160,#3161);
#2834=AXIS2_PLACEMENT_3D('',#3934,#3164,#3165);
#2835=AXIS2_PLACEMENT_3D('',#3957,#3178,#3179);
#2836=AXIS2_PLACEMENT_3D('',#3964,#3184,#3185);
#2837=AXIS2_PLACEMENT_3D('',#3973,#3190,#3191);
#2838=AXIS2_PLACEMENT_3D('',#3979,#3195,#3196);
#2839=AXIS2_PLACEMENT_3D('',#3985,#3200,#3201);
#2840=AXIS2_PLACEMENT_3D('',#3988,#3204,#3205);
#2841=AXIS2_PLACEMENT_3D('',#4022,#3223,#3224);
#2842=AXIS2_PLACEMENT_3D('',#4028,#3228,#3229);
#2843=AXIS2_PLACEMENT_3D('',#4032,#3232,#3233);
#2844=AXIS2_PLACEMENT_3D('',#4036,#3236,#3237);
#2845=AXIS2_PLACEMENT_3D('',#4038,#3239,#3240);
#2846=AXIS2_PLACEMENT_3D('',#4041,#3241,#3242);
#2847=AXIS2_PLACEMENT_3D('',#4045,#3244,#3245);
#2848=AXIS2_PLACEMENT_3D('',#4049,#3247,#3248);
#2849=AXIS2_PLACEMENT_3D('',#4053,#3250,#3251);
#2850=AXIS2_PLACEMENT_3D('',#4055,#3253,#3254);
#2851=AXIS2_PLACEMENT_3D('',#4059,#3256,#3257);
#2852=AXIS2_PLACEMENT_3D('',#4061,#3259,#3260);
#2853=AXIS2_PLACEMENT_3D('',#4065,#3263,#3264);
#2854=AXIS2_PLACEMENT_3D('',#4068,#3266,#3267);
#2855=AXIS2_PLACEMENT_3D('',#4069,#3268,#3269);
#2856=AXIS2_PLACEMENT_3D('',#4073,#3272,#3273);
#2857=AXIS2_PLACEMENT_3D('',#4076,#3274,#3275);
#2858=AXIS2_PLACEMENT_3D('',#4080,#3277,#3278);
#2859=AXIS2_PLACEMENT_3D('',#4084,#3280,#3281);
#2860=AXIS2_PLACEMENT_3D('',#4088,#3283,#3284);
#2861=AXIS2_PLACEMENT_3D('',#4092,#3286,#3287);
#2862=AXIS2_PLACEMENT_3D('',#4096,#3289,#3290);
#2863=AXIS2_PLACEMENT_3D('',#4100,#3292,#3293);
#2864=AXIS2_PLACEMENT_3D('',#4104,#3295,#3296);
#2865=AXIS2_PLACEMENT_3D('',#4108,#3298,#3299);
#2866=AXIS2_PLACEMENT_3D('',#4112,#3301,#3302);
#2867=AXIS2_PLACEMENT_3D('',#4114,#3304,#3305);
#2868=AXIS2_PLACEMENT_3D('',#4118,#3307,#3308);
#2869=AXIS2_PLACEMENT_3D('',#4120,#3310,#3311);
#2870=AXIS2_PLACEMENT_3D('',#4124,#3314,#3315);
#2871=AXIS2_PLACEMENT_3D('',#4127,#3317,#3318);
#2872=AXIS2_PLACEMENT_3D('',#4128,#3319,#3320);
#2873=AXIS2_PLACEMENT_3D('',#4132,#3323,#3324);
#2874=AXIS2_PLACEMENT_3D('',#4135,#3326,#3327);
#2875=AXIS2_PLACEMENT_3D('',#4136,#3328,#3329);
#2876=AXIS2_PLACEMENT_3D('',#4140,#3332,#3333);
#2877=AXIS2_PLACEMENT_3D('',#4144,#3335,#3336);
#2878=AXIS2_PLACEMENT_3D('',#4146,#3338,#3339);
#2879=AXIS2_PLACEMENT_3D('',#4150,#3342,#3343);
#2880=AXIS2_PLACEMENT_3D('',#4153,#3345,#3346);
#2881=AXIS2_PLACEMENT_3D('',#4154,#3347,#3348);
#2882=AXIS2_PLACEMENT_3D('',#4158,#3351,#3352);
#2883=AXIS2_PLACEMENT_3D('',#4160,#3353,#3354);
#2884=AXIS2_PLACEMENT_3D('',#4162,#3355,#3356);
#2885=AXIS2_PLACEMENT_3D('',#4164,#3358,#3359);
#2886=AXIS2_PLACEMENT_3D('',#4168,#3361,#3362);
#2887=AXIS2_PLACEMENT_3D('',#4172,#3364,#3365);
#2888=AXIS2_PLACEMENT_3D('',#4175,#3367,#3368);
#2889=AXIS2_PLACEMENT_3D('',#4178,#3371,#3372);
#2890=AXIS2_PLACEMENT_3D('',#4181,#3374,#3375);
#2891=AXIS2_PLACEMENT_3D('',#4182,#3376,#3377);
#2892=AXIS2_PLACEMENT_3D('',#4186,#3380,#3381);
#2893=AXIS2_PLACEMENT_3D('',#4190,#3383,#3384);
#2894=AXIS2_PLACEMENT_3D('',#4192,#3386,#3387);
#2895=AXIS2_PLACEMENT_3D('',#4200,#3391,#3392);
#2896=AXIS2_PLACEMENT_3D('',#4204,#3394,#3395);
#2897=AXIS2_PLACEMENT_3D('',#4208,#3397,#3398);
#2898=AXIS2_PLACEMENT_3D('',#4211,#3400,#3401);
#2899=AXIS2_PLACEMENT_3D('',#4212,#3402,#3403);
#2900=AXIS2_PLACEMENT_3D('',#4213,#3404,#3405);
#2901=AXIS2_PLACEMENT_3D('',#4214,#3406,#3407);
#2902=AXIS2_PLACEMENT_3D('',#4217,#3408,#3409);
#2903=AXIS2_PLACEMENT_3D('',#4220,#3412,#3413);
#2904=AXIS2_PLACEMENT_3D('',#4224,#3416,#3417);
#2905=AXIS2_PLACEMENT_3D('',#4226,#3418,#3419);
#2906=AXIS2_PLACEMENT_3D('',#4228,#3421,#3422);
#2907=AXIS2_PLACEMENT_3D('',#4232,#3425,#3426);
#2908=AXIS2_PLACEMENT_3D('',#4234,#3427,#3428);
#2909=AXIS2_PLACEMENT_3D('',#4236,#3430,#3431);
#2910=AXIS2_PLACEMENT_3D('',#4242,#3436,#3437);
#2911=AXIS2_PLACEMENT_3D('',#4244,#3438,#3439);
#2912=AXIS2_PLACEMENT_3D('',#4246,#3441,#3442);
#2913=AXIS2_PLACEMENT_3D('',#4248,#3444,#3445);
#2914=AXIS2_PLACEMENT_3D('',#4252,#3447,#3448);
#2915=AXIS2_PLACEMENT_3D('',#4254,#3450,#3451);
#2916=AXIS2_PLACEMENT_3D('',#4258,#3454,#3455);
#2917=AXIS2_PLACEMENT_3D('',#4262,#3458,#3459);
#2918=AXIS2_PLACEMENT_3D('',#4265,#3461,#3462);
#2919=AXIS2_PLACEMENT_3D('',#4266,#3463,#3464);
#2920=AXIS2_PLACEMENT_3D('',#4267,#3465,#3466);
#2921=AXIS2_PLACEMENT_3D('',#4268,#3467,#3468);
#2922=AXIS2_PLACEMENT_3D('',#4272,#3471,#3472);
#2923=AXIS2_PLACEMENT_3D('',#4275,#3474,#3475);
#2924=AXIS2_PLACEMENT_3D('',#4276,#3476,#3477);
#2925=AXIS2_PLACEMENT_3D('',#4278,#3478,#3479);
#2926=AXIS2_PLACEMENT_3D('',#4280,#3481,#3482);
#2927=AXIS2_PLACEMENT_3D('',#4303,#3494,#3495);
#2928=AXIS2_PLACEMENT_3D('',#4305,#3497,#3498);
#2929=AXIS2_PLACEMENT_3D('',#4306,#3499,#3500);
#2930=AXIS2_PLACEMENT_3D('',#4308,#3502,#3503);
#2931=AXIS2_PLACEMENT_3D('',#4310,#3505,#3506);
#2932=AXIS2_PLACEMENT_3D('',#4312,#3508,#3509);
#2933=AXIS2_PLACEMENT_3D('',#4313,#3510,#3511);
#2934=AXIS2_PLACEMENT_3D('',#4314,#3512,#3513);
#2935=AXIS2_PLACEMENT_3D('',#4320,#3517,#3518);
#2936=AXIS2_PLACEMENT_3D('',#4327,#3523,#3524);
#2937=AXIS2_PLACEMENT_3D('',#4333,#3528,#3529);
#2938=AXIS2_PLACEMENT_3D('',#4340,#3534,#3535);
#2939=AXIS2_PLACEMENT_3D('',#4349,#3540,#3541);
#2940=AXIS2_PLACEMENT_3D('',#4356,#3546,#3547);
#2941=AXIS2_PLACEMENT_3D('',#4365,#3552,#3553);
#2942=AXIS2_PLACEMENT_3D('',#4372,#3558,#3559);
#2943=AXIS2_PLACEMENT_3D('',#4378,#3563,#3564);
#2944=AXIS2_PLACEMENT_3D('',#4381,#3567,#3568);
#2945=AXIS2_PLACEMENT_3D('',#4387,#3572,#3573);
#2946=AXIS2_PLACEMENT_3D('',#4390,#3576,#3577);
#2947=AXIS2_PLACEMENT_3D('',#4399,#3582,#3583);
#2948=AXIS2_PLACEMENT_3D('',#4402,#3586,#3587);
#2949=AXIS2_PLACEMENT_3D('',#4411,#3592,#3593);
#2950=AXIS2_PLACEMENT_3D('',#4414,#3596,#3597);
#2951=AXIS2_PLACEMENT_3D('',#4417,#3600,#3601);
#2952=AXIS2_PLACEMENT_3D('',#4418,#3602,#3603);
#2953=AXIS2_PLACEMENT_3D('',#4421,#3606,#3607);
#2954=AXIS2_PLACEMENT_3D('',#4422,#3608,#3609);
#2955=AXIS2_PLACEMENT_3D('',#4425,#3612,#3613);
#2956=AXIS2_PLACEMENT_3D('',#4426,#3614,#3615);
#2957=AXIS2_PLACEMENT_3D('',#4429,#3618,#3619);
#2958=AXIS2_PLACEMENT_3D('',#4430,#3620,#3621);
#2959=AXIS2_PLACEMENT_3D('',#4432,#3623,#3624);
#2960=AXIS2_PLACEMENT_3D('',#4433,#3625,#3626);
#2961=AXIS2_PLACEMENT_3D('',#4435,#3628,#3629);
#2962=AXIS2_PLACEMENT_3D('',#4436,#3630,#3631);
#2963=AXIS2_PLACEMENT_3D('',#4438,#3633,#3634);
#2964=AXIS2_PLACEMENT_3D('',#4439,#3635,#3636);
#2965=AXIS2_PLACEMENT_3D('',#4441,#3638,#3639);
#2966=AXIS2_PLACEMENT_3D('',#4442,#3640,#3641);
#2967=AXIS2_PLACEMENT_3D('',#4443,#3642,#3643);
#2968=AXIS2_PLACEMENT_3D('',#4444,#3644,#3645);
#2969=AXIS2_PLACEMENT_3D('',#4446,#3647,#3648);
#2970=AXIS2_PLACEMENT_3D('',#4447,#3649,#3650);
#2971=AXIS2_PLACEMENT_3D('',#4449,#3651,#3652);
#2972=AXIS2_PLACEMENT_3D('',#4452,#3654,#3655);
#2973=AXIS2_PLACEMENT_3D('',#4453,#3656,#3657);
#2974=AXIS2_PLACEMENT_3D('',#4456,#3658,#3659);
#2975=AXIS2_PLACEMENT_3D('',#4460,#3661,#3662);
#2976=AXIS2_PLACEMENT_3D('',#4464,#3664,#3665);
#2977=AXIS2_PLACEMENT_3D('',#4468,#3667,#3668);
#2978=AXIS2_PLACEMENT_3D('',#4471,#3670,#3671);
#2979=AXIS2_PLACEMENT_3D('',#4473,#3672,#3673);
#2980=AXIS2_PLACEMENT_3D('',#4475,#3674,#3675);
#2981=AXIS2_PLACEMENT_3D('',#4476,#3676,#3677);
#2982=AXIS2_PLACEMENT_3D('',#4478,#3678,#3679);
#2983=AXIS2_PLACEMENT_3D('',#4480,#3681,#3682);
#2984=AXIS2_PLACEMENT_3D('',#4483,#3684,#3685);
#2985=AXIS2_PLACEMENT_3D('',#4484,#3686,#3687);
#2986=AXIS2_PLACEMENT_3D('',#4486,#3688,#3689);
#2987=AXIS2_PLACEMENT_3D('',#4488,#3691,#3692);
#2988=AXIS2_PLACEMENT_3D('',#4491,#3694,#3695);
#2989=AXIS2_PLACEMENT_3D('',#4492,#3696,#3697);
#2990=AXIS2_PLACEMENT_3D('',#4494,#3698,#3699);
#2991=AXIS2_PLACEMENT_3D('',#4496,#3701,#3702);
#2992=AXIS2_PLACEMENT_3D('',#4499,#3704,#3705);
#2993=AXIS2_PLACEMENT_3D('',#4500,#3706,#3707);
#2994=AXIS2_PLACEMENT_3D('',#4502,#3708,#3709);
#2995=AXIS2_PLACEMENT_3D('',#4504,#3711,#3712);
#2996=AXIS2_PLACEMENT_3D('',#4508,#3714,#3715);
#2997=AXIS2_PLACEMENT_3D('',#4510,#3717,#3718);
#2998=AXIS2_PLACEMENT_3D('',#4514,#3721,#3722);
#2999=AXIS2_PLACEMENT_3D('',#4518,#3724,#3725);
#3000=AXIS2_PLACEMENT_3D('',#4522,#3727,#3728);
#3001=AXIS2_PLACEMENT_3D('',#4525,#3730,#3731);
#3002=AXIS2_PLACEMENT_3D('',#4526,#3732,#3733);
#3003=AXIS2_PLACEMENT_3D('',#4529,#3736,#3737);
#3004=AXIS2_PLACEMENT_3D('',#4531,#3739,#3740);
#3005=AXIS2_PLACEMENT_3D('',#4533,#3742,#3743);
#3006=AXIS2_PLACEMENT_3D('',#4535,#3745,#3746);
#3007=AXIS2_PLACEMENT_3D('',#4536,#3747,#3748);
#3008=AXIS2_PLACEMENT_3D('',#4537,#3749,#3750);
#3009=AXIS2_PLACEMENT_3D('',#4546,#3755,#3756);
#3010=AXIS2_PLACEMENT_3D('',#4552,#3760,#3761);
#3011=AXIS2_PLACEMENT_3D('',#4556,#3764,#3765);
#3012=AXIS2_PLACEMENT_3D('',#4560,#3768,#3769);
#3013=AXIS2_PLACEMENT_3D('',#4562,#3771,#3772);
#3014=DIRECTION('axis',(0.,0.,1.));
#3015=DIRECTION('refdir',(1.,0.,0.));
#3016=DIRECTION('center_axis',(0.,0.,-1.));
#3017=DIRECTION('ref_axis',(-1.,0.,0.));
#3018=DIRECTION('center_axis',(0.,0.,-1.));
#3019=DIRECTION('ref_axis',(-1.,0.,0.));
#3020=DIRECTION('',(0.,0.,-1.));
#3021=DIRECTION('center_axis',(0.,0.,1.));
#3022=DIRECTION('ref_axis',(-1.,0.,0.));
#3023=DIRECTION('center_axis',(0.,0.707106781186548,0.707106781186547));
#3024=DIRECTION('ref_axis',(0.,0.707106781186547,-0.707106781186548));
#3025=DIRECTION('center_axis',(0.707106781186548,0.,0.707106781186547));
#3026=DIRECTION('ref_axis',(-0.707106781186547,0.,0.707106781186548));
#3027=DIRECTION('center_axis',(0.,0.,1.));
#3028=DIRECTION('ref_axis',(-1.,0.,0.));
#3029=DIRECTION('center_axis',(0.,0.,-1.));
#3030=DIRECTION('ref_axis',(-1.,0.,0.));
#3031=DIRECTION('center_axis',(0.,0.,-1.));
#3032=DIRECTION('ref_axis',(-1.,0.,0.));
#3033=DIRECTION('',(0.,0.,-1.));
#3034=DIRECTION('center_axis',(-0.707106781186547,0.,0.707106781186548));
#3035=DIRECTION('ref_axis',(-0.707106781186548,0.,-0.707106781186547));
#3036=DIRECTION('center_axis',(0.,0.707106781186548,0.707106781186547));
#3037=DIRECTION('ref_axis',(0.,0.707106781186547,-0.707106781186548));
#3038=DIRECTION('center_axis',(0.,0.,1.));
#3039=DIRECTION('ref_axis',(-1.,0.,0.));
#3040=DIRECTION('center_axis',(-0.707106781186547,0.,0.707106781186548));
#3041=DIRECTION('ref_axis',(-0.707106781186548,0.,-0.707106781186547));
#3042=DIRECTION('center_axis',(0.,0.,-1.));
#3043=DIRECTION('ref_axis',(-1.,0.,0.));
#3044=DIRECTION('',(0.,-1.,0.));
#3045=DIRECTION('',(-1.,0.,0.));
#3046=DIRECTION('',(0.,1.,0.));
#3047=DIRECTION('',(1.,0.,0.));
#3048=DIRECTION('center_axis',(0.,0.,-1.));
#3049=DIRECTION('ref_axis',(-1.,0.,0.));
#3050=DIRECTION('',(1.,0.,0.));
#3051=DIRECTION('',(0.,-1.,0.));
#3052=DIRECTION('',(-1.,0.,0.));
#3053=DIRECTION('',(0.,1.,0.));
#3054=DIRECTION('center_axis',(0.,0.,-1.));
#3055=DIRECTION('ref_axis',(-1.,0.,0.));
#3056=DIRECTION('center_axis',(0.,0.,-1.));
#3057=DIRECTION('ref_axis',(-1.,0.,0.));
#3058=DIRECTION('',(0.,0.,-1.));
#3059=DIRECTION('center_axis',(0.,0.,1.));
#3060=DIRECTION('ref_axis',(-1.,0.,0.));
#3061=DIRECTION('center_axis',(0.707106781186548,0.,0.707106781186547));
#3062=DIRECTION('ref_axis',(-0.707106781186547,0.,0.707106781186548));
#3063=DIRECTION('center_axis',(0.,-0.707106781186547,0.707106781186548));
#3064=DIRECTION('ref_axis',(0.,0.707106781186548,0.707106781186547));
#3065=DIRECTION('center_axis',(0.,0.,1.));
#3066=DIRECTION('ref_axis',(-1.,0.,0.));
#3067=DIRECTION('center_axis',(0.,0.,-1.));
#3068=DIRECTION('ref_axis',(-1.,0.,0.));
#3069=DIRECTION('center_axis',(0.,0.,-1.));
#3070=DIRECTION('ref_axis',(-1.,0.,0.));
#3071=DIRECTION('',(0.,0.,-1.));
#3072=DIRECTION('center_axis',(-0.707106781186547,0.,0.707106781186548));
#3073=DIRECTION('ref_axis',(-0.707106781186548,0.,-0.707106781186547));
#3074=DIRECTION('center_axis',(0.,0.,1.));
#3075=DIRECTION('ref_axis',(-1.,0.,0.));
#3076=DIRECTION('center_axis',(0.,-0.707106781186547,0.707106781186548));
#3077=DIRECTION('ref_axis',(0.,0.707106781186548,0.707106781186547));
#3078=DIRECTION('center_axis',(-0.707106781186547,0.,0.707106781186548));
#3079=DIRECTION('ref_axis',(-0.707106781186548,0.,-0.707106781186547));
#3080=DIRECTION('center_axis',(0.,0.,-1.));
#3081=DIRECTION('ref_axis',(-1.,0.,0.));
#3082=DIRECTION('',(-1.,0.,0.));
#3083=DIRECTION('',(0.,1.,0.));
#3084=DIRECTION('',(1.,0.,0.));
#3085=DIRECTION('',(0.,-1.,0.));
#3086=DIRECTION('center_axis',(0.,0.,-1.));
#3087=DIRECTION('ref_axis',(-1.,0.,0.));
#3088=DIRECTION('',(0.,1.,0.));
#3089=DIRECTION('',(1.,0.,0.));
#3090=DIRECTION('',(0.,-1.,0.));
#3091=DIRECTION('',(-1.,0.,0.));
#3092=DIRECTION('center_axis',(0.,-0.707106781186548,-0.707106781186547));
#3093=DIRECTION('ref_axis',(-1.,0.,0.));
#3094=DIRECTION('',(0.577350269189627,-0.577350269189625,0.577350269189626));
#3095=DIRECTION('',(-1.,0.,0.));
#3096=DIRECTION('',(0.,-0.707106781186547,0.707106781186548));
#3097=DIRECTION('center_axis',(0.707106781186547,0.,-0.707106781186548));
#3098=DIRECTION('ref_axis',(-0.707106781186548,0.,-0.707106781186547));
#3099=DIRECTION('',(-0.707106781186548,0.,-0.707106781186547));
#3100=DIRECTION('',(0.,-1.,0.));
#3101=DIRECTION('center_axis',(0.,-1.,0.));
#3102=DIRECTION('ref_axis',(-1.,0.,0.));
#3103=DIRECTION('',(0.,0.,-1.));
#3104=DIRECTION('',(-1.,0.,0.));
#3105=DIRECTION('',(0.,0.,1.));
#3106=DIRECTION('center_axis',(1.,0.,0.));
#3107=DIRECTION('ref_axis',(0.,-1.,0.));
#3108=DIRECTION('',(0.,0.,-1.));
#3109=DIRECTION('',(0.,-1.,0.));
#3110=DIRECTION('center_axis',(0.707106781186547,0.,-0.707106781186548));
#3111=DIRECTION('ref_axis',(-0.707106781186548,0.,-0.707106781186547));
#3112=DIRECTION('',(0.577350269189626,0.577350269189626,0.577350269189625));
#3113=DIRECTION('',(0.,-1.,0.));
#3114=DIRECTION('',(0.707106781186548,0.,0.707106781186547));
#3115=DIRECTION('center_axis',(0.,0.707106781186547,-0.707106781186548));
#3116=DIRECTION('ref_axis',(-1.,0.,0.));
#3117=DIRECTION('',(0.,-0.707106781186548,-0.707106781186547));
#3118=DIRECTION('',(1.,0.,0.));
#3119=DIRECTION('center_axis',(1.,0.,0.));
#3120=DIRECTION('ref_axis',(0.,-1.,0.));
#3121=DIRECTION('',(0.,0.,-1.));
#3122=DIRECTION('',(0.,1.,0.));
#3123=DIRECTION('',(0.,0.,1.));
#3124=DIRECTION('center_axis',(0.,1.,0.));
#3125=DIRECTION('ref_axis',(1.,0.,0.));
#3126=DIRECTION('',(0.,0.,-1.));
#3127=DIRECTION('',(-1.,0.,0.));
#3128=DIRECTION('center_axis',(0.,0.707106781186547,-0.707106781186548));
#3129=DIRECTION('ref_axis',(-1.,0.,0.));
#3130=DIRECTION('',(-0.577350269189625,0.577350269189627,0.577350269189626));
#3131=DIRECTION('',(1.,0.,0.));
#3132=DIRECTION('',(0.,0.707106781186548,0.707106781186547));
#3133=DIRECTION('center_axis',(-0.707106781186548,0.,-0.707106781186547));
#3134=DIRECTION('ref_axis',(-0.707106781186547,0.,0.707106781186548));
#3135=DIRECTION('',(0.707106781186547,0.,-0.707106781186548));
#3136=DIRECTION('',(0.,1.,0.));
#3137=DIRECTION('center_axis',(0.,1.,0.));
#3138=DIRECTION('ref_axis',(1.,0.,0.));
#3139=DIRECTION('',(0.,0.,-1.));
#3140=DIRECTION('',(1.,0.,0.));
#3141=DIRECTION('',(0.,0.,1.));
#3142=DIRECTION('center_axis',(-1.,0.,0.));
#3143=DIRECTION('ref_axis',(0.,1.,0.));
#3144=DIRECTION('',(0.,0.,-1.));
#3145=DIRECTION('',(0.,1.,0.));
#3146=DIRECTION('center_axis',(-0.707106781186548,0.,-0.707106781186547));
#3147=DIRECTION('ref_axis',(-0.707106781186547,0.,0.707106781186548));
#3148=DIRECTION('',(-0.577350269189625,-0.577350269189625,0.577350269189627));
#3149=DIRECTION('',(0.,1.,0.));
#3150=DIRECTION('',(-0.707106781186547,0.,0.707106781186548));
#3151=DIRECTION('center_axis',(0.,-0.707106781186548,-0.707106781186547));
#3152=DIRECTION('ref_axis',(-1.,0.,0.));
#3153=DIRECTION('',(0.,0.707106781186547,-0.707106781186548));
#3154=DIRECTION('',(-1.,0.,0.));
#3155=DIRECTION('center_axis',(-1.,0.,0.));
#3156=DIRECTION('ref_axis',(0.,1.,0.));
#3157=DIRECTION('',(0.,0.,-1.));
#3158=DIRECTION('',(0.,-1.,0.));
#3159=DIRECTION('',(0.,0.,1.));
#3160=DIRECTION('center_axis',(0.,-1.,0.));
#3161=DIRECTION('ref_axis',(-1.,0.,0.));
#3162=DIRECTION('',(0.,0.,-1.));
#3163=DIRECTION('',(1.,0.,0.));
#3164=DIRECTION('center_axis',(1.,0.,0.));
#3165=DIRECTION('ref_axis',(0.,1.,0.));
#3166=DIRECTION('',(0.,0.,1.));
#3167=DIRECTION('',(0.,1.,0.));
#3168=DIRECTION('',(0.,0.,1.));
#3169=DIRECTION('',(0.,-1.,0.));
#3170=DIRECTION('',(0.,1.,0.));
#3171=DIRECTION('',(0.,0.,1.));
#3172=DIRECTION('',(0.,-1.,0.));
#3173=DIRECTION('',(0.,0.,-1.));
#3174=DIRECTION('',(0.,0.,-1.));
#3175=DIRECTION('',(0.,1.,0.));
#3176=DIRECTION('',(0.,0.,1.));
#3177=DIRECTION('',(0.,-1.,0.));
#3178=DIRECTION('center_axis',(-1.,0.,0.));
#3179=DIRECTION('ref_axis',(0.,-1.,0.));
#3180=DIRECTION('',(0.,0.,1.));
#3181=DIRECTION('',(0.,-1.,0.));
#3182=DIRECTION('',(0.,0.,1.));
#3183=DIRECTION('',(0.,1.,0.));
#3184=DIRECTION('center_axis',(-7.30275551296547E-17,-0.707106781186547,
-0.707106781186548));
#3185=DIRECTION('ref_axis',(-1.,0.,1.03276558891306E-16));
#3186=DIRECTION('',(-1.,0.,1.03276558891306E-16));
#3187=DIRECTION('',(0.577350269189626,0.577350269189626,-0.577350269189625));
#3188=DIRECTION('',(1.,0.,-1.03276558891306E-16));
#3189=DIRECTION('',(-0.577350269189625,0.577350269189627,-0.577350269189626));
#3190=DIRECTION('center_axis',(0.707106781186547,-0.707106781186548,0.));
#3191=DIRECTION('ref_axis',(0.,0.,-1.));
#3192=DIRECTION('',(0.,0.,-1.));
#3193=DIRECTION('',(0.577350269189626,0.577350269189626,0.577350269189626));
#3194=DIRECTION('',(0.,0.,1.));
#3195=DIRECTION('center_axis',(-0.707106781186549,-0.707106781186546,0.));
#3196=DIRECTION('ref_axis',(0.,0.,1.));
#3197=DIRECTION('',(0.,0.,-1.));
#3198=DIRECTION('',(0.577350269189624,-0.577350269189626,-0.577350269189626));
#3199=DIRECTION('',(0.,0.,1.));
#3200=DIRECTION('center_axis',(0.,-0.707106781186548,0.707106781186548));
#3201=DIRECTION('ref_axis',(1.,0.,0.));
#3202=DIRECTION('',(-1.,0.,0.));
#3203=DIRECTION('',(-1.,0.,0.));
#3204=DIRECTION('center_axis',(0.,-1.,0.));
#3205=DIRECTION('ref_axis',(1.,0.,0.));
#3206=DIRECTION('',(-1.,0.,0.));
#3207=DIRECTION('',(0.,0.,-1.));
#3208=DIRECTION('',(1.,0.,0.));
#3209=DIRECTION('',(0.,0.,1.));
#3210=DIRECTION('',(-1.,0.,0.));
#3211=DIRECTION('',(0.,0.,1.));
#3212=DIRECTION('',(1.,0.,0.));
#3213=DIRECTION('',(0.,0.,-1.));
#3214=DIRECTION('',(-1.,0.,0.));
#3215=DIRECTION('',(1.,0.,0.));
#3216=DIRECTION('',(0.,0.,-1.));
#3217=DIRECTION('',(-1.,0.,0.));
#3218=DIRECTION('',(0.,0.,1.));
#3219=DIRECTION('',(-1.,0.,0.));
#3220=DIRECTION('',(0.,0.,1.));
#3221=DIRECTION('',(1.,0.,0.));
#3222=DIRECTION('',(0.,0.,-1.));
#3223=DIRECTION('center_axis',(-0.707106781186547,-0.707106781186548,0.));
#3224=DIRECTION('ref_axis',(0.,0.,1.));
#3225=DIRECTION('',(-0.577350269189626,0.577350269189626,-0.577350269189626));
#3226=DIRECTION('',(0.,0.,-1.));
#3227=DIRECTION('',(0.577350269189626,-0.577350269189626,-0.577350269189626));
#3228=DIRECTION('center_axis',(0.,-0.707106781186547,-0.707106781186548));
#3229=DIRECTION('ref_axis',(-1.,0.,0.));
#3230=DIRECTION('',(0.577350269189626,0.577350269189626,-0.577350269189626));
#3231=DIRECTION('',(1.,0.,0.));
#3232=DIRECTION('center_axis',(0.707106781186548,-0.707106781186547,0.));
#3233=DIRECTION('ref_axis',(0.,0.,-1.));
#3234=DIRECTION('',(0.,0.,1.));
#3235=DIRECTION('',(0.577350269189626,0.577350269189626,0.577350269189626));
#3236=DIRECTION('center_axis',(0.,-0.707106781186548,0.707106781186548));
#3237=DIRECTION('ref_axis',(1.,0.,0.));
#3238=DIRECTION('',(-1.,0.,0.));
#3239=DIRECTION('center_axis',(0.,-1.,0.));
#3240=DIRECTION('ref_axis',(1.,0.,0.));
#3241=DIRECTION('center_axis',(0.,-1.,0.));
#3242=DIRECTION('ref_axis',(0.707106781186548,0.,-0.707106781186547));
#3243=DIRECTION('',(1.,0.,0.));
#3244=DIRECTION('center_axis',(0.,-1.,0.));
#3245=DIRECTION('ref_axis',(-0.707106781186548,0.,-0.707106781186547));
#3246=DIRECTION('',(0.,0.,-1.));
#3247=DIRECTION('center_axis',(0.,-1.,0.));
#3248=DIRECTION('ref_axis',(-0.707106781186549,0.,0.707106781186546));
#3249=DIRECTION('',(-1.,0.,0.));
#3250=DIRECTION('center_axis',(0.,-1.,0.));
#3251=DIRECTION('ref_axis',(0.707106781186548,0.,0.707106781186548));
#3252=DIRECTION('',(0.,0.,1.));
#3253=DIRECTION('center_axis',(0.,-1.,0.));
#3254=DIRECTION('ref_axis',(-0.707106781186549,0.,0.707106781186546));
#3255=DIRECTION('',(0.,1.,0.));
#3256=DIRECTION('center_axis',(0.,1.,0.));
#3257=DIRECTION('ref_axis',(-0.707106781186549,0.,0.707106781186546));
#3258=DIRECTION('',(0.,-1.,0.));
#3259=DIRECTION('center_axis',(-1.,0.,0.));
#3260=DIRECTION('ref_axis',(0.,0.,1.));
#3261=DIRECTION('',(0.,-1.,0.));
#3262=DIRECTION('',(0.,0.,-1.));
#3263=DIRECTION('center_axis',(0.,-1.,0.));
#3264=DIRECTION('ref_axis',(-0.707106781186548,0.,-0.707106781186547));
#3265=DIRECTION('',(0.,1.,0.));
#3266=DIRECTION('center_axis',(0.,1.,0.));
#3267=DIRECTION('ref_axis',(-0.707106781186548,0.,-0.707106781186547));
#3268=DIRECTION('center_axis',(0.,0.,-1.));
#3269=DIRECTION('ref_axis',(-1.,0.,0.));
#3270=DIRECTION('',(0.,-1.,0.));
#3271=DIRECTION('',(1.,0.,0.));
#3272=DIRECTION('center_axis',(0.,-1.,0.));
#3273=DIRECTION('ref_axis',(1.,0.,0.));
#3274=DIRECTION('center_axis',(0.,-1.,0.));
#3275=DIRECTION('ref_axis',(0.707106781186546,0.,0.707106781186549));
#3276=DIRECTION('',(0.,0.,1.));
#3277=DIRECTION('center_axis',(0.,-1.,0.));
#3278=DIRECTION('ref_axis',(0.707106781186546,0.,-0.707106781186549));
#3279=DIRECTION('',(1.,0.,0.));
#3280=DIRECTION('center_axis',(0.,-1.,0.));
#3281=DIRECTION('ref_axis',(-0.707106781186546,0.,-0.707106781186549));
#3282=DIRECTION('',(0.,0.,-1.));
#3283=DIRECTION('center_axis',(0.,-1.,0.));
#3284=DIRECTION('ref_axis',(-0.707106781186546,0.,0.707106781186549));
#3285=DIRECTION('',(-1.,0.,0.));
#3286=DIRECTION('center_axis',(0.,-1.,0.));
#3287=DIRECTION('ref_axis',(0.923879532511286,0.,-0.382683432365091));
#3288=DIRECTION('',(0.707106781186548,0.,0.707106781186548));
#3289=DIRECTION('center_axis',(0.,-1.,0.));
#3290=DIRECTION('ref_axis',(0.38268343236509,0.,-0.923879532511287));
#3291=DIRECTION('',(1.,0.,0.));
#3292=DIRECTION('center_axis',(0.,-1.,0.));
#3293=DIRECTION('ref_axis',(-0.355380557512881,0.,-0.93472170154642));
#3294=DIRECTION('',(0.74740931868366,0.,-0.66436383882992));
#3295=DIRECTION('center_axis',(0.,-1.,0.));
#3296=DIRECTION('ref_axis',(-0.912240055804918,0.,-0.409656051566481));
#3297=DIRECTION('',(0.,0.,-1.));
#3298=DIRECTION('center_axis',(0.,-1.,0.));
#3299=DIRECTION('ref_axis',(-0.707106781186546,0.,0.707106781186549));
#3300=DIRECTION('',(-1.,0.,0.));
#3301=DIRECTION('center_axis',(0.,-1.,0.));
#3302=DIRECTION('ref_axis',(0.707106781186546,0.,0.707106781186549));
#3303=DIRECTION('',(0.,0.,1.));
#3304=DIRECTION('center_axis',(0.,-1.,0.));
#3305=DIRECTION('ref_axis',(-0.912240055804918,0.,-0.409656051566481));
#3306=DIRECTION('',(0.,1.,0.));
#3307=DIRECTION('center_axis',(0.,1.,0.));
#3308=DIRECTION('ref_axis',(-0.912240055804918,0.,-0.409656051566481));
#3309=DIRECTION('',(0.,-1.,0.));
#3310=DIRECTION('center_axis',(-0.66436383882992,0.,-0.74740931868366));
#3311=DIRECTION('ref_axis',(0.74740931868366,0.,-0.66436383882992));
#3312=DIRECTION('',(0.,-1.,0.));
#3313=DIRECTION('',(0.74740931868366,0.,-0.66436383882992));
#3314=DIRECTION('center_axis',(0.,-1.,0.));
#3315=DIRECTION('ref_axis',(-0.355380557512881,0.,-0.93472170154642));
#3316=DIRECTION('',(0.,1.,0.));
#3317=DIRECTION('center_axis',(0.,1.,0.));
#3318=DIRECTION('ref_axis',(-0.355380557512881,0.,-0.93472170154642));
#3319=DIRECTION('center_axis',(0.,0.,-1.));
#3320=DIRECTION('ref_axis',(1.,0.,0.));
#3321=DIRECTION('',(0.,-1.,0.));
#3322=DIRECTION('',(1.,0.,0.));
#3323=DIRECTION('center_axis',(0.,-1.,0.));
#3324=DIRECTION('ref_axis',(0.38268343236509,0.,-0.923879532511287));
#3325=DIRECTION('',(0.,1.,0.));
#3326=DIRECTION('center_axis',(0.,1.,0.));
#3327=DIRECTION('ref_axis',(0.38268343236509,0.,-0.923879532511287));
#3328=DIRECTION('center_axis',(0.707106781186548,0.,-0.707106781186548));
#3329=DIRECTION('ref_axis',(0.707106781186548,0.,0.707106781186548));
#3330=DIRECTION('',(0.,-1.,0.));
#3331=DIRECTION('',(0.707106781186548,0.,0.707106781186548));
#3332=DIRECTION('center_axis',(0.,-1.,0.));
#3333=DIRECTION('ref_axis',(-0.707106781186546,0.,-0.707106781186549));
#3334=DIRECTION('',(0.,1.,0.));
#3335=DIRECTION('center_axis',(0.,1.,0.));
#3336=DIRECTION('ref_axis',(-0.707106781186546,0.,-0.707106781186549));
#3337=DIRECTION('',(0.,-1.,0.));
#3338=DIRECTION('center_axis',(0.,0.,-1.));
#3339=DIRECTION('ref_axis',(1.,0.,0.));
#3340=DIRECTION('',(0.,-1.,0.));
#3341=DIRECTION('',(1.,0.,0.));
#3342=DIRECTION('center_axis',(0.,1.,0.));
#3343=DIRECTION('ref_axis',(0.707106781186546,0.,-0.707106781186549));
#3344=DIRECTION('',(0.,1.,0.));
#3345=DIRECTION('center_axis',(0.,1.,0.));
#3346=DIRECTION('ref_axis',(0.707106781186546,0.,-0.707106781186549));
#3347=DIRECTION('center_axis',(1.,0.,0.));
#3348=DIRECTION('ref_axis',(0.,0.,-1.));
#3349=DIRECTION('',(0.,-1.,0.));
#3350=DIRECTION('',(0.,0.,1.));
#3351=DIRECTION('center_axis',(0.,0.,1.));
#3352=DIRECTION('ref_axis',(0.707106781186546,-0.707106781186549,0.));
#3353=DIRECTION('center_axis',(0.,0.,-1.));
#3354=DIRECTION('ref_axis',(0.707106781186546,-0.707106781186549,0.));
#3355=DIRECTION('center_axis',(0.,0.,1.));
#3356=DIRECTION('ref_axis',(0.707106781186546,-0.707106781186549,0.));
#3357=DIRECTION('',(0.,0.,1.));
#3358=DIRECTION('center_axis',(0.,0.,1.));
#3359=DIRECTION('ref_axis',(1.,0.,0.));
#3360=DIRECTION('',(0.,1.,0.));
#3361=DIRECTION('center_axis',(0.,0.,-1.));
#3362=DIRECTION('ref_axis',(0.707106781186548,0.707106781186548,0.));
#3363=DIRECTION('',(-1.,0.,0.));
#3364=DIRECTION('center_axis',(0.,0.,-1.));
#3365=DIRECTION('ref_axis',(-0.707106781186549,0.707106781186546,0.));
#3366=DIRECTION('',(0.,-1.,0.));
#3367=DIRECTION('center_axis',(0.,0.,-1.));
#3368=DIRECTION('ref_axis',(-0.707106781186547,-0.707106781186548,0.));
#3369=DIRECTION('',(1.,0.,0.));
#3370=DIRECTION('',(-1.,0.,0.));
#3371=DIRECTION('center_axis',(0.,0.,1.));
#3372=DIRECTION('ref_axis',(-0.707106781186547,-0.707106781186548,0.));
#3373=DIRECTION('',(0.,0.,-1.));
#3374=DIRECTION('center_axis',(0.,0.,1.));
#3375=DIRECTION('ref_axis',(-0.707106781186547,-0.707106781186548,0.));
#3376=DIRECTION('center_axis',(-1.,0.,0.));
#3377=DIRECTION('ref_axis',(0.,-1.,0.));
#3378=DIRECTION('',(0.,0.,1.));
#3379=DIRECTION('',(0.,1.,0.));
#3380=DIRECTION('center_axis',(0.,0.,1.));
#3381=DIRECTION('ref_axis',(0.707106781186548,0.707106781186548,0.));
#3382=DIRECTION('',(0.,0.,-1.));
#3383=DIRECTION('center_axis',(0.,0.,1.));
#3384=DIRECTION('ref_axis',(0.707106781186548,0.707106781186548,0.));
#3385=DIRECTION('',(0.,0.,1.));
#3386=DIRECTION('center_axis',(0.,1.,0.));
#3387=DIRECTION('ref_axis',(-1.,0.,0.));
#3388=DIRECTION('',(1.,0.,0.));
#3389=DIRECTION('',(0.,0.,-1.));
#3390=DIRECTION('',(0.,0.,-1.));
#3391=DIRECTION('center_axis',(0.,1.,0.));
#3392=DIRECTION('ref_axis',(-0.707106781186546,0.,-0.707106781186549));
#3393=DIRECTION('',(1.,0.,0.));
#3394=DIRECTION('center_axis',(0.,1.,0.));
#3395=DIRECTION('ref_axis',(0.70710678118654,0.,-0.707106781186555));
#3396=DIRECTION('',(0.,0.,1.));
#3397=DIRECTION('center_axis',(0.,1.,0.));
#3398=DIRECTION('ref_axis',(0.70710678118654,0.,0.707106781186555));
#3399=DIRECTION('',(-1.,0.,0.));
#3400=DIRECTION('center_axis',(0.,1.,0.));
#3401=DIRECTION('ref_axis',(-0.707106781186546,0.,0.707106781186549));
#3402=DIRECTION('center_axis',(0.,0.,1.));
#3403=DIRECTION('ref_axis',(-0.707106781186549,0.707106781186546,0.));
#3404=DIRECTION('center_axis',(0.,0.,1.));
#3405=DIRECTION('ref_axis',(-0.707106781186549,0.707106781186546,0.));
#3406=DIRECTION('center_axis',(0.,1.,0.));
#3407=DIRECTION('ref_axis',(0.70710678118654,0.,0.707106781186555));
#3408=DIRECTION('center_axis',(0.,-1.,0.));
#3409=DIRECTION('ref_axis',(0.70710678118654,0.,0.707106781186555));
#3410=DIRECTION('',(0.,1.,0.));
#3411=DIRECTION('',(0.,-1.,0.));
#3412=DIRECTION('center_axis',(0.,0.,1.));
#3413=DIRECTION('ref_axis',(1.,0.,0.));
#3414=DIRECTION('',(1.,0.,0.));
#3415=DIRECTION('',(0.,-1.,0.));
#3416=DIRECTION('center_axis',(0.,1.,0.));
#3417=DIRECTION('ref_axis',(-0.707106781186546,0.,0.707106781186549));
#3418=DIRECTION('center_axis',(0.,-1.,0.));
#3419=DIRECTION('ref_axis',(-0.707106781186546,0.,0.707106781186549));
#3420=DIRECTION('',(0.,1.,0.));
#3421=DIRECTION('center_axis',(-1.,0.,0.));
#3422=DIRECTION('ref_axis',(0.,0.,1.));
#3423=DIRECTION('',(0.,0.,1.));
#3424=DIRECTION('',(0.,-1.,0.));
#3425=DIRECTION('center_axis',(0.,1.,0.));
#3426=DIRECTION('ref_axis',(-0.707106781186546,0.,-0.707106781186549));
#3427=DIRECTION('center_axis',(0.,-1.,0.));
#3428=DIRECTION('ref_axis',(-0.707106781186546,0.,-0.707106781186549));
#3429=DIRECTION('',(0.,1.,0.));
#3430=DIRECTION('center_axis',(0.,0.,1.));
#3431=DIRECTION('ref_axis',(1.,0.,0.));
#3432=DIRECTION('',(-1.,0.,0.));
#3433=DIRECTION('',(1.,0.,0.));
#3434=DIRECTION('',(-1.,0.,0.));
#3435=DIRECTION('',(0.,-1.,0.));
#3436=DIRECTION('center_axis',(0.,1.,0.));
#3437=DIRECTION('ref_axis',(0.70710678118654,0.,-0.707106781186555));
#3438=DIRECTION('center_axis',(0.,-1.,0.));
#3439=DIRECTION('ref_axis',(0.70710678118654,0.,-0.707106781186555));
#3440=DIRECTION('',(0.,1.,0.));
#3441=DIRECTION('center_axis',(1.,0.,0.));
#3442=DIRECTION('ref_axis',(0.,0.,-1.));
#3443=DIRECTION('',(0.,0.,-1.));
#3444=DIRECTION('center_axis',(0.,1.,0.));
#3445=DIRECTION('ref_axis',(0.707106781186546,0.,0.707106781186549));
#3446=DIRECTION('',(0.,1.,0.));
#3447=DIRECTION('center_axis',(0.,1.,0.));
#3448=DIRECTION('ref_axis',(0.707106781186546,0.,0.707106781186549));
#3449=DIRECTION('',(0.,-1.,0.));
#3450=DIRECTION('center_axis',(0.,0.,1.));
#3451=DIRECTION('ref_axis',(1.,0.,0.));
#3452=DIRECTION('',(0.,-1.,0.));
#3453=DIRECTION('',(-1.,0.,0.));
#3454=DIRECTION('center_axis',(-1.,0.,0.));
#3455=DIRECTION('ref_axis',(0.,0.,-1.));
#3456=DIRECTION('',(0.,0.,-1.));
#3457=DIRECTION('',(0.,1.,0.));
#3458=DIRECTION('center_axis',(0.,-1.,0.));
#3459=DIRECTION('ref_axis',(0.923879532511286,0.,-0.382683432365091));
#3460=DIRECTION('',(0.,1.,0.));
#3461=DIRECTION('center_axis',(0.,1.,0.));
#3462=DIRECTION('ref_axis',(0.923879532511286,0.,-0.382683432365091));
#3463=DIRECTION('center_axis',(0.,-1.,0.));
#3464=DIRECTION('ref_axis',(-0.707106781186546,0.,0.707106781186549));
#3465=DIRECTION('center_axis',(0.,1.,0.));
#3466=DIRECTION('ref_axis',(-0.707106781186546,0.,0.707106781186549));
#3467=DIRECTION('center_axis',(-1.,0.,0.));
#3468=DIRECTION('ref_axis',(0.,0.,1.));
#3469=DIRECTION('',(0.,0.,-1.));
#3470=DIRECTION('',(0.,1.,0.));
#3471=DIRECTION('center_axis',(0.,-1.,0.));
#3472=DIRECTION('ref_axis',(0.707106781186546,0.,0.707106781186549));
#3473=DIRECTION('',(0.,1.,0.));
#3474=DIRECTION('center_axis',(0.,1.,0.));
#3475=DIRECTION('ref_axis',(0.707106781186546,0.,0.707106781186549));
#3476=DIRECTION('center_axis',(0.,1.,0.));
#3477=DIRECTION('ref_axis',(-0.707106781186546,0.,0.707106781186549));
#3478=DIRECTION('center_axis',(0.,1.,0.));
#3479=DIRECTION('ref_axis',(-0.707106781186546,0.,0.707106781186549));
#3480=DIRECTION('',(0.,-1.,0.));
#3481=DIRECTION('center_axis',(0.,-1.,0.));
#3482=DIRECTION('ref_axis',(1.,0.,0.));
#3483=DIRECTION('',(0.,0.,1.));
#3484=DIRECTION('',(-1.,0.,0.));
#3485=DIRECTION('',(0.,0.,-1.));
#3486=DIRECTION('',(1.,0.,0.));
#3487=DIRECTION('',(0.,0.,1.));
#3488=DIRECTION('',(-1.,0.,0.));
#3489=DIRECTION('',(0.,0.,-1.));
#3490=DIRECTION('',(1.,0.,0.));
#3491=DIRECTION('',(-1.,0.,0.));
#3492=DIRECTION('',(0.,0.,1.));
#3493=DIRECTION('',(0.,0.,1.));
#3494=DIRECTION('center_axis',(0.,1.,0.));
#3495=DIRECTION('ref_axis',(0.707106781186548,0.,0.707106781186548));
#3496=DIRECTION('',(-1.,0.,0.));
#3497=DIRECTION('center_axis',(0.,1.,0.));
#3498=DIRECTION('ref_axis',(0.707106781186548,0.,-0.707106781186547));
#3499=DIRECTION('center_axis',(0.,1.,0.));
#3500=DIRECTION('ref_axis',(0.707106781186548,0.,-0.707106781186547));
#3501=DIRECTION('',(0.,1.,0.));
#3502=DIRECTION('center_axis',(1.,0.,0.));
#3503=DIRECTION('ref_axis',(0.,0.,-1.));
#3504=DIRECTION('',(0.,-1.,0.));
#3505=DIRECTION('center_axis',(0.,1.,0.));
#3506=DIRECTION('ref_axis',(0.707106781186548,0.,0.707106781186548));
#3507=DIRECTION('',(0.,1.,0.));
#3508=DIRECTION('center_axis',(0.,0.,1.));
#3509=DIRECTION('ref_axis',(1.,0.,0.));
#3510=DIRECTION('center_axis',(0.,0.,1.));
#3511=DIRECTION('ref_axis',(1.,0.,0.));
#3512=DIRECTION('center_axis',(0.707106781186543,-0.707106781186552,0.));
#3513=DIRECTION('ref_axis',(0.,0.,-1.));
#3514=DIRECTION('',(-0.577350269189631,-0.577350269189623,-0.577350269189623));
#3515=DIRECTION('',(0.,0.,1.));
#3516=DIRECTION('',(0.577350269189631,0.577350269189623,-0.577350269189623));
#3517=DIRECTION('center_axis',(-1.,0.,0.));
#3518=DIRECTION('ref_axis',(0.,0.,1.));
#3519=DIRECTION('',(0.,0.707106781186548,0.707106781186548));
#3520=DIRECTION('',(0.,1.,0.));
#3521=DIRECTION('',(0.,1.,0.));
#3522=DIRECTION('',(0.,-0.707106781186548,0.707106781186548));
#3523=DIRECTION('center_axis',(-0.707106781186543,-0.707106781186552,0.));
#3524=DIRECTION('ref_axis',(0.,0.,1.));
#3525=DIRECTION('',(0.577350269189631,-0.577350269189623,0.577350269189623));
#3526=DIRECTION('',(0.,0.,-1.));
#3527=DIRECTION('',(-0.577350269189631,0.577350269189623,0.577350269189623));
#3528=DIRECTION('center_axis',(1.,0.,0.));
#3529=DIRECTION('ref_axis',(0.,0.,-1.));
#3530=DIRECTION('',(0.,0.707106781186548,-0.707106781186548));
#3531=DIRECTION('',(0.,1.,0.));
#3532=DIRECTION('',(0.,1.,0.));
#3533=DIRECTION('',(0.,-0.707106781186548,-0.707106781186548));
#3534=DIRECTION('center_axis',(0.707106781186543,0.707106781186552,0.));
#3535=DIRECTION('ref_axis',(0.,0.,-1.));
#3536=DIRECTION('',(0.577350269189626,-0.577350269189619,-0.577350269189632));
#3537=DIRECTION('',(0.,0.,1.));
#3538=DIRECTION('',(-0.577350269189626,0.577350269189619,-0.577350269189632));
#3539=DIRECTION('',(0.,0.,-1.));
#3540=DIRECTION('center_axis',(0.,-1.,0.));
#3541=DIRECTION('ref_axis',(0.,0.,1.));
#3542=DIRECTION('',(-0.707106781186544,0.,0.707106781186551));
#3543=DIRECTION('',(-1.,0.,0.));
#3544=DIRECTION('',(-1.,0.,0.));
#3545=DIRECTION('',(0.707106781186544,0.,0.707106781186551));
#3546=DIRECTION('center_axis',(0.707106781186543,-0.707106781186552,0.));
#3547=DIRECTION('ref_axis',(0.,0.,-1.));
#3548=DIRECTION('',(0.577350269189626,0.577350269189619,0.577350269189632));
#3549=DIRECTION('',(0.,0.,-1.));
#3550=DIRECTION('',(-0.577350269189626,-0.577350269189619,0.577350269189632));
#3551=DIRECTION('',(0.,0.,1.));
#3552=DIRECTION('center_axis',(0.,1.,0.));
#3553=DIRECTION('ref_axis',(0.,0.,-1.));
#3554=DIRECTION('',(-0.707106781186544,0.,-0.707106781186551));
#3555=DIRECTION('',(-1.,0.,0.));
#3556=DIRECTION('',(-1.,0.,0.));
#3557=DIRECTION('',(0.707106781186544,0.,-0.707106781186551));
#3558=DIRECTION('center_axis',(0.707106781186547,-0.707106781186548,0.));
#3559=DIRECTION('ref_axis',(0.,0.,-1.));
#3560=DIRECTION('',(-0.577350269189627,-0.577350269189625,-0.577350269189625));
#3561=DIRECTION('',(0.,0.,1.));
#3562=DIRECTION('',(0.577350269189627,0.577350269189625,-0.577350269189625));
#3563=DIRECTION('center_axis',(-1.,0.,0.));
#3564=DIRECTION('ref_axis',(0.,0.,1.));
#3565=DIRECTION('',(0.,1.,0.));
#3566=DIRECTION('',(0.,1.,0.));
#3567=DIRECTION('center_axis',(-0.707106781186547,-0.707106781186548,0.));
#3568=DIRECTION('ref_axis',(0.,0.,1.));
#3569=DIRECTION('',(0.577350269189627,-0.577350269189625,0.577350269189625));
#3570=DIRECTION('',(0.,0.,-1.));
#3571=DIRECTION('',(-0.577350269189627,0.577350269189625,0.577350269189625));
#3572=DIRECTION('center_axis',(1.,0.,0.));
#3573=DIRECTION('ref_axis',(0.,0.,-1.));
#3574=DIRECTION('',(0.,1.,0.));
#3575=DIRECTION('',(0.,1.,0.));
#3576=DIRECTION('center_axis',(0.707106781186551,0.707106781186544,0.));
#3577=DIRECTION('ref_axis',(0.,0.,-1.));
#3578=DIRECTION('',(0.577350269189622,-0.577350269189628,-0.577350269189628));
#3579=DIRECTION('',(0.,0.,1.));
#3580=DIRECTION('',(-0.577350269189622,0.577350269189628,-0.577350269189628));
#3581=DIRECTION('',(0.,0.,-1.));
#3582=DIRECTION('center_axis',(0.,-1.,0.));
#3583=DIRECTION('ref_axis',(0.,0.,1.));
#3584=DIRECTION('',(-1.,0.,0.));
#3585=DIRECTION('',(-1.,0.,0.));
#3586=DIRECTION('center_axis',(0.707106781186551,-0.707106781186544,0.));
#3587=DIRECTION('ref_axis',(0.,0.,-1.));
#3588=DIRECTION('',(0.577350269189622,0.577350269189627,0.577350269189628));
#3589=DIRECTION('',(0.,0.,-1.));
#3590=DIRECTION('',(-0.577350269189622,-0.577350269189627,0.577350269189628));
#3591=DIRECTION('',(0.,0.,1.));
#3592=DIRECTION('center_axis',(0.,1.,0.));
#3593=DIRECTION('ref_axis',(0.,0.,-1.));
#3594=DIRECTION('',(-1.,0.,0.));
#3595=DIRECTION('',(-1.,0.,0.));
#3596=DIRECTION('center_axis',(0.707106781186551,0.,-0.707106781186544));
#3597=DIRECTION('ref_axis',(-0.707106781186544,0.,-0.707106781186551));
#3598=DIRECTION('',(0.,1.,0.));
#3599=DIRECTION('',(0.,-1.,0.));
#3600=DIRECTION('center_axis',(0.,0.,1.));
#3601=DIRECTION('ref_axis',(0.,1.,0.));
#3602=DIRECTION('center_axis',(0.707106781186551,0.,-0.707106781186544));
#3603=DIRECTION('ref_axis',(-0.707106781186544,0.,-0.707106781186551));
#3604=DIRECTION('',(0.,1.,0.));
#3605=DIRECTION('',(0.,-1.,0.));
#3606=DIRECTION('center_axis',(0.,0.,1.));
#3607=DIRECTION('ref_axis',(0.,1.,0.));
#3608=DIRECTION('center_axis',(0.707106781186551,0.,0.707106781186544));
#3609=DIRECTION('ref_axis',(0.707106781186544,0.,-0.707106781186551));
#3610=DIRECTION('',(0.,-1.,0.));
#3611=DIRECTION('',(0.,1.,0.));
#3612=DIRECTION('center_axis',(0.,0.,-1.));
#3613=DIRECTION('ref_axis',(0.,-1.,0.));
#3614=DIRECTION('center_axis',(0.707106781186551,0.,0.707106781186544));
#3615=DIRECTION('ref_axis',(0.707106781186544,0.,-0.707106781186551));
#3616=DIRECTION('',(0.,-1.,0.));
#3617=DIRECTION('',(0.,1.,0.));
#3618=DIRECTION('center_axis',(0.,0.,-1.));
#3619=DIRECTION('ref_axis',(0.,-1.,0.));
#3620=DIRECTION('center_axis',(0.,-0.707106781186548,-0.707106781186548));
#3621=DIRECTION('ref_axis',(-1.,0.,0.));
#3622=DIRECTION('',(1.,0.,0.));
#3623=DIRECTION('center_axis',(0.,0.,1.));
#3624=DIRECTION('ref_axis',(1.,0.,0.));
#3625=DIRECTION('center_axis',(0.,-0.707106781186548,-0.707106781186548));
#3626=DIRECTION('ref_axis',(-1.,0.,0.));
#3627=DIRECTION('',(1.,0.,0.));
#3628=DIRECTION('center_axis',(0.,0.,1.));
#3629=DIRECTION('ref_axis',(1.,0.,0.));
#3630=DIRECTION('center_axis',(0.,-0.707106781186548,0.707106781186548));
#3631=DIRECTION('ref_axis',(1.,0.,0.));
#3632=DIRECTION('',(-1.,0.,0.));
#3633=DIRECTION('center_axis',(0.,0.,-1.));
#3634=DIRECTION('ref_axis',(-1.,0.,0.));
#3635=DIRECTION('center_axis',(0.,-0.707106781186548,0.707106781186548));
#3636=DIRECTION('ref_axis',(1.,0.,0.));
#3637=DIRECTION('',(-1.,0.,0.));
#3638=DIRECTION('center_axis',(0.,0.,-1.));
#3639=DIRECTION('ref_axis',(-1.,0.,0.));
#3640=DIRECTION('center_axis',(1.,0.,0.));
#3641=DIRECTION('ref_axis',(0.,0.,1.));
#3642=DIRECTION('center_axis',(0.,1.,0.));
#3643=DIRECTION('ref_axis',(-1.,0.,0.));
#3644=DIRECTION('center_axis',(1.,0.,0.));
#3645=DIRECTION('ref_axis',(0.,1.,0.));
#3646=DIRECTION('',(0.,-1.,0.));
#3647=DIRECTION('center_axis',(0.,0.,1.));
#3648=DIRECTION('ref_axis',(1.,0.,0.));
#3649=DIRECTION('center_axis',(0.,0.,1.));
#3650=DIRECTION('ref_axis',(-1.,0.,0.));
#3651=DIRECTION('center_axis',(0.,0.,1.));
#3652=DIRECTION('ref_axis',(-1.,0.,0.));
#3653=DIRECTION('',(-0.707106781186546,-8.65956056235492E-17,-0.707106781186549));
#3654=DIRECTION('center_axis',(0.,0.,-1.));
#3655=DIRECTION('ref_axis',(-1.,0.,0.));
#3656=DIRECTION('center_axis',(0.,0.,1.));
#3657=DIRECTION('ref_axis',(1.,0.,0.));
#3658=DIRECTION('center_axis',(0.,0.,-1.));
#3659=DIRECTION('ref_axis',(-0.707106781186547,-0.707106781186548,0.));
#3660=DIRECTION('',(1.,0.,0.));
#3661=DIRECTION('center_axis',(0.,0.,-1.));
#3662=DIRECTION('ref_axis',(0.707106781186546,-0.707106781186549,0.));
#3663=DIRECTION('',(0.,1.,0.));
#3664=DIRECTION('center_axis',(0.,0.,-1.));
#3665=DIRECTION('ref_axis',(0.707106781186548,0.707106781186548,0.));
#3666=DIRECTION('',(-1.,0.,0.));
#3667=DIRECTION('center_axis',(0.,0.,-1.));
#3668=DIRECTION('ref_axis',(-0.707106781186548,0.707106781186547,0.));
#3669=DIRECTION('',(0.,-1.,0.));
#3670=DIRECTION('center_axis',(0.,0.,1.));
#3671=DIRECTION('ref_axis',(-1.,0.,0.));
#3672=DIRECTION('center_axis',(0.,0.,1.));
#3673=DIRECTION('ref_axis',(-1.,0.,0.));
#3674=DIRECTION('center_axis',(0.,0.,1.));
#3675=DIRECTION('ref_axis',(-1.,0.,0.));
#3676=DIRECTION('center_axis',(0.,0.,1.));
#3677=DIRECTION('ref_axis',(-1.,0.,0.));
#3678=DIRECTION('center_axis',(0.,0.,1.));
#3679=DIRECTION('ref_axis',(-1.,0.,0.));
#3680=DIRECTION('',(0.,0.,1.));
#3681=DIRECTION('center_axis',(0.,0.,1.));
#3682=DIRECTION('ref_axis',(-1.,0.,0.));
#3683=DIRECTION('',(-0.707106781186546,-8.65956056235492E-17,-0.707106781186549));
#3684=DIRECTION('center_axis',(0.,0.,-1.));
#3685=DIRECTION('ref_axis',(-1.,0.,0.));
#3686=DIRECTION('center_axis',(0.,0.,1.));
#3687=DIRECTION('ref_axis',(-1.,0.,0.));
#3688=DIRECTION('center_axis',(0.,0.,1.));
#3689=DIRECTION('ref_axis',(-1.,0.,0.));
#3690=DIRECTION('',(0.,0.,1.));
#3691=DIRECTION('center_axis',(0.,0.,1.));
#3692=DIRECTION('ref_axis',(-1.,0.,0.));
#3693=DIRECTION('',(-0.707106781186547,-8.65956056235493E-17,-0.707106781186548));
#3694=DIRECTION('center_axis',(0.,0.,-1.));
#3695=DIRECTION('ref_axis',(-1.,0.,0.));
#3696=DIRECTION('center_axis',(0.,0.,1.));
#3697=DIRECTION('ref_axis',(-1.,0.,0.));
#3698=DIRECTION('center_axis',(0.,0.,1.));
#3699=DIRECTION('ref_axis',(-1.,0.,0.));
#3700=DIRECTION('',(0.,0.,1.));
#3701=DIRECTION('center_axis',(0.,0.,1.));
#3702=DIRECTION('ref_axis',(-1.,0.,0.));
#3703=DIRECTION('',(-0.707106781186547,-8.65956056235493E-17,-0.707106781186548));
#3704=DIRECTION('center_axis',(0.,0.,-1.));
#3705=DIRECTION('ref_axis',(-1.,0.,0.));
#3706=DIRECTION('center_axis',(0.,0.,1.));
#3707=DIRECTION('ref_axis',(-1.,0.,0.));
#3708=DIRECTION('center_axis',(0.,0.,1.));
#3709=DIRECTION('ref_axis',(-1.,0.,0.));
#3710=DIRECTION('',(0.,0.,1.));
#3711=DIRECTION('center_axis',(0.,0.,1.));
#3712=DIRECTION('ref_axis',(-0.707106781186547,-0.707106781186548,0.));
#3713=DIRECTION('',(0.,0.,-1.));
#3714=DIRECTION('center_axis',(0.,0.,1.));
#3715=DIRECTION('ref_axis',(-0.707106781186547,-0.707106781186548,0.));
#3716=DIRECTION('',(0.,0.,1.));
#3717=DIRECTION('center_axis',(0.,-1.,0.));
#3718=DIRECTION('ref_axis',(1.,0.,0.));
#3719=DIRECTION('',(-1.,0.,0.));
#3720=DIRECTION('',(0.,0.,-1.));
#3721=DIRECTION('center_axis',(0.,0.,1.));
#3722=DIRECTION('ref_axis',(-1.,0.,0.));
#3723=DIRECTION('',(0.,1.,0.));
#3724=DIRECTION('center_axis',(0.,0.,1.));
#3725=DIRECTION('ref_axis',(-0.707106781186548,0.707106781186547,0.));
#3726=DIRECTION('',(1.,0.,0.));
#3727=DIRECTION('center_axis',(0.,0.,1.));
#3728=DIRECTION('ref_axis',(0.707106781186548,0.707106781186548,0.));
#3729=DIRECTION('',(0.,-1.,0.));
#3730=DIRECTION('center_axis',(0.,0.,1.));
#3731=DIRECTION('ref_axis',(0.707106781186546,-0.707106781186549,0.));
#3732=DIRECTION('center_axis',(0.,0.,1.));
#3733=DIRECTION('ref_axis',(-0.707106781186548,0.707106781186547,0.));
#3734=DIRECTION('',(0.,0.,-1.));
#3735=DIRECTION('',(0.,0.,1.));
#3736=DIRECTION('center_axis',(0.,1.,0.));
#3737=DIRECTION('ref_axis',(-1.,0.,0.));
#3738=DIRECTION('',(0.,0.,1.));
#3739=DIRECTION('center_axis',(0.,0.,1.));
#3740=DIRECTION('ref_axis',(0.707106781186548,0.707106781186548,0.));
#3741=DIRECTION('',(0.,0.,-1.));
#3742=DIRECTION('center_axis',(0.,0.,1.));
#3743=DIRECTION('ref_axis',(0.707106781186546,-0.707106781186549,0.));
#3744=DIRECTION('',(0.,0.,1.));
#3745=DIRECTION('center_axis',(-1.,0.,0.));
#3746=DIRECTION('ref_axis',(0.,-1.,0.));
#3747=DIRECTION('center_axis',(1.,0.,0.));
#3748=DIRECTION('ref_axis',(0.,1.,0.));
#3749=DIRECTION('center_axis',(0.,0.,-1.));
#3750=DIRECTION('ref_axis',(-1.,0.,0.));
#3751=DIRECTION('',(1.,0.,0.));
#3752=DIRECTION('',(0.,1.,0.));
#3753=DIRECTION('',(-1.,0.,0.));
#3754=DIRECTION('',(0.,-1.,0.));
#3755=DIRECTION('center_axis',(-1.,0.,0.));
#3756=DIRECTION('ref_axis',(0.,1.,0.));
#3757=DIRECTION('',(0.,0.,-1.));
#3758=DIRECTION('',(0.,1.,0.));
#3759=DIRECTION('',(0.,0.,-1.));
#3760=DIRECTION('center_axis',(0.,1.,0.));
#3761=DIRECTION('ref_axis',(1.,0.,0.));
#3762=DIRECTION('',(0.,0.,-1.));
#3763=DIRECTION('',(1.,0.,0.));
#3764=DIRECTION('center_axis',(0.,-1.,0.));
#3765=DIRECTION('ref_axis',(-1.,0.,0.));
#3766=DIRECTION('',(-1.,0.,0.));
#3767=DIRECTION('',(0.,0.,-1.));
#3768=DIRECTION('center_axis',(1.,0.,0.));
#3769=DIRECTION('ref_axis',(0.,-1.,0.));
#3770=DIRECTION('',(0.,-1.,0.));
#3771=DIRECTION('center_axis',(0.,0.,-1.));
#3772=DIRECTION('ref_axis',(-1.,0.,0.));
#3773=CARTESIAN_POINT('',(0.,0.,0.));
#3774=CARTESIAN_POINT('Origin',(147.500001117587,97.5000007450581,20.));
#3775=CARTESIAN_POINT('',(148.500001117587,97.5000007450581,20.));
#3776=CARTESIAN_POINT('Origin',(147.500001117587,97.5000007450581,20.));
#3777=CARTESIAN_POINT('',(148.500001117587,97.5000007450581,14.));
#3778=CARTESIAN_POINT('',(148.500001117587,97.5000007450581,20.));
#3779=CARTESIAN_POINT('',(148.366026091212,97.,14.));
#3780=CARTESIAN_POINT('Origin',(147.500001117587,97.5000007450581,14.));
#3781=CARTESIAN_POINT('',(146.792894150136,96.792894150136,14.2071058498639));
#3782=CARTESIAN_POINT('Origin',(147.500001117587,97.5000007450581,13.4999992549419));
#3783=CARTESIAN_POINT('',(147.,98.3660255036023,14.));
#3784=CARTESIAN_POINT('Origin',(147.500001117587,97.5000007450581,13.4999988824129));
#3785=CARTESIAN_POINT('Origin',(147.500001117587,97.5000007450581,14.));
#3786=CARTESIAN_POINT('Origin',(2.5,97.5000007450581,20.));
#3787=CARTESIAN_POINT('',(3.50000000000001,97.5000007450581,20.));
#3788=CARTESIAN_POINT('Origin',(2.5,97.5000007450581,20.));
#3789=CARTESIAN_POINT('',(3.50000000000001,97.5000007450581,14.5));
#3790=CARTESIAN_POINT('',(3.50000000000001,97.5000007450581,20.));
#3791=CARTESIAN_POINT('',(3.20710640865742,96.7928935913426,14.2071064086574));
#3792=CARTESIAN_POINT('Origin',(2.5,97.5000007450581,13.5));
#3793=CARTESIAN_POINT('',(1.63397502637546,97.,14.));
#3794=CARTESIAN_POINT('Origin',(2.5,97.5000007450581,13.4999992549419));
#3795=CARTESIAN_POINT('',(3.,98.3660261488425,14.));
#3796=CARTESIAN_POINT('Origin',(2.5,97.5000007450581,14.));
#3797=CARTESIAN_POINT('Origin',(2.5,97.5000007450581,13.5));
#3798=CARTESIAN_POINT('Origin',(147.5,97.5,14.));
#3799=CARTESIAN_POINT('',(147.,100.,14.));
#3800=CARTESIAN_POINT('',(147.,96.25,14.));
#3801=CARTESIAN_POINT('',(150.,100.,14.));
#3802=CARTESIAN_POINT('',(148.75,100.,14.));
#3803=CARTESIAN_POINT('',(150.,97.,14.));
#3804=CARTESIAN_POINT('',(150.,48.75,14.));
#3805=CARTESIAN_POINT('',(148.75,97.,14.));
#3806=CARTESIAN_POINT('Origin',(2.5,97.5,14.));
#3807=CARTESIAN_POINT('',(0.,97.,14.));
#3808=CARTESIAN_POINT('',(3.75,97.,14.));
#3809=CARTESIAN_POINT('',(0.,100.,14.));
#3810=CARTESIAN_POINT('',(0.,98.75,14.));
#3811=CARTESIAN_POINT('',(3.,100.,14.));
#3812=CARTESIAN_POINT('',(76.25,100.,14.));
#3813=CARTESIAN_POINT('',(3.,98.75,14.));
#3814=CARTESIAN_POINT('Origin',(147.500001117587,2.5,20.));
#3815=CARTESIAN_POINT('',(148.500001117587,2.5,20.));
#3816=CARTESIAN_POINT('Origin',(147.500001117587,2.5,20.));
#3817=CARTESIAN_POINT('',(148.500001117587,2.5,14.));
#3818=CARTESIAN_POINT('',(148.500001117587,2.5,20.));
#3819=CARTESIAN_POINT('',(147.,1.63397524145574,14.));
#3820=CARTESIAN_POINT('Origin',(147.500001117587,2.5,14.));
#3821=CARTESIAN_POINT('',(146.792893777607,3.20710622239278,14.2071062223928));
#3822=CARTESIAN_POINT('Origin',(147.500001117587,2.5,13.4999988824129));
#3823=CARTESIAN_POINT('',(148.366026521372,3.,14.));
#3824=CARTESIAN_POINT('Origin',(147.500001117587,2.5,13.5));
#3825=CARTESIAN_POINT('Origin',(147.500001117587,2.5,14.));
#3826=CARTESIAN_POINT('Origin',(2.5,2.5,20.));
#3827=CARTESIAN_POINT('',(3.5,2.5,20.));
#3828=CARTESIAN_POINT('Origin',(2.5,2.5,20.));
#3829=CARTESIAN_POINT('',(3.5,2.5,14.5));
#3830=CARTESIAN_POINT('',(3.5,2.5,20.));
#3831=CARTESIAN_POINT('',(3.,1.63397459621556,14.));
#3832=CARTESIAN_POINT('Origin',(2.5,2.5,13.5));
#3833=CARTESIAN_POINT('',(1.63397459621556,3.,14.));
#3834=CARTESIAN_POINT('Origin',(2.5,2.5,14.));
#3835=CARTESIAN_POINT('',(3.20710678118655,3.20710678118655,14.2071067811865));
#3836=CARTESIAN_POINT('Origin',(2.5,2.5,13.5));
#3837=CARTESIAN_POINT('Origin',(2.5,2.5,13.5));
#3838=CARTESIAN_POINT('Origin',(147.5,2.5,14.));
#3839=CARTESIAN_POINT('',(150.,3.,14.));
#3840=CARTESIAN_POINT('',(146.25,3.,14.));
#3841=CARTESIAN_POINT('',(150.,0.,14.));
#3842=CARTESIAN_POINT('',(150.,1.25,14.));
#3843=CARTESIAN_POINT('',(147.,0.,14.));
#3844=CARTESIAN_POINT('',(73.75,0.,14.));
#3845=CARTESIAN_POINT('',(147.,1.25,14.));
#3846=CARTESIAN_POINT('Origin',(2.5,2.5,14.));
#3847=CARTESIAN_POINT('',(3.,0.,14.));
#3848=CARTESIAN_POINT('',(3.,3.75,14.));
#3849=CARTESIAN_POINT('',(0.,0.,14.));
#3850=CARTESIAN_POINT('',(1.25,0.,14.));
#3851=CARTESIAN_POINT('',(0.,3.,14.));
#3852=CARTESIAN_POINT('',(0.,51.25,14.));
#3853=CARTESIAN_POINT('',(1.25,3.,14.));
#3854=CARTESIAN_POINT('Origin',(3.75,96.,15.));
#3855=CARTESIAN_POINT('',(5.,95.,16.));
#3856=CARTESIAN_POINT('',(3.,97.,14.));
#3857=CARTESIAN_POINT('',(0.,95.,16.));
#3858=CARTESIAN_POINT('',(3.75,95.,16.));
#3859=CARTESIAN_POINT('',(2.77555756156289E-16,100.75,10.25));
#3860=CARTESIAN_POINT('Origin',(4.,98.75,15.));
#3861=CARTESIAN_POINT('',(5.,100.,16.));
#3862=CARTESIAN_POINT('',(36.7500000000001,100.,47.75));
#3863=CARTESIAN_POINT('',(5.,98.75,16.));
#3864=CARTESIAN_POINT('Origin',(5.,95.,20.));
#3865=CARTESIAN_POINT('',(5.,95.,20.));
#3866=CARTESIAN_POINT('',(5.,95.,20.));
#3867=CARTESIAN_POINT('',(0.,95.,20.));
#3868=CARTESIAN_POINT('',(5.,95.,20.));
#3869=CARTESIAN_POINT('',(0.,95.,10.));
#3870=CARTESIAN_POINT('Origin',(5.,100.,20.));
#3871=CARTESIAN_POINT('',(5.,100.,20.));
#3872=CARTESIAN_POINT('',(5.,100.,10.));
#3873=CARTESIAN_POINT('',(5.,101.,20.));
#3874=CARTESIAN_POINT('Origin',(4.,3.75,15.));
#3875=CARTESIAN_POINT('',(5.,5.,16.));
#3876=CARTESIAN_POINT('',(3.,3.,14.));
#3877=CARTESIAN_POINT('',(5.,0.,16.));
#3878=CARTESIAN_POINT('',(5.,3.75,16.));
#3879=CARTESIAN_POINT('',(-0.75,0.,10.25));
#3880=CARTESIAN_POINT('Origin',(1.25,4.,15.));
#3881=CARTESIAN_POINT('',(0.,5.,16.));
#3882=CARTESIAN_POINT('',(0.,24.25,35.25));
#3883=CARTESIAN_POINT('',(1.25,5.,16.));
#3884=CARTESIAN_POINT('Origin',(5.,5.,20.));
#3885=CARTESIAN_POINT('',(5.,5.,20.));
#3886=CARTESIAN_POINT('',(5.,5.,20.));
#3887=CARTESIAN_POINT('',(5.,0.,20.));
#3888=CARTESIAN_POINT('',(5.,-0.999999999999996,20.));
#3889=CARTESIAN_POINT('',(5.,0.,10.));
#3890=CARTESIAN_POINT('Origin',(0.,5.,20.));
#3891=CARTESIAN_POINT('',(0.,5.,20.));
#3892=CARTESIAN_POINT('',(0.,5.,10.));
#3893=CARTESIAN_POINT('',(5.,5.,20.));
#3894=CARTESIAN_POINT('Origin',(146.25,4.,15.));
#3895=CARTESIAN_POINT('',(145.,5.,16.));
#3896=CARTESIAN_POINT('',(147.,3.,14.));
#3897=CARTESIAN_POINT('',(150.,5.,16.));
#3898=CARTESIAN_POINT('',(146.25,5.,16.));
#3899=CARTESIAN_POINT('',(150.,-0.75,10.25));
#3900=CARTESIAN_POINT('Origin',(146.,1.25,15.));
#3901=CARTESIAN_POINT('',(145.,0.,16.));
#3902=CARTESIAN_POINT('',(113.25,0.,47.75));
#3903=CARTESIAN_POINT('',(145.,1.25,16.));
#3904=CARTESIAN_POINT('Origin',(145.,5.,20.));
#3905=CARTESIAN_POINT('',(145.,5.,20.));
#3906=CARTESIAN_POINT('',(145.,5.,20.));
#3907=CARTESIAN_POINT('',(150.,5.,20.));
#3908=CARTESIAN_POINT('',(145.,5.,20.));
#3909=CARTESIAN_POINT('',(150.,5.,10.));
#3910=CARTESIAN_POINT('Origin',(145.,0.,20.));
#3911=CARTESIAN_POINT('',(145.,0.,20.));
#3912=CARTESIAN_POINT('',(145.,0.,10.));
#3913=CARTESIAN_POINT('',(145.,-1.,20.));
#3914=CARTESIAN_POINT('Origin',(146.,96.25,15.));
#3915=CARTESIAN_POINT('',(145.,95.,16.));
#3916=CARTESIAN_POINT('',(147.,97.,14.));
#3917=CARTESIAN_POINT('',(145.,100.,16.));
#3918=CARTESIAN_POINT('',(145.,96.25,16.));
#3919=CARTESIAN_POINT('',(150.75,100.,10.25));
#3920=CARTESIAN_POINT('Origin',(148.75,96.,15.));
#3921=CARTESIAN_POINT('',(150.,95.,16.));
#3922=CARTESIAN_POINT('',(150.,75.75,35.25));
#3923=CARTESIAN_POINT('',(148.75,95.,16.));
#3924=CARTESIAN_POINT('Origin',(145.,95.,20.));
#3925=CARTESIAN_POINT('',(145.,95.,20.));
#3926=CARTESIAN_POINT('',(145.,95.,20.));
#3927=CARTESIAN_POINT('',(145.,100.,20.));
#3928=CARTESIAN_POINT('',(145.,101.,20.));
#3929=CARTESIAN_POINT('',(145.,100.,10.));
#3930=CARTESIAN_POINT('Origin',(150.,95.,20.));
#3931=CARTESIAN_POINT('',(150.,95.,20.));
#3932=CARTESIAN_POINT('',(150.,95.,10.));
#3933=CARTESIAN_POINT('',(145.,95.,20.));
#3934=CARTESIAN_POINT('Origin',(150.,0.,0.));
#3935=CARTESIAN_POINT('',(150.,100.,0.));
#3936=CARTESIAN_POINT('',(150.,100.,3.));
#3937=CARTESIAN_POINT('',(150.,0.,0.));
#3938=CARTESIAN_POINT('',(150.,0.,0.));
#3939=CARTESIAN_POINT('',(150.,0.,3.));
#3940=CARTESIAN_POINT('',(150.,0.,20.));
#3941=CARTESIAN_POINT('',(150.,10.1999997720122,0.299999993294477));
#3942=CARTESIAN_POINT('',(150.,14.3999996781349,0.299999993294477));
#3943=CARTESIAN_POINT('',(150.,7.19999983906746,0.299999993294477));
#3944=CARTESIAN_POINT('',(150.,14.3999996781349,2.09999995306134));
#3945=CARTESIAN_POINT('',(150.,14.3999996781349,1.04999997653067));
#3946=CARTESIAN_POINT('',(150.,10.1999997720122,2.09999995306134));
#3947=CARTESIAN_POINT('',(150.,5.09999988600612,2.09999995306134));
#3948=CARTESIAN_POINT('',(150.,10.1999997720122,0.149999996647239));
#3949=CARTESIAN_POINT('',(150.,4.5193055148491,2.15123180468626));
#3950=CARTESIAN_POINT('',(150.,4.5193055148491,0.299999993294477));
#3951=CARTESIAN_POINT('',(150.,4.5193055148491,0.149999996647239));
#3952=CARTESIAN_POINT('',(150.,8.79999980330467,0.299999993294477));
#3953=CARTESIAN_POINT('',(150.,4.39999990165234,0.299999993294477));
#3954=CARTESIAN_POINT('',(150.,8.79999980330467,2.15123180468626));
#3955=CARTESIAN_POINT('',(150.,8.79999980330467,1.07561590234313));
#3956=CARTESIAN_POINT('',(150.,2.25965275742455,2.15123180468626));
#3957=CARTESIAN_POINT('Origin',(0.,100.,0.));
#3958=CARTESIAN_POINT('',(0.,0.,0.));
#3959=CARTESIAN_POINT('',(0.,0.,3.));
#3960=CARTESIAN_POINT('',(0.,100.,0.));
#3961=CARTESIAN_POINT('',(0.,100.,0.));
#3962=CARTESIAN_POINT('',(0.,100.,0.));
#3963=CARTESIAN_POINT('',(0.,100.,20.));
#3964=CARTESIAN_POINT('Origin',(29.250000435859,-2.,6.00000007450581));
#3965=CARTESIAN_POINT('',(82.0000011920929,-3.,7.0000000745058));
#3966=CARTESIAN_POINT('',(56.5000008717179,-3.,7.0000000745058));
#3967=CARTESIAN_POINT('',(29.250000435859,-3.,7.00000007450581));
#3968=CARTESIAN_POINT('',(58.5000008717179,-1.,5.00000007450581));
#3969=CARTESIAN_POINT('',(56.5000008717179,-3.,7.0000000745058));
#3970=CARTESIAN_POINT('',(80.0000011920929,-1.,5.0000000745058));
#3971=CARTESIAN_POINT('',(58.5000008717179,-1.,5.00000007450581));
#3972=CARTESIAN_POINT('',(82.0000011920929,-3.,7.0000000745058));
#3973=CARTESIAN_POINT('Origin',(57.5000008717179,-2.,-0.500000007450581));
#3974=CARTESIAN_POINT('',(56.5000008717179,-3.,-3.00000001490116));
#3975=CARTESIAN_POINT('',(56.5000008717179,-3.,-0.500000007450581));
#3976=CARTESIAN_POINT('',(58.5000008717179,-1.,-1.00000001490116));
#3977=CARTESIAN_POINT('',(56.5000008717179,-3.,-3.00000001490116));
#3978=CARTESIAN_POINT('',(58.5000008717179,-1.,-1.00000001490116));
#3979=CARTESIAN_POINT('Origin',(81.0000011920929,-2.,2.5000000372529));
#3980=CARTESIAN_POINT('',(80.0000011920929,-1.,-1.00000001490116));
#3981=CARTESIAN_POINT('',(80.0000011920929,-1.,5.0000000745058));
#3982=CARTESIAN_POINT('',(82.0000011920929,-3.,-3.));
#3983=CARTESIAN_POINT('',(80.0000011920929,-1.,-1.00000001490116));
#3984=CARTESIAN_POINT('',(82.0000011920929,-3.,2.5000000372529));
#3985=CARTESIAN_POINT('Origin',(40.0000005960464,-2.,-2.00000001490116));
#3986=CARTESIAN_POINT('',(37.5,-3.,-3.));
#3987=CARTESIAN_POINT('',(80.0000011920929,-1.,-1.00000001490116));
#3988=CARTESIAN_POINT('Origin',(0.,-3.,0.));
#3989=CARTESIAN_POINT('',(151.,-3.,-3.));
#3990=CARTESIAN_POINT('',(37.5,-3.,-3.));
#3991=CARTESIAN_POINT('',(151.,-3.,20.));
#3992=CARTESIAN_POINT('',(151.,-3.,0.));
#3993=CARTESIAN_POINT('',(-1.,-3.,20.));
#3994=CARTESIAN_POINT('',(37.5,-3.,20.));
#3995=CARTESIAN_POINT('',(-1.,-3.,-3.));
#3996=CARTESIAN_POINT('',(-1.,-3.,0.));
#3997=CARTESIAN_POINT('',(37.5,-3.,-3.));
#3998=CARTESIAN_POINT('',(20.5000002756715,-3.,-0.999999985098838));
#3999=CARTESIAN_POINT('',(20.5000002756715,-3.,15.5000002011657));
#4000=CARTESIAN_POINT('',(20.5000002756715,-3.,6.75000010058284));
#4001=CARTESIAN_POINT('',(9.00000016391277,-3.,-0.999999985098839));
#4002=CARTESIAN_POINT('',(9.25000013783574,-3.,-0.999999985098839));
#4003=CARTESIAN_POINT('',(9.00000016391277,-3.,15.5000002011657));
#4004=CARTESIAN_POINT('',(9.00000016391277,-3.,0.500000007450581));
#4005=CARTESIAN_POINT('',(5.50000008195639,-3.,15.5000002011657));
#4006=CARTESIAN_POINT('',(133.499996982515,-3.,-1.20000000670552));
#4007=CARTESIAN_POINT('',(139.799996886402,-3.,-1.20000000670552));
#4008=CARTESIAN_POINT('',(69.6499984432012,-3.,-1.20000000670552));
#4009=CARTESIAN_POINT('',(133.499996982515,-3.,3.69999995082617));
#4010=CARTESIAN_POINT('',(133.499996982515,-3.,0.149999996647239));
#4011=CARTESIAN_POINT('',(139.799996886402,-3.,3.69999995082617));
#4012=CARTESIAN_POINT('',(67.4999984912574,-3.,3.69999995082617));
#4013=CARTESIAN_POINT('',(139.799996886402,-3.,1.09999997541308));
#4014=CARTESIAN_POINT('',(146.399996761233,-3.,3.69999995082617));
#4015=CARTESIAN_POINT('',(140.099996857345,-3.,3.69999995082617));
#4016=CARTESIAN_POINT('',(70.2999984286726,-3.,3.69999995082617));
#4017=CARTESIAN_POINT('',(146.399996761233,-3.,-1.20000000670552));
#4018=CARTESIAN_POINT('',(146.399996761233,-3.,1.09999997541308));
#4019=CARTESIAN_POINT('',(140.099996857345,-3.,-1.20000000670552));
#4020=CARTESIAN_POINT('',(72.4499983806163,-3.,-1.20000000670552));
#4021=CARTESIAN_POINT('',(140.099996857345,-3.,0.149999996647239));
#4022=CARTESIAN_POINT('Origin',(19.5000002756715,-2.,6.75000010058284));
#4023=CARTESIAN_POINT('',(18.5000002756715,-1.,13.5000002011657));
#4024=CARTESIAN_POINT('',(20.5000002756715,-3.,15.5000002011657));
#4025=CARTESIAN_POINT('',(18.5000002756715,-1.,1.00000001490116));
#4026=CARTESIAN_POINT('',(18.5000002756715,-1.,13.5000002011657));
#4027=CARTESIAN_POINT('',(18.5000002756715,-1.,1.00000001490116));
#4028=CARTESIAN_POINT('Origin',(5.50000008195639,-2.,14.5000002011657));
#4029=CARTESIAN_POINT('',(11.0000001639128,-1.,13.5000002011657));
#4030=CARTESIAN_POINT('',(9.00000016391277,-3.,15.5000002011657));
#4031=CARTESIAN_POINT('',(11.0000001639128,-1.,13.5000002011657));
#4032=CARTESIAN_POINT('Origin',(10.0000001639128,-2.,0.500000007450581));
#4033=CARTESIAN_POINT('',(11.0000001639128,-1.,1.00000001490116));
#4034=CARTESIAN_POINT('',(11.0000001639128,-1.,1.00000001490116));
#4035=CARTESIAN_POINT('',(9.00000016391277,-3.,-0.999999985098839));
#4036=CARTESIAN_POINT('Origin',(9.25000013783574,-2.,1.49011611383365E-8));
#4037=CARTESIAN_POINT('',(18.5000002756715,-1.,1.00000001490116));
#4038=CARTESIAN_POINT('Origin',(14.7500002197921,-1.,7.25000010803342));
#4039=CARTESIAN_POINT('',(15.7999996289611,-1.,2.29999994412064));
#4040=CARTESIAN_POINT('',(16.7999996289611,-1.,3.29999994412065));
#4041=CARTESIAN_POINT('Origin',(15.7999996289611,-1.,3.29999994412065));
#4042=CARTESIAN_POINT('',(13.7425164973645,-1.,2.29999994412064));
#4043=CARTESIAN_POINT('',(13.8462583585783,-1.,2.29999994412065));
#4044=CARTESIAN_POINT('',(12.7425164973645,-1.,3.29999994412065));
#4045=CARTESIAN_POINT('Origin',(13.7425164973645,-1.,3.29999994412065));
#4046=CARTESIAN_POINT('',(12.7425164973645,-1.,10.9999997362494));
#4047=CARTESIAN_POINT('',(12.7425164973645,-1.,9.52499992214143));
#4048=CARTESIAN_POINT('',(13.7425164973645,-1.,11.9999997362494));
#4049=CARTESIAN_POINT('Origin',(13.7425164973645,-1.,10.9999997362494));
#4050=CARTESIAN_POINT('',(15.7999996289611,-1.,11.9999997362494));
#4051=CARTESIAN_POINT('',(15.6749999243766,-1.,11.9999997362494));
#4052=CARTESIAN_POINT('',(16.7999996289611,-1.,10.9999997362494));
#4053=CARTESIAN_POINT('Origin',(15.7999996289611,-1.,10.9999997362494));
#4054=CARTESIAN_POINT('',(16.7999996289611,-1.,4.87500002607703));
#4055=CARTESIAN_POINT('Origin',(13.7425164973645,0.,10.9999997362494));
#4056=CARTESIAN_POINT('',(12.7425164973645,0.,10.9999997362494));
#4057=CARTESIAN_POINT('',(12.7425164973645,0.,10.9999997362494));
#4058=CARTESIAN_POINT('',(13.7425164973645,0.,11.9999997362494));
#4059=CARTESIAN_POINT('Origin',(13.7425164973645,0.,10.9999997362494));
#4060=CARTESIAN_POINT('',(13.7425164973645,0.,11.9999997362494));
#4061=CARTESIAN_POINT('Origin',(12.7425164973645,0.,11.7999997362494));
#4062=CARTESIAN_POINT('',(12.7425164973645,0.,3.29999994412065));
#4063=CARTESIAN_POINT('',(12.7425164973645,0.,3.29999994412065));
#4064=CARTESIAN_POINT('',(12.7425164973645,0.,5.89999986812472));
#4065=CARTESIAN_POINT('Origin',(13.7425164973645,0.,3.29999994412065));
#4066=CARTESIAN_POINT('',(13.7425164973645,0.,2.29999994412065));
#4067=CARTESIAN_POINT('',(13.7425164973645,0.,2.29999994412065));
#4068=CARTESIAN_POINT('Origin',(13.7425164973645,0.,3.29999994412065));
#4069=CARTESIAN_POINT('Origin',(12.9425164973645,0.,2.29999994412065));
#4070=CARTESIAN_POINT('',(15.7999996289611,0.,2.29999994412065));
#4071=CARTESIAN_POINT('',(15.7999996289611,0.,2.29999994412065));
#4072=CARTESIAN_POINT('',(8.29999981448054,0.,2.29999994412065));
#4073=CARTESIAN_POINT('Origin',(69.2500010319054,-1.,2.00000002980232));
#4074=CARTESIAN_POINT('',(78.4999982498586,-1.,2.89999991729856));
#4075=CARTESIAN_POINT('',(77.4999982498586,-1.,3.89999991729855));
#4076=CARTESIAN_POINT('Origin',(77.4999982498586,-1.,2.89999991729856));
#4077=CARTESIAN_POINT('',(78.4999982498586,-1.,1.29999999329448));
#4078=CARTESIAN_POINT('',(78.4999982498586,-1.,1.1500000115484));
#4079=CARTESIAN_POINT('',(77.4999982498586,-1.,0.299999993294477));
#4080=CARTESIAN_POINT('Origin',(77.4999982498586,-1.,1.29999999329448));
#4081=CARTESIAN_POINT('',(70.0999984510243,-1.,0.299999993294481));
#4082=CARTESIAN_POINT('',(69.2749997414649,-1.,0.299999993294477));
#4083=CARTESIAN_POINT('',(69.0999984510243,-1.,1.29999999329448));
#4084=CARTESIAN_POINT('Origin',(70.0999984510243,-1.,1.29999999329448));
#4085=CARTESIAN_POINT('',(69.0999984510243,-1.,2.89999991729856));
#4086=CARTESIAN_POINT('',(69.0999984510243,-1.,2.84999997355044));
#4087=CARTESIAN_POINT('',(70.0999984510243,-1.,3.89999991729856));
#4088=CARTESIAN_POINT('Origin',(70.0999984510243,-1.,2.89999991729856));
#4089=CARTESIAN_POINT('',(73.774999640882,-1.,3.89999991729856));
#4090=CARTESIAN_POINT('',(66.607105285855,-1.,0.807106756599632));
#4091=CARTESIAN_POINT('',(66.8999985046685,-1.,1.51421353778618));
#4092=CARTESIAN_POINT('Origin',(65.8999985046685,-1.,1.51421353778618));
#4093=CARTESIAN_POINT('',(66.3928917413633,-1.,0.59289321210793));
#4094=CARTESIAN_POINT('',(67.3124991590157,-1.,1.51250062976032));
#4095=CARTESIAN_POINT('',(65.6857849601768,-1.,0.299999993294477));
#4096=CARTESIAN_POINT('Origin',(65.6857849601768,-1.,1.29999999329448));
#4097=CARTESIAN_POINT('',(61.5801979544224,-1.,0.299999993294477));
#4098=CARTESIAN_POINT('',(65.2249998319894,-1.,0.299999993294477));
#4099=CARTESIAN_POINT('',(60.9158341155925,-1.,0.552590674610822));
#4100=CARTESIAN_POINT('Origin',(61.5801979544224,-1.,1.29999999329448));
#4101=CARTESIAN_POINT('',(60.63563481336,-1.,0.801656721039684));
#4102=CARTESIAN_POINT('',(62.5763786137104,-1.,-0.923448879271746));
#4103=CARTESIAN_POINT('',(60.29999865219,-1.,1.54906603972334));
#4104=CARTESIAN_POINT('Origin',(61.29999865219,-1.,1.54906603972334));
#4105=CARTESIAN_POINT('',(60.29999865219,-1.,2.59999992400408));
#4106=CARTESIAN_POINT('',(60.29999865219,-1.,2.6999999769032));
#4107=CARTESIAN_POINT('',(61.29999865219,-1.,3.59999992400408));
#4108=CARTESIAN_POINT('Origin',(61.29999865219,-1.,2.59999992400408));
#4109=CARTESIAN_POINT('',(65.8999985046685,-1.,3.59999992400407));
#4110=CARTESIAN_POINT('',(68.0749997682869,-1.,3.59999992400408));
#4111=CARTESIAN_POINT('',(66.8999985046685,-1.,2.59999992400408));
#4112=CARTESIAN_POINT('Origin',(65.8999985046685,-1.,2.59999992400408));
#4113=CARTESIAN_POINT('',(66.8999985046685,-1.,1.5500000026077));
#4114=CARTESIAN_POINT('Origin',(61.29999865219,0.,1.54906603972334));
#4115=CARTESIAN_POINT('',(60.63563481336,0.,0.801656721039681));
#4116=CARTESIAN_POINT('',(60.63563481336,0.,0.801656721039682));
#4117=CARTESIAN_POINT('',(60.29999865219,0.,1.54906603972334));
#4118=CARTESIAN_POINT('Origin',(61.29999865219,0.,1.54906603972334));
#4119=CARTESIAN_POINT('',(60.29999865219,0.,1.54906603972334));
#4120=CARTESIAN_POINT('Origin',(60.29999865219,0.,1.09999997541308));
#4121=CARTESIAN_POINT('',(60.9158341155925,0.,0.552590674610822));
#4122=CARTESIAN_POINT('',(60.9158341155925,0.,0.552590674610822));
#4123=CARTESIAN_POINT('',(43.7306886777153,0.,15.8282755082794));
#4124=CARTESIAN_POINT('Origin',(61.5801979544224,0.,1.29999999329448));
#4125=CARTESIAN_POINT('',(61.5801979544224,0.,0.299999993294477));
#4126=CARTESIAN_POINT('',(61.5801979544224,0.,0.299999993294477));
#4127=CARTESIAN_POINT('Origin',(61.5801979544224,0.,1.29999999329448));
#4128=CARTESIAN_POINT('Origin',(61.1999986320734,0.,0.299999993294477));
#4129=CARTESIAN_POINT('',(65.6857849601768,0.,0.299999993294477));
#4130=CARTESIAN_POINT('',(65.6857849601768,0.,0.299999993294477));
#4131=CARTESIAN_POINT('',(30.5999993160367,0.,0.299999993294477));
#4132=CARTESIAN_POINT('Origin',(65.6857849601768,0.,1.29999999329448));
#4133=CARTESIAN_POINT('',(66.3928917413633,0.,0.592893212107934));
#4134=CARTESIAN_POINT('',(66.3928917413633,0.,0.592893212107934));
#4135=CARTESIAN_POINT('Origin',(65.6857849601768,0.,1.29999999329448));
#4136=CARTESIAN_POINT('Origin',(66.0999985225499,0.,0.299999993294477));
#4137=CARTESIAN_POINT('',(66.607105285855,0.,0.807106756599631));
#4138=CARTESIAN_POINT('',(66.607105285855,0.,0.807106756599634));
#4139=CARTESIAN_POINT('',(49.4999988935888,0.,-16.2999996356666));
#4140=CARTESIAN_POINT('Origin',(70.0999984510243,0.,1.29999999329448));
#4141=CARTESIAN_POINT('',(70.0999984510243,0.,0.299999993294477));
#4142=CARTESIAN_POINT('',(70.0999984510243,0.,0.299999993294477));
#4143=CARTESIAN_POINT('',(69.0999984510243,0.,1.29999999329448));
#4144=CARTESIAN_POINT('Origin',(70.0999984510243,0.,1.29999999329448));
#4145=CARTESIAN_POINT('',(69.0999984510243,0.,1.29999999329448));
#4146=CARTESIAN_POINT('Origin',(69.2999984510243,0.,0.299999993294477));
#4147=CARTESIAN_POINT('',(77.4999982498586,0.,0.299999993294477));
#4148=CARTESIAN_POINT('',(77.4999982498586,0.,0.299999993294477));
#4149=CARTESIAN_POINT('',(34.6499992255121,0.,0.299999993294477));
#4150=CARTESIAN_POINT('Origin',(77.4999982498586,0.,1.29999999329448));
#4151=CARTESIAN_POINT('',(78.4999982498586,0.,1.29999999329448));
#4152=CARTESIAN_POINT('',(78.4999982498586,0.,1.29999999329448));
#4153=CARTESIAN_POINT('Origin',(77.4999982498586,0.,1.29999999329448));
#4154=CARTESIAN_POINT('Origin',(78.4999982498586,0.,0.299999993294477));
#4155=CARTESIAN_POINT('',(78.4999982498586,0.,2.89999991729856));
#4156=CARTESIAN_POINT('',(78.4999982498586,0.,2.89999991729856));
#4157=CARTESIAN_POINT('',(78.4999982498586,0.,0.149999996647239));
#4158=CARTESIAN_POINT('Origin',(151.,-1.,0.));
#4159=CARTESIAN_POINT('',(153.,-1.,20.));
#4160=CARTESIAN_POINT('Origin',(151.,-1.,20.));
#4161=CARTESIAN_POINT('',(153.,-1.,-3.));
#4162=CARTESIAN_POINT('Origin',(151.,-1.,-3.));
#4163=CARTESIAN_POINT('',(153.,-1.,0.));
#4164=CARTESIAN_POINT('Origin',(75.,50.,20.));
#4165=CARTESIAN_POINT('',(153.,101.,20.));
#4166=CARTESIAN_POINT('',(153.,25.,20.));
#4167=CARTESIAN_POINT('',(151.,103.,20.));
#4168=CARTESIAN_POINT('Origin',(151.,101.,20.));
#4169=CARTESIAN_POINT('',(-0.999999999999996,103.,20.));
#4170=CARTESIAN_POINT('',(112.5,103.,20.));
#4171=CARTESIAN_POINT('',(-3.,101.,20.));
#4172=CARTESIAN_POINT('Origin',(-0.999999999999996,101.,20.));
#4173=CARTESIAN_POINT('',(-3.,-0.999999999999996,20.));
#4174=CARTESIAN_POINT('',(-3.,75.,20.));
#4175=CARTESIAN_POINT('Origin',(-1.,-0.999999999999996,20.));
#4176=CARTESIAN_POINT('',(150.,100.,20.));
#4177=CARTESIAN_POINT('',(0.,0.,20.));
#4178=CARTESIAN_POINT('Origin',(-1.,-0.999999999999996,0.));
#4179=CARTESIAN_POINT('',(-3.,-0.999999999999996,-3.));
#4180=CARTESIAN_POINT('',(-3.,-0.999999999999996,0.));
#4181=CARTESIAN_POINT('Origin',(-1.,-0.999999999999996,-3.));
#4182=CARTESIAN_POINT('Origin',(-3.,100.,0.));
#4183=CARTESIAN_POINT('',(-3.,101.,-3.));
#4184=CARTESIAN_POINT('',(-3.,101.,0.));
#4185=CARTESIAN_POINT('',(-3.,75.,-3.));
#4186=CARTESIAN_POINT('Origin',(151.,101.,0.));
#4187=CARTESIAN_POINT('',(153.,101.,-3.));
#4188=CARTESIAN_POINT('',(153.,101.,0.));
#4189=CARTESIAN_POINT('',(151.,103.,-3.));
#4190=CARTESIAN_POINT('Origin',(151.,101.,-3.));
#4191=CARTESIAN_POINT('',(151.,103.,0.));
#4192=CARTESIAN_POINT('Origin',(150.,103.,0.));
#4193=CARTESIAN_POINT('',(-0.999999999999996,103.,-3.));
#4194=CARTESIAN_POINT('',(112.5,103.,-3.));
#4195=CARTESIAN_POINT('',(-0.999999999999996,103.,0.));
#4196=CARTESIAN_POINT('',(69.0000010281801,103.,16.));
#4197=CARTESIAN_POINT('',(69.0000010281801,103.,1.));
#4198=CARTESIAN_POINT('',(69.0000010281801,103.,0.));
#4199=CARTESIAN_POINT('',(70.0000010281801,103.,0.));
#4200=CARTESIAN_POINT('Origin',(70.0000010281801,103.,1.));
#4201=CARTESIAN_POINT('',(89.0000013411045,103.,0.));
#4202=CARTESIAN_POINT('',(120.000000670552,103.,0.));
#4203=CARTESIAN_POINT('',(90.0000013411045,103.,1.));
#4204=CARTESIAN_POINT('Origin',(89.0000013411045,103.,1.));
#4205=CARTESIAN_POINT('',(90.0000013411045,103.,16.));
#4206=CARTESIAN_POINT('',(90.0000013411045,103.,8.5));
#4207=CARTESIAN_POINT('',(89.0000013411045,103.,17.));
#4208=CARTESIAN_POINT('Origin',(89.0000013411045,103.,16.));
#4209=CARTESIAN_POINT('',(70.0000010281801,103.,17.));
#4210=CARTESIAN_POINT('',(109.50000051409,103.,17.));
#4211=CARTESIAN_POINT('Origin',(70.0000010281801,103.,16.));
#4212=CARTESIAN_POINT('Origin',(-0.999999999999996,101.,0.));
#4213=CARTESIAN_POINT('Origin',(-0.999999999999996,101.,-3.));
#4214=CARTESIAN_POINT('Origin',(89.0000013411045,99.000001475215,16.));
#4215=CARTESIAN_POINT('',(90.0000013411045,100.,16.));
#4216=CARTESIAN_POINT('',(89.0000013411045,100.,17.));
#4217=CARTESIAN_POINT('Origin',(89.0000013411045,100.,16.));
#4218=CARTESIAN_POINT('',(89.0000013411045,99.000001475215,17.));
#4219=CARTESIAN_POINT('',(90.0000013411045,99.000001475215,16.));
#4220=CARTESIAN_POINT('Origin',(69.0000010281801,99.000001475215,17.));
#4221=CARTESIAN_POINT('',(70.0000010281801,100.,17.));
#4222=CARTESIAN_POINT('',(109.50000051409,100.,17.));
#4223=CARTESIAN_POINT('',(70.0000010281801,99.000001475215,17.));
#4224=CARTESIAN_POINT('Origin',(70.0000010281801,99.000001475215,16.));
#4225=CARTESIAN_POINT('',(69.0000010281801,100.,16.));
#4226=CARTESIAN_POINT('Origin',(70.0000010281801,100.,16.));
#4227=CARTESIAN_POINT('',(69.0000010281801,99.000001475215,16.));
#4228=CARTESIAN_POINT('Origin',(69.0000010281801,99.000001475215,0.));
#4229=CARTESIAN_POINT('',(69.0000010281801,100.,1.));
#4230=CARTESIAN_POINT('',(69.0000010281801,100.,0.));
#4231=CARTESIAN_POINT('',(69.0000010281801,74.5000007376075,1.));
#4232=CARTESIAN_POINT('Origin',(70.0000010281801,74.5000007376075,1.));
#4233=CARTESIAN_POINT('',(70.0000010281801,100.,0.));
#4234=CARTESIAN_POINT('Origin',(70.0000010281801,100.,1.));
#4235=CARTESIAN_POINT('',(70.0000010281801,74.5000007376075,0.));
#4236=CARTESIAN_POINT('Origin',(75.,50.,0.));
#4237=CARTESIAN_POINT('',(150.,100.,0.));
#4238=CARTESIAN_POINT('',(0.,0.,0.));
#4239=CARTESIAN_POINT('',(89.0000013411045,100.,0.));
#4240=CARTESIAN_POINT('',(150.,100.,0.));
#4241=CARTESIAN_POINT('',(89.0000013411045,74.5000007376075,0.));
#4242=CARTESIAN_POINT('Origin',(89.0000013411045,74.5000007376075,1.));
#4243=CARTESIAN_POINT('',(90.0000013411045,100.,1.));
#4244=CARTESIAN_POINT('Origin',(89.0000013411045,100.,1.));
#4245=CARTESIAN_POINT('',(90.0000013411045,74.5000007376075,1.));
#4246=CARTESIAN_POINT('Origin',(90.0000013411045,99.000001475215,17.));
#4247=CARTESIAN_POINT('',(90.0000013411045,100.,8.5));
#4248=CARTESIAN_POINT('Origin',(65.8999985046685,0.,2.59999992400408));
#4249=CARTESIAN_POINT('',(65.8999985046685,0.,3.59999992400408));
#4250=CARTESIAN_POINT('',(65.8999985046685,0.,3.59999992400408));
#4251=CARTESIAN_POINT('',(66.8999985046685,0.,2.59999992400408));
#4252=CARTESIAN_POINT('Origin',(65.8999985046685,0.,2.59999992400408));
#4253=CARTESIAN_POINT('',(66.8999985046685,0.,2.59999992400408));
#4254=CARTESIAN_POINT('Origin',(66.8999985046685,0.,3.59999992400408));
#4255=CARTESIAN_POINT('',(61.29999865219,0.,3.59999992400408));
#4256=CARTESIAN_POINT('',(61.29999865219,0.,3.59999992400408));
#4257=CARTESIAN_POINT('',(33.4499992523342,0.,3.59999992400408));
#4258=CARTESIAN_POINT('Origin',(60.29999865219,0.,3.39999992400408));
#4259=CARTESIAN_POINT('',(60.29999865219,0.,2.59999992400408));
#4260=CARTESIAN_POINT('',(60.29999865219,0.,1.69999996200204));
#4261=CARTESIAN_POINT('',(60.29999865219,0.,2.59999992400408));
#4262=CARTESIAN_POINT('Origin',(65.8999985046685,0.,1.51421353778618));
#4263=CARTESIAN_POINT('',(66.8999985046685,0.,1.51421353778618));
#4264=CARTESIAN_POINT('',(66.8999985046685,0.,1.51421353778618));
#4265=CARTESIAN_POINT('Origin',(65.8999985046685,0.,1.51421353778618));
#4266=CARTESIAN_POINT('Origin',(61.29999865219,0.,2.59999992400408));
#4267=CARTESIAN_POINT('Origin',(61.29999865219,0.,2.59999992400408));
#4268=CARTESIAN_POINT('Origin',(69.0999984510243,0.,3.69999991729856));
#4269=CARTESIAN_POINT('',(69.0999984510243,0.,2.89999991729856));
#4270=CARTESIAN_POINT('',(69.0999984510243,0.,1.84999995864928));
#4271=CARTESIAN_POINT('',(69.0999984510243,0.,2.89999991729856));
#4272=CARTESIAN_POINT('Origin',(77.4999982498586,0.,2.89999991729856));
#4273=CARTESIAN_POINT('',(77.4999982498586,0.,3.89999991729856));
#4274=CARTESIAN_POINT('',(77.4999982498586,0.,3.89999991729856));
#4275=CARTESIAN_POINT('Origin',(77.4999982498586,0.,2.89999991729856));
#4276=CARTESIAN_POINT('Origin',(70.0999984510243,0.,2.89999991729856));
#4277=CARTESIAN_POINT('',(70.0999984510243,0.,3.89999991729856));
#4278=CARTESIAN_POINT('Origin',(70.0999984510243,0.,2.89999991729856));
#4279=CARTESIAN_POINT('',(70.0999984510243,0.,3.89999991729856));
#4280=CARTESIAN_POINT('Origin',(0.,0.,0.));
#4281=CARTESIAN_POINT('',(144.899996761233,0.,0.299999993294477));
#4282=CARTESIAN_POINT('',(144.899996761233,0.,2.19999995082617));
#4283=CARTESIAN_POINT('',(144.899996761233,0.,1.09999997541308));
#4284=CARTESIAN_POINT('',(140.599996857345,0.,2.19999995082617));
#4285=CARTESIAN_POINT('',(70.2999984286726,0.,2.19999995082617));
#4286=CARTESIAN_POINT('',(140.599996857345,0.,0.299999993294477));
#4287=CARTESIAN_POINT('',(140.599996857345,0.,0.149999996647239));
#4288=CARTESIAN_POINT('',(72.4499983806163,0.,0.299999993294477));
#4289=CARTESIAN_POINT('',(139.299996886402,0.,0.299999993294477));
#4290=CARTESIAN_POINT('',(139.299996886402,0.,2.19999995082617));
#4291=CARTESIAN_POINT('',(139.299996886402,0.,1.09999997541308));
#4292=CARTESIAN_POINT('',(134.999996982515,0.,2.19999995082617));
#4293=CARTESIAN_POINT('',(67.4999984912574,0.,2.19999995082617));
#4294=CARTESIAN_POINT('',(134.999996982515,0.,0.299999993294477));
#4295=CARTESIAN_POINT('',(134.999996982515,0.,0.149999996647239));
#4296=CARTESIAN_POINT('',(69.6499984432012,0.,0.299999993294477));
#4297=CARTESIAN_POINT('',(34.6499992255121,0.,3.89999991729856));
#4298=CARTESIAN_POINT('',(66.8999985046685,0.,1.69999996200204));
#4299=CARTESIAN_POINT('',(16.7999996289611,0.,3.29999994412065));
#4300=CARTESIAN_POINT('',(16.7999996289611,0.,10.9999997362494));
#4301=CARTESIAN_POINT('',(16.7999996289611,0.,5.89999986812472));
#4302=CARTESIAN_POINT('',(15.7999996289611,0.,11.9999997362494));
#4303=CARTESIAN_POINT('Origin',(15.7999996289611,0.,10.9999997362494));
#4304=CARTESIAN_POINT('',(8.29999981448054,0.,11.9999997362494));
#4305=CARTESIAN_POINT('Origin',(15.7999996289611,0.,3.29999994412065));
#4306=CARTESIAN_POINT('Origin',(15.7999996289611,0.,3.29999994412065));
#4307=CARTESIAN_POINT('',(16.7999996289611,0.,3.29999994412065));
#4308=CARTESIAN_POINT('Origin',(16.7999996289611,0.,2.49999994412065));
#4309=CARTESIAN_POINT('',(16.7999996289611,0.,10.9999997362494));
#4310=CARTESIAN_POINT('Origin',(15.7999996289611,0.,10.9999997362494));
#4311=CARTESIAN_POINT('',(15.7999996289611,0.,11.9999997362494));
#4312=CARTESIAN_POINT('Origin',(16.5999996289611,0.,11.9999997362494));
#4313=CARTESIAN_POINT('Origin',(78.2999982498586,0.,3.89999991729856));
#4314=CARTESIAN_POINT('Origin',(140.349996857345,-2.75,0.149999996647239));
#4315=CARTESIAN_POINT('',(140.599996857345,-2.5,-0.700000006705522));
#4316=CARTESIAN_POINT('',(129.383330445116,-13.7166664122294,-11.9166664189349));
#4317=CARTESIAN_POINT('',(140.599996857345,-2.5,3.19999995082617));
#4318=CARTESIAN_POINT('',(140.599996857345,-2.5,0.149999996647239));
#4319=CARTESIAN_POINT('',(129.391663778263,-13.7083330790823,14.4083330299085));
#4320=CARTESIAN_POINT('Origin',(140.599996857345,-3.,0.299999993294477));
#4321=CARTESIAN_POINT('',(140.599996857345,-1.5,0.299999993294477));
#4322=CARTESIAN_POINT('',(140.599996857345,-2.25,-0.450000006705523));
#4323=CARTESIAN_POINT('',(140.599996857345,-3.,0.299999993294477));
#4324=CARTESIAN_POINT('',(140.599996857345,-1.5,2.19999995082617));
#4325=CARTESIAN_POINT('',(140.599996857345,-3.,2.19999995082617));
#4326=CARTESIAN_POINT('',(140.599996857345,-1.77500001061708,2.47499996144325));
#4327=CARTESIAN_POINT('Origin',(139.549996886402,-2.75,1.09999997541308));
#4328=CARTESIAN_POINT('',(139.299996886402,-2.5,3.19999995082617));
#4329=CARTESIAN_POINT('',(126.983330491309,9.81666639509305,-9.11666644426688));
#4330=CARTESIAN_POINT('',(139.299996886402,-2.5,-0.700000006705522));
#4331=CARTESIAN_POINT('',(139.299996886402,-2.5,1.09999997541308));
#4332=CARTESIAN_POINT('',(127.391663815516,9.40833307088668,11.2083330641812));
#4333=CARTESIAN_POINT('Origin',(139.299996886402,-3.,2.19999995082617));
#4334=CARTESIAN_POINT('',(139.299996886402,-1.5,2.19999995082617));
#4335=CARTESIAN_POINT('',(139.299996886402,-2.25,2.94999995082617));
#4336=CARTESIAN_POINT('',(139.299996886402,-3.,2.19999995082617));
#4337=CARTESIAN_POINT('',(139.299996886402,-1.5,0.299999993294477));
#4338=CARTESIAN_POINT('',(139.299996886402,-3.,0.299999993294477));
#4339=CARTESIAN_POINT('',(139.299996886402,-1.77500001061708,0.0249999826773999));
#4340=CARTESIAN_POINT('Origin',(152.75,9.94999977201223,0.149999996647239));
#4341=CARTESIAN_POINT('',(153.,9.69999977201223,-1.20000000670552));
#4342=CARTESIAN_POINT('',(152.5,10.1999997720122,-0.700000006705507));
#4343=CARTESIAN_POINT('',(152.858333321599,9.84166645041357,-1.05833332830418));
#4344=CARTESIAN_POINT('',(152.5,10.1999997720122,3.09999995306133));
#4345=CARTESIAN_POINT('',(152.5,10.1999997720122,0.149999996647239));
#4346=CARTESIAN_POINT('',(153.,9.69999977201223,3.59999995306134));
#4347=CARTESIAN_POINT('',(152.858333321599,9.84166645041358,3.45833327465999));
#4348=CARTESIAN_POINT('',(153.,9.69999977201223,0.149999996647239));
#4349=CARTESIAN_POINT('Origin',(153.,10.1999997720122,0.299999993294477));
#4350=CARTESIAN_POINT('',(151.5,10.1999997720122,0.299999993294477));
#4351=CARTESIAN_POINT('',(152.25,10.1999997720122,-0.450000006705519));
#4352=CARTESIAN_POINT('',(153.,10.1999997720122,0.299999993294477));
#4353=CARTESIAN_POINT('',(151.5,10.1999997720122,2.09999995306134));
#4354=CARTESIAN_POINT('',(153.,10.1999997720122,2.09999995306134));
#4355=CARTESIAN_POINT('',(151.800000010058,10.1999997720122,2.39999996311962));
#4356=CARTESIAN_POINT('Origin',(152.75,9.04999980330467,1.07561590234313));
#4357=CARTESIAN_POINT('',(153.,9.29999980330467,3.65123180468626));
#4358=CARTESIAN_POINT('',(152.5,8.79999980330467,3.15123180468624));
#4359=CARTESIAN_POINT('',(151.064006175296,7.36400597860083,1.71523797998236));
#4360=CARTESIAN_POINT('',(152.5,8.79999980330467,-0.700000006705519));
#4361=CARTESIAN_POINT('',(152.5,8.79999980330467,1.07561590234313));
#4362=CARTESIAN_POINT('',(153.,9.29999980330467,-1.20000000670552));
#4363=CARTESIAN_POINT('',(151.470730698217,7.7707305015212,0.329269295077992));
#4364=CARTESIAN_POINT('',(153.,9.29999980330467,1.07561590234313));
#4365=CARTESIAN_POINT('Origin',(153.,8.79999980330467,2.15123180468626));
#4366=CARTESIAN_POINT('',(151.5,8.79999980330467,2.15123180468626));
#4367=CARTESIAN_POINT('',(152.25,8.79999980330467,2.90123180468625));
#4368=CARTESIAN_POINT('',(153.,8.79999980330467,2.15123180468626));
#4369=CARTESIAN_POINT('',(151.5,8.79999980330467,0.299999993294477));
#4370=CARTESIAN_POINT('',(153.,8.79999980330467,0.299999993294477));
#4371=CARTESIAN_POINT('',(151.787192047152,8.79999980330467,0.0128079461424306));
#4372=CARTESIAN_POINT('Origin',(134.249996982515,-2.25,0.149999996647239));
#4373=CARTESIAN_POINT('',(134.999996982515,-1.5,0.299999993294477));
#4374=CARTESIAN_POINT('',(123.583330559855,-12.9166664226602,-11.1166664293657));
#4375=CARTESIAN_POINT('',(134.999996982515,-1.5,2.19999995082617));
#4376=CARTESIAN_POINT('',(134.999996982515,-1.5,0.149999996647239));
#4377=CARTESIAN_POINT('',(123.591663893002,-12.9083330895131,13.6083330403393));
#4378=CARTESIAN_POINT('Origin',(134.999996982515,-3.,0.299999993294477));
#4379=CARTESIAN_POINT('',(134.999996982515,-3.,0.299999993294477));
#4380=CARTESIAN_POINT('',(134.999996982515,-3.,2.19999995082617));
#4381=CARTESIAN_POINT('Origin',(145.649996761233,-2.25,1.09999997541308));
#4382=CARTESIAN_POINT('',(144.899996761233,-1.5,2.19999995082617));
#4383=CARTESIAN_POINT('',(132.78333037657,10.6166663846622,-9.91666643383603));
#4384=CARTESIAN_POINT('',(144.899996761233,-1.5,0.299999993294477));
#4385=CARTESIAN_POINT('',(144.899996761233,-1.5,1.09999997541308));
#4386=CARTESIAN_POINT('',(133.191663700777,10.2083330604558,12.0083330537503));
#4387=CARTESIAN_POINT('Origin',(144.899996761233,-3.,2.19999995082617));
#4388=CARTESIAN_POINT('',(144.899996761233,-3.,2.19999995082617));
#4389=CARTESIAN_POINT('',(144.899996761233,-3.,0.299999993294477));
#4390=CARTESIAN_POINT('Origin',(152.25,3.7693055148491,0.149999996647239));
#4391=CARTESIAN_POINT('',(153.,3.0193055148491,-1.20000000670552));
#4392=CARTESIAN_POINT('',(151.5,4.5193055148491,0.299999993294477));
#4393=CARTESIAN_POINT('',(152.044884268307,3.97442124654177,-0.244884275012856));
#4394=CARTESIAN_POINT('',(151.5,4.5193055148491,2.15123180468626));
#4395=CARTESIAN_POINT('',(151.5,4.5193055148491,0.149999996647239));
#4396=CARTESIAN_POINT('',(153.,3.0193055148491,3.65123180468626));
#4397=CARTESIAN_POINT('',(152.043070158231,3.97623535661818,2.69430196291718));
#4398=CARTESIAN_POINT('',(153.,3.0193055148491,0.149999996647239));
#4399=CARTESIAN_POINT('Origin',(153.,4.5193055148491,0.299999993294477));
#4400=CARTESIAN_POINT('',(153.,4.5193055148491,0.299999993294477));
#4401=CARTESIAN_POINT('',(153.,4.5193055148491,2.15123180468626));
#4402=CARTESIAN_POINT('Origin',(152.25,15.1499996781349,1.04999997653067));
#4403=CARTESIAN_POINT('',(153.,15.8999996781349,3.59999995306134));
#4404=CARTESIAN_POINT('',(151.5,14.3999996781349,2.09999995306134));
#4405=CARTESIAN_POINT('',(150.275000038557,13.1749997166917,0.87499999161808));
#4406=CARTESIAN_POINT('',(151.5,14.3999996781349,0.299999993294477));
#4407=CARTESIAN_POINT('',(151.5,14.3999996781349,1.04999997653067));
#4408=CARTESIAN_POINT('',(153.,15.8999996781349,-1.20000000670552));
#4409=CARTESIAN_POINT('',(150.675000029616,13.574999707751,1.12499996367843));
#4410=CARTESIAN_POINT('',(153.,15.8999996781349,1.04999997653067));
#4411=CARTESIAN_POINT('Origin',(153.,14.3999996781349,2.09999995306134));
#4412=CARTESIAN_POINT('',(153.,14.3999996781349,2.09999995306134));
#4413=CARTESIAN_POINT('',(153.,14.3999996781349,0.299999993294477));
#4414=CARTESIAN_POINT('Origin',(152.25,2.25965275742455,2.90123180468626));
#4415=CARTESIAN_POINT('',(151.5,2.25965275742455,2.15123180468626));
#4416=CARTESIAN_POINT('',(153.,2.25965275742455,3.65123180468626));
#4417=CARTESIAN_POINT('Origin',(153.,4.5193055148491,2.15123180468626));
#4418=CARTESIAN_POINT('Origin',(152.25,5.09999988600612,2.84999995306134));
#4419=CARTESIAN_POINT('',(151.5,5.09999988600612,2.09999995306134));
#4420=CARTESIAN_POINT('',(153.,5.09999988600612,3.59999995306134));
#4421=CARTESIAN_POINT('Origin',(153.,10.1999997720122,2.09999995306134));
#4422=CARTESIAN_POINT('Origin',(152.25,7.19999983906746,-0.450000006705523));
#4423=CARTESIAN_POINT('',(151.5,7.19999983906746,0.299999993294477));
#4424=CARTESIAN_POINT('',(153.,7.19999983906746,-1.20000000670552));
#4425=CARTESIAN_POINT('Origin',(153.,14.3999996781349,0.299999993294477));
#4426=CARTESIAN_POINT('Origin',(152.25,4.39999990165234,-0.450000006705523));
#4427=CARTESIAN_POINT('',(151.5,4.39999990165234,0.299999993294477));
#4428=CARTESIAN_POINT('',(153.,4.39999990165234,-1.20000000670552));
#4429=CARTESIAN_POINT('Origin',(153.,8.79999980330467,0.299999993294477));
#4430=CARTESIAN_POINT('Origin',(70.2999984286726,-2.25,2.94999995082617));
#4431=CARTESIAN_POINT('',(70.2999984286726,-1.5,2.19999995082617));
#4432=CARTESIAN_POINT('Origin',(140.599996857345,-3.,2.19999995082617));
#4433=CARTESIAN_POINT('Origin',(67.4999984912574,-2.25,2.94999995082617));
#4434=CARTESIAN_POINT('',(67.4999984912574,-1.5,2.19999995082617));
#4435=CARTESIAN_POINT('Origin',(134.999996982515,-3.,2.19999995082617));
#4436=CARTESIAN_POINT('Origin',(69.6499984432012,-2.25,-0.450000006705523));
#4437=CARTESIAN_POINT('',(69.6499984432012,-1.5,0.299999993294477));
#4438=CARTESIAN_POINT('Origin',(139.299996886402,-3.,0.299999993294477));
#4439=CARTESIAN_POINT('Origin',(72.4499983806163,-2.25,-0.450000006705523));
#4440=CARTESIAN_POINT('',(72.4499983806163,-1.5,0.299999993294477));
#4441=CARTESIAN_POINT('Origin',(144.899996761233,-3.,0.299999993294477));
#4442=CARTESIAN_POINT('Origin',(66.8999985046685,0.,1.09999997541308));
#4443=CARTESIAN_POINT('Origin',(150.,100.,0.));
#4444=CARTESIAN_POINT('Origin',(153.,0.,0.));
#4445=CARTESIAN_POINT('',(153.,25.,-3.));
#4446=CARTESIAN_POINT('Origin',(75.,50.,-3.));
#4447=CARTESIAN_POINT('Origin',(147.500001117587,2.5,22.5));
#4448=CARTESIAN_POINT('',(149.500001117587,2.5,23.));
#4449=CARTESIAN_POINT('Origin',(147.500001117587,2.5,23.));
#4450=CARTESIAN_POINT('',(148.500001117587,2.5,22.));
#4451=CARTESIAN_POINT('',(149.000001117587,2.5,22.5));
#4452=CARTESIAN_POINT('Origin',(147.500001117587,2.5,22.));
#4453=CARTESIAN_POINT('Origin',(75.,50.,23.));
#4454=CARTESIAN_POINT('',(-0.999999999999996,-3.00000000000001,23.));
#4455=CARTESIAN_POINT('',(-3.,-1.00000000000001,23.));
#4456=CARTESIAN_POINT('Origin',(-1.,-1.00000000000001,23.));
#4457=CARTESIAN_POINT('',(151.,-3.00000000000001,23.));
#4458=CARTESIAN_POINT('',(153.,-3.00000000000001,23.));
#4459=CARTESIAN_POINT('',(153.,-1.00000000000001,23.));
#4460=CARTESIAN_POINT('Origin',(151.,-1.00000000000001,23.));
#4461=CARTESIAN_POINT('',(153.,101.,23.));
#4462=CARTESIAN_POINT('',(153.,103.,23.));
#4463=CARTESIAN_POINT('',(151.,103.,23.));
#4464=CARTESIAN_POINT('Origin',(151.,101.,23.));
#4465=CARTESIAN_POINT('',(-1.00000000000001,103.,23.));
#4466=CARTESIAN_POINT('',(-3.,103.,23.));
#4467=CARTESIAN_POINT('',(-3.,101.,23.));
#4468=CARTESIAN_POINT('Origin',(-1.00000000000001,101.,23.));
#4469=CARTESIAN_POINT('',(-3.,-3.00000000000001,23.));
#4470=CARTESIAN_POINT('',(149.500001117587,97.5000007450581,23.));
#4471=CARTESIAN_POINT('Origin',(147.500001117587,97.5000007450581,23.));
#4472=CARTESIAN_POINT('',(4.50000000000001,97.5000007450581,23.));
#4473=CARTESIAN_POINT('Origin',(2.5,97.5000007450581,23.));
#4474=CARTESIAN_POINT('',(4.5,2.5,23.));
#4475=CARTESIAN_POINT('Origin',(2.5,2.5,23.));
#4476=CARTESIAN_POINT('Origin',(147.500001117587,2.5,20.));
#4477=CARTESIAN_POINT('',(148.500001117587,2.5,20.));
#4478=CARTESIAN_POINT('Origin',(147.500001117587,2.5,20.));
#4479=CARTESIAN_POINT('',(148.500001117587,2.5,20.));
#4480=CARTESIAN_POINT('Origin',(147.500001117587,97.5000007450581,22.5));
#4481=CARTESIAN_POINT('',(148.500001117587,97.5000007450581,22.));
#4482=CARTESIAN_POINT('',(149.000001117587,97.5000007450581,22.5));
#4483=CARTESIAN_POINT('Origin',(147.500001117587,97.5000007450581,22.));
#4484=CARTESIAN_POINT('Origin',(147.500001117587,97.5000007450581,20.));
#4485=CARTESIAN_POINT('',(148.500001117587,97.5000007450581,20.));
#4486=CARTESIAN_POINT('Origin',(147.500001117587,97.5000007450581,20.));
#4487=CARTESIAN_POINT('',(148.500001117587,97.5000007450581,20.));
#4488=CARTESIAN_POINT('Origin',(2.5,2.5,22.5));
#4489=CARTESIAN_POINT('',(3.5,2.5,22.));
#4490=CARTESIAN_POINT('',(4.,2.5,22.5));
#4491=CARTESIAN_POINT('Origin',(2.5,2.5,22.));
#4492=CARTESIAN_POINT('Origin',(2.5,2.5,20.));
#4493=CARTESIAN_POINT('',(3.5,2.5,20.));
#4494=CARTESIAN_POINT('Origin',(2.5,2.5,20.));
#4495=CARTESIAN_POINT('',(3.5,2.5,20.));
#4496=CARTESIAN_POINT('Origin',(2.5,97.5000007450581,22.5));
#4497=CARTESIAN_POINT('',(3.50000000000001,97.5000007450581,22.));
#4498=CARTESIAN_POINT('',(4.00000000000001,97.5000007450581,22.5));
#4499=CARTESIAN_POINT('Origin',(2.5,97.5000007450581,22.));
#4500=CARTESIAN_POINT('Origin',(2.5,97.5000007450581,20.));
#4501=CARTESIAN_POINT('',(3.50000000000001,97.5000007450581,20.));
#4502=CARTESIAN_POINT('Origin',(2.5,97.5000007450581,20.));
#4503=CARTESIAN_POINT('',(3.50000000000001,97.5000007450581,20.));
#4504=CARTESIAN_POINT('Origin',(-1.,-1.00000000000001,20.));
#4505=CARTESIAN_POINT('',(-3.,-1.00000000000001,20.));
#4506=CARTESIAN_POINT('',(-3.,-1.00000000000001,20.));
#4507=CARTESIAN_POINT('',(-0.999999999999996,-3.00000000000001,20.));
#4508=CARTESIAN_POINT('Origin',(-1.,-1.00000000000001,20.));
#4509=CARTESIAN_POINT('',(-1.,-3.00000000000001,20.));
#4510=CARTESIAN_POINT('Origin',(-3.00000000000001,-3.00000000000001,20.));
#4511=CARTESIAN_POINT('',(151.,-3.00000000000001,20.));
#4512=CARTESIAN_POINT('',(153.,-3.00000000000001,20.));
#4513=CARTESIAN_POINT('',(151.,-3.00000000000001,20.));
#4514=CARTESIAN_POINT('Origin',(75.,50.,20.));
#4515=CARTESIAN_POINT('',(-3.,101.,20.));
#4516=CARTESIAN_POINT('',(-3.,-3.00000000000001,20.));
#4517=CARTESIAN_POINT('',(-1.00000000000001,103.,20.));
#4518=CARTESIAN_POINT('Origin',(-1.00000000000001,101.,20.));
#4519=CARTESIAN_POINT('',(151.,103.,20.));
#4520=CARTESIAN_POINT('',(-3.,103.,20.));
#4521=CARTESIAN_POINT('',(153.,101.,20.));
#4522=CARTESIAN_POINT('Origin',(151.,101.,20.));
#4523=CARTESIAN_POINT('',(153.,-1.00000000000001,20.));
#4524=CARTESIAN_POINT('',(153.,103.,20.));
#4525=CARTESIAN_POINT('Origin',(151.,-1.00000000000001,20.));
#4526=CARTESIAN_POINT('Origin',(-1.00000000000001,101.,20.));
#4527=CARTESIAN_POINT('',(-1.00000000000001,103.,20.));
#4528=CARTESIAN_POINT('',(-3.,101.,20.));
#4529=CARTESIAN_POINT('Origin',(153.,103.,20.));
#4530=CARTESIAN_POINT('',(151.,103.,20.));
#4531=CARTESIAN_POINT('Origin',(151.,101.,20.));
#4532=CARTESIAN_POINT('',(153.,101.,20.));
#4533=CARTESIAN_POINT('Origin',(151.,-1.00000000000001,20.));
#4534=CARTESIAN_POINT('',(153.,-1.00000000000001,20.));
#4535=CARTESIAN_POINT('Origin',(-3.,103.,20.));
#4536=CARTESIAN_POINT('Origin',(153.,-3.00000000000001,20.));
#4537=CARTESIAN_POINT('Origin',(79.5000011846423,87.5000013038516,17.));
#4538=CARTESIAN_POINT('',(69.0000010281801,99.000001475215,17.));
#4539=CARTESIAN_POINT('',(90.0000013411045,99.000001475215,17.));
#4540=CARTESIAN_POINT('',(74.2500011064112,99.000001475215,17.));
#4541=CARTESIAN_POINT('',(69.0000010281801,76.0000011324883,17.));
#4542=CARTESIAN_POINT('',(69.0000010281801,81.7500012181699,17.));
#4543=CARTESIAN_POINT('',(90.0000013411045,76.0000011324883,17.));
#4544=CARTESIAN_POINT('',(84.7500012628734,76.0000011324883,17.));
#4545=CARTESIAN_POINT('',(90.0000013411045,93.2500013895333,17.));
#4546=CARTESIAN_POINT('Origin',(69.0000010281801,76.0000011324883,20.));
#4547=CARTESIAN_POINT('',(69.0000010281801,99.000001475215,0.));
#4548=CARTESIAN_POINT('',(69.0000010281801,99.000001475215,20.));
#4549=CARTESIAN_POINT('',(69.0000010281801,76.0000011324883,0.));
#4550=CARTESIAN_POINT('',(69.0000010281801,76.0000011324883,0.));
#4551=CARTESIAN_POINT('',(69.0000010281801,76.0000011324883,20.));
#4552=CARTESIAN_POINT('Origin',(69.0000010281801,99.000001475215,20.));
#4553=CARTESIAN_POINT('',(90.0000013411045,99.000001475215,0.));
#4554=CARTESIAN_POINT('',(90.0000013411045,99.000001475215,20.));
#4555=CARTESIAN_POINT('',(69.0000010281801,99.000001475215,0.));
#4556=CARTESIAN_POINT('Origin',(90.0000013411045,76.0000011324883,20.));
#4557=CARTESIAN_POINT('',(90.0000013411045,76.0000011324883,0.));
#4558=CARTESIAN_POINT('',(90.0000013411045,76.0000011324883,0.));
#4559=CARTESIAN_POINT('',(90.0000013411045,76.0000011324883,20.));
#4560=CARTESIAN_POINT('Origin',(90.0000013411045,99.000001475215,20.));
#4561=CARTESIAN_POINT('',(90.0000013411045,99.000001475215,0.));
#4562=CARTESIAN_POINT('Origin',(79.5000011846423,87.5000013038516,0.));
#4563=UNCERTAINTY_MEASURE_WITH_UNIT(LENGTH_MEASURE(0.01),#4567,
'DISTANCE_ACCURACY_VALUE',
'Maximum model space distance between geometric entities at asserted c
onnectivities');
#4564=UNCERTAINTY_MEASURE_WITH_UNIT(LENGTH_MEASURE(0.01),#4567,
'DISTANCE_ACCURACY_VALUE',
'Maximum model space distance between geometric entities at asserted c
onnectivities');
#4565=(
GEOMETRIC_REPRESENTATION_CONTEXT(3)
GLOBAL_UNCERTAINTY_ASSIGNED_CONTEXT((#4563))
GLOBAL_UNIT_ASSIGNED_CONTEXT((#4567,#4569,#4570))
REPRESENTATION_CONTEXT('','3D')
);
#4566=(
GEOMETRIC_REPRESENTATION_CONTEXT(3)
GLOBAL_UNCERTAINTY_ASSIGNED_CONTEXT((#4564))
GLOBAL_UNIT_ASSIGNED_CONTEXT((#4567,#4569,#4570))
REPRESENTATION_CONTEXT('','3D')
);
#4567=(
LENGTH_UNIT()
NAMED_UNIT(*)
SI_UNIT(.MILLI.,.METRE.)
);
#4568=(
LENGTH_UNIT()
NAMED_UNIT(*)
SI_UNIT($,.METRE.)
);
#4569=(
NAMED_UNIT(*)
PLANE_ANGLE_UNIT()
SI_UNIT($,.RADIAN.)
);
#4570=(
NAMED_UNIT(*)
SI_UNIT($,.STERADIAN.)
SOLID_ANGLE_UNIT()
);
#4571=SHAPE_DEFINITION_REPRESENTATION(#4572,#4573);
#4572=PRODUCT_DEFINITION_SHAPE('',$,#4575);
#4573=SHAPE_REPRESENTATION('',(#2789),#4565);
#4574=PRODUCT_DEFINITION_CONTEXT('part definition',#4579,'design');
#4575=PRODUCT_DEFINITION('CXD_ROUTER','CXD_ROUTER v11',#4576,#4574);
#4576=PRODUCT_DEFINITION_FORMATION('',$,#4581);
#4577=PRODUCT_RELATED_PRODUCT_CATEGORY('CXD_ROUTER v11',
'CXD_ROUTER v11',(#4581));
#4578=APPLICATION_PROTOCOL_DEFINITION('international standard',
'automotive_design',2009,#4579);
#4579=APPLICATION_CONTEXT(
'Core Data for Automotive Mechanical Design Process');
#4580=PRODUCT_CONTEXT('part definition',#4579,'mechanical');
#4581=PRODUCT('CXD_ROUTER','CXD_ROUTER v11',$,(#4580));
#4582=PRESENTATION_STYLE_ASSIGNMENT((#4583));
#4583=SURFACE_STYLE_USAGE(.BOTH.,#4584);
#4584=SURFACE_SIDE_STYLE('',(#4585));
#4585=SURFACE_STYLE_FILL_AREA(#4586);
#4586=FILL_AREA_STYLE('Steel - Satin',(#4587));
#4587=FILL_AREA_STYLE_COLOUR('Steel - Satin',#4588);
#4588=COLOUR_RGB('Steel - Satin',0.627450980392157,0.627450980392157,0.627450980392157);
ENDSEC;
END-ISO-10303-21;
