ISO-10303-21;
HEADER;
/* Generated by software containing ST-Developer
 * from STEP Tools, Inc. (www.steptools.com) 
 */

FILE_DESCRIPTION(
/* description */ (''),
/* implementation_level */ '2;1');

FILE_NAME(
/* name */ 'CXD_ROUTER.step',
/* time_stamp */ '2026-08-03T13:29:41+10:00',
/* author */ (''),
/* organization */ (''),
/* preprocessor_version */ 'ST-DEVELOPER v20.1',
/* originating_system */ 'Autodesk Translation Framework v15.8.0.0',
/* authorisation */ '');

FILE_SCHEMA (('AUTOMOTIVE_DESIGN { 1 0 10303 214 3 1 1 }'));
ENDSEC;

DATA;
#10=MECHANICAL_DESIGN_GEOMETRIC_PRESENTATION_REPRESENTATION('',(#13,#14),
#3275);
#11=SHAPE_REPRESENTATION_RELATIONSHIP('SRR','None',#3282,#12);
#12=ADVANCED_BREP_SHAPE_REPRESENTATION('',(#15,#16),#3274);
#13=STYLED_ITEM('',(#3291),#15);
#14=STYLED_ITEM('',(#3291),#16);
#15=MANIFOLD_SOLID_BREP('Body1',#1996);
#16=MANIFOLD_SOLID_BREP('Body2',#1997);
#17=CYLINDRICAL_SURFACE('',#2025,1.);
#18=CYLINDRICAL_SURFACE('',#2028,1.);
#19=CYLINDRICAL_SURFACE('',#2042,1.);
#20=CYLINDRICAL_SURFACE('',#2045,1.);
#21=CYLINDRICAL_SURFACE('',#2048,1.);
#22=CYLINDRICAL_SURFACE('',#2051,1.);
#23=CYLINDRICAL_SURFACE('',#2054,1.);
#24=CYLINDRICAL_SURFACE('',#2057,2.);
#25=CYLINDRICAL_SURFACE('',#2064,2.);
#26=CYLINDRICAL_SURFACE('',#2067,2.);
#27=CYLINDRICAL_SURFACE('',#2074,2.);
#28=CYLINDRICAL_SURFACE('',#2076,1.);
#29=CYLINDRICAL_SURFACE('',#2079,1.);
#30=CYLINDRICAL_SURFACE('',#2082,1.);
#31=CYLINDRICAL_SURFACE('',#2085,1.);
#32=CYLINDRICAL_SURFACE('',#2088,1.);
#33=CYLINDRICAL_SURFACE('',#2092,1.);
#34=CYLINDRICAL_SURFACE('',#2094,1.);
#35=CYLINDRICAL_SURFACE('',#2097,1.);
#36=CYLINDRICAL_SURFACE('',#2099,1.);
#37=CYLINDRICAL_SURFACE('',#2104,1.);
#38=CYLINDRICAL_SURFACE('',#2106,1.);
#39=CYLINDRICAL_SURFACE('',#2147,2.);
#40=CYLINDRICAL_SURFACE('',#2155,2.);
#41=CYLINDRICAL_SURFACE('',#2158,2.);
#42=CYLINDRICAL_SURFACE('',#2160,2.);
#43=CIRCLE('',#2021,1.);
#44=CIRCLE('',#2022,1.);
#45=CIRCLE('',#2023,1.);
#46=CIRCLE('',#2024,1.);
#47=CIRCLE('',#2026,1.);
#48=CIRCLE('',#2029,1.);
#49=CIRCLE('',#2032,1.);
#50=CIRCLE('',#2033,1.);
#51=CIRCLE('',#2034,1.);
#52=CIRCLE('',#2035,1.);
#53=CIRCLE('',#2036,1.);
#54=CIRCLE('',#2037,1.);
#55=CIRCLE('',#2038,1.);
#56=CIRCLE('',#2039,1.);
#57=CIRCLE('',#2040,1.);
#58=CIRCLE('',#2041,1.);
#59=CIRCLE('',#2043,1.);
#60=CIRCLE('',#2046,1.);
#61=CIRCLE('',#2049,1.);
#62=CIRCLE('',#2052,1.);
#63=CIRCLE('',#2055,1.);
#64=CIRCLE('',#2058,2.);
#65=CIRCLE('',#2059,2.);
#66=CIRCLE('',#2061,2.);
#67=CIRCLE('',#2062,2.);
#68=CIRCLE('',#2063,2.);
#69=CIRCLE('',#2065,2.);
#70=CIRCLE('',#2068,2.);
#71=CIRCLE('',#2070,1.);
#72=CIRCLE('',#2071,1.);
#73=CIRCLE('',#2072,1.);
#74=CIRCLE('',#2073,1.);
#75=CIRCLE('',#2075,2.);
#76=CIRCLE('',#2077,1.);
#77=CIRCLE('',#2080,1.);
#78=CIRCLE('',#2083,1.);
#79=CIRCLE('',#2086,1.);
#80=CIRCLE('',#2089,1.);
#81=CIRCLE('',#2093,1.);
#82=CIRCLE('',#2095,1.);
#83=CIRCLE('',#2098,1.);
#84=CIRCLE('',#2100,1.);
#85=CIRCLE('',#2102,1.);
#86=CIRCLE('',#2103,1.);
#87=CIRCLE('',#2148,2.);
#88=CIRCLE('',#2149,2.);
#89=CIRCLE('',#2152,2.);
#90=CIRCLE('',#2153,2.);
#91=CIRCLE('',#2154,2.);
#92=CIRCLE('',#2156,2.);
#93=CIRCLE('',#2159,2.);
#94=CIRCLE('',#2161,2.);
#95=FACE_BOUND('',#219,.T.);
#96=FACE_BOUND('',#220,.T.);
#97=FACE_BOUND('',#221,.T.);
#98=FACE_BOUND('',#227,.T.);
#99=FACE_BOUND('',#233,.T.);
#100=FACE_BOUND('',#234,.T.);
#101=FACE_BOUND('',#247,.T.);
#102=FACE_BOUND('',#252,.T.);
#103=FACE_BOUND('',#271,.T.);
#104=FACE_BOUND('',#272,.T.);
#105=FACE_BOUND('',#273,.T.);
#106=FACE_BOUND('',#274,.T.);
#107=FACE_BOUND('',#275,.T.);
#108=FACE_BOUND('',#316,.T.);
#109=FACE_BOUND('',#317,.T.);
#110=FACE_BOUND('',#320,.T.);
#111=FACE_BOUND('',#321,.T.);
#112=FACE_OUTER_BOUND('',#214,.T.);
#113=FACE_OUTER_BOUND('',#215,.T.);
#114=FACE_OUTER_BOUND('',#216,.T.);
#115=FACE_OUTER_BOUND('',#217,.T.);
#116=FACE_OUTER_BOUND('',#218,.T.);
#117=FACE_OUTER_BOUND('',#222,.T.);
#118=FACE_OUTER_BOUND('',#223,.T.);
#119=FACE_OUTER_BOUND('',#224,.T.);
#120=FACE_OUTER_BOUND('',#225,.T.);
#121=FACE_OUTER_BOUND('',#226,.T.);
#122=FACE_OUTER_BOUND('',#228,.T.);
#123=FACE_OUTER_BOUND('',#229,.T.);
#124=FACE_OUTER_BOUND('',#230,.T.);
#125=FACE_OUTER_BOUND('',#231,.T.);
#126=FACE_OUTER_BOUND('',#232,.T.);
#127=FACE_OUTER_BOUND('',#235,.T.);
#128=FACE_OUTER_BOUND('',#236,.T.);
#129=FACE_OUTER_BOUND('',#237,.T.);
#130=FACE_OUTER_BOUND('',#238,.T.);
#131=FACE_OUTER_BOUND('',#239,.T.);
#132=FACE_OUTER_BOUND('',#240,.T.);
#133=FACE_OUTER_BOUND('',#241,.T.);
#134=FACE_OUTER_BOUND('',#242,.T.);
#135=FACE_OUTER_BOUND('',#243,.T.);
#136=FACE_OUTER_BOUND('',#244,.T.);
#137=FACE_OUTER_BOUND('',#245,.T.);
#138=FACE_OUTER_BOUND('',#246,.T.);
#139=FACE_OUTER_BOUND('',#248,.T.);
#140=FACE_OUTER_BOUND('',#249,.T.);
#141=FACE_OUTER_BOUND('',#250,.T.);
#142=FACE_OUTER_BOUND('',#251,.T.);
#143=FACE_OUTER_BOUND('',#253,.T.);
#144=FACE_OUTER_BOUND('',#254,.T.);
#145=FACE_OUTER_BOUND('',#255,.T.);
#146=FACE_OUTER_BOUND('',#256,.T.);
#147=FACE_OUTER_BOUND('',#257,.T.);
#148=FACE_OUTER_BOUND('',#258,.T.);
#149=FACE_OUTER_BOUND('',#259,.T.);
#150=FACE_OUTER_BOUND('',#260,.T.);
#151=FACE_OUTER_BOUND('',#261,.T.);
#152=FACE_OUTER_BOUND('',#262,.T.);
#153=FACE_OUTER_BOUND('',#263,.T.);
#154=FACE_OUTER_BOUND('',#264,.T.);
#155=FACE_OUTER_BOUND('',#265,.T.);
#156=FACE_OUTER_BOUND('',#266,.T.);
#157=FACE_OUTER_BOUND('',#267,.T.);
#158=FACE_OUTER_BOUND('',#268,.T.);
#159=FACE_OUTER_BOUND('',#269,.T.);
#160=FACE_OUTER_BOUND('',#270,.T.);
#161=FACE_OUTER_BOUND('',#276,.T.);
#162=FACE_OUTER_BOUND('',#277,.T.);
#163=FACE_OUTER_BOUND('',#278,.T.);
#164=FACE_OUTER_BOUND('',#279,.T.);
#165=FACE_OUTER_BOUND('',#280,.T.);
#166=FACE_OUTER_BOUND('',#281,.T.);
#167=FACE_OUTER_BOUND('',#282,.T.);
#168=FACE_OUTER_BOUND('',#283,.T.);
#169=FACE_OUTER_BOUND('',#284,.T.);
#170=FACE_OUTER_BOUND('',#285,.T.);
#171=FACE_OUTER_BOUND('',#286,.T.);
#172=FACE_OUTER_BOUND('',#287,.T.);
#173=FACE_OUTER_BOUND('',#288,.T.);
#174=FACE_OUTER_BOUND('',#289,.T.);
#175=FACE_OUTER_BOUND('',#290,.T.);
#176=FACE_OUTER_BOUND('',#291,.T.);
#177=FACE_OUTER_BOUND('',#292,.T.);
#178=FACE_OUTER_BOUND('',#293,.T.);
#179=FACE_OUTER_BOUND('',#294,.T.);
#180=FACE_OUTER_BOUND('',#295,.T.);
#181=FACE_OUTER_BOUND('',#296,.T.);
#182=FACE_OUTER_BOUND('',#297,.T.);
#183=FACE_OUTER_BOUND('',#298,.T.);
#184=FACE_OUTER_BOUND('',#299,.T.);
#185=FACE_OUTER_BOUND('',#300,.T.);
#186=FACE_OUTER_BOUND('',#301,.T.);
#187=FACE_OUTER_BOUND('',#302,.T.);
#188=FACE_OUTER_BOUND('',#303,.T.);
#189=FACE_OUTER_BOUND('',#304,.T.);
#190=FACE_OUTER_BOUND('',#305,.T.);
#191=FACE_OUTER_BOUND('',#306,.T.);
#192=FACE_OUTER_BOUND('',#307,.T.);
#193=FACE_OUTER_BOUND('',#308,.T.);
#194=FACE_OUTER_BOUND('',#309,.T.);
#195=FACE_OUTER_BOUND('',#310,.T.);
#196=FACE_OUTER_BOUND('',#311,.T.);
#197=FACE_OUTER_BOUND('',#312,.T.);
#198=FACE_OUTER_BOUND('',#313,.T.);
#199=FACE_OUTER_BOUND('',#314,.T.);
#200=FACE_OUTER_BOUND('',#315,.T.);
#201=FACE_OUTER_BOUND('',#318,.T.);
#202=FACE_OUTER_BOUND('',#319,.T.);
#203=FACE_OUTER_BOUND('',#322,.T.);
#204=FACE_OUTER_BOUND('',#323,.T.);
#205=FACE_OUTER_BOUND('',#324,.T.);
#206=FACE_OUTER_BOUND('',#325,.T.);
#207=FACE_OUTER_BOUND('',#326,.T.);
#208=FACE_OUTER_BOUND('',#327,.T.);
#209=FACE_OUTER_BOUND('',#328,.T.);
#210=FACE_OUTER_BOUND('',#329,.T.);
#211=FACE_OUTER_BOUND('',#330,.T.);
#212=FACE_OUTER_BOUND('',#331,.T.);
#213=FACE_OUTER_BOUND('',#332,.T.);
#214=EDGE_LOOP('',(#1256,#1257,#1258,#1259));
#215=EDGE_LOOP('',(#1260,#1261,#1262,#1263));
#216=EDGE_LOOP('',(#1264,#1265,#1266,#1267));
#217=EDGE_LOOP('',(#1268,#1269,#1270,#1271));
#218=EDGE_LOOP('',(#1272,#1273,#1274,#1275,#1276,#1277,#1278,#1279));
#219=EDGE_LOOP('',(#1280,#1281,#1282,#1283));
#220=EDGE_LOOP('',(#1284,#1285,#1286,#1287));
#221=EDGE_LOOP('',(#1288,#1289,#1290,#1291));
#222=EDGE_LOOP('',(#1292,#1293,#1294,#1295));
#223=EDGE_LOOP('',(#1296,#1297,#1298,#1299));
#224=EDGE_LOOP('',(#1300,#1301,#1302,#1303));
#225=EDGE_LOOP('',(#1304,#1305,#1306,#1307));
#226=EDGE_LOOP('',(#1308,#1309,#1310,#1311));
#227=EDGE_LOOP('',(#1312,#1313,#1314,#1315,#1316,#1317,#1318,#1319));
#228=EDGE_LOOP('',(#1320,#1321,#1322,#1323));
#229=EDGE_LOOP('',(#1324,#1325,#1326,#1327));
#230=EDGE_LOOP('',(#1328,#1329,#1330,#1331));
#231=EDGE_LOOP('',(#1332,#1333,#1334,#1335));
#232=EDGE_LOOP('',(#1336,#1337,#1338,#1339));
#233=EDGE_LOOP('',(#1340,#1341,#1342,#1343,#1344,#1345,#1346,#1347));
#234=EDGE_LOOP('',(#1348,#1349,#1350,#1351,#1352,#1353,#1354,#1355,#1356,
#1357,#1358,#1359));
#235=EDGE_LOOP('',(#1360,#1361,#1362,#1363));
#236=EDGE_LOOP('',(#1364,#1365,#1366,#1367));
#237=EDGE_LOOP('',(#1368,#1369,#1370,#1371));
#238=EDGE_LOOP('',(#1372,#1373,#1374,#1375));
#239=EDGE_LOOP('',(#1376,#1377,#1378,#1379));
#240=EDGE_LOOP('',(#1380,#1381,#1382,#1383));
#241=EDGE_LOOP('',(#1384,#1385,#1386,#1387));
#242=EDGE_LOOP('',(#1388,#1389,#1390,#1391));
#243=EDGE_LOOP('',(#1392,#1393,#1394,#1395));
#244=EDGE_LOOP('',(#1396,#1397,#1398,#1399));
#245=EDGE_LOOP('',(#1400,#1401,#1402,#1403));
#246=EDGE_LOOP('',(#1404,#1405,#1406,#1407,#1408,#1409,#1410,#1411));
#247=EDGE_LOOP('',(#1412,#1413,#1414,#1415));
#248=EDGE_LOOP('',(#1416,#1417,#1418,#1419));
#249=EDGE_LOOP('',(#1420,#1421,#1422,#1423));
#250=EDGE_LOOP('',(#1424,#1425,#1426,#1427));
#251=EDGE_LOOP('',(#1428,#1429,#1430,#1431));
#252=EDGE_LOOP('',(#1432,#1433,#1434,#1435,#1436,#1437,#1438,#1439));
#253=EDGE_LOOP('',(#1440,#1441,#1442,#1443));
#254=EDGE_LOOP('',(#1444,#1445,#1446,#1447));
#255=EDGE_LOOP('',(#1448,#1449,#1450,#1451));
#256=EDGE_LOOP('',(#1452,#1453,#1454,#1455));
#257=EDGE_LOOP('',(#1456,#1457,#1458,#1459));
#258=EDGE_LOOP('',(#1460,#1461,#1462,#1463));
#259=EDGE_LOOP('',(#1464,#1465,#1466,#1467,#1468,#1469,#1470,#1471));
#260=EDGE_LOOP('',(#1472,#1473,#1474,#1475));
#261=EDGE_LOOP('',(#1476,#1477,#1478,#1479));
#262=EDGE_LOOP('',(#1480,#1481,#1482,#1483));
#263=EDGE_LOOP('',(#1484,#1485,#1486,#1487));
#264=EDGE_LOOP('',(#1488,#1489,#1490,#1491));
#265=EDGE_LOOP('',(#1492,#1493,#1494,#1495));
#266=EDGE_LOOP('',(#1496,#1497,#1498,#1499));
#267=EDGE_LOOP('',(#1500,#1501,#1502,#1503));
#268=EDGE_LOOP('',(#1504,#1505,#1506,#1507));
#269=EDGE_LOOP('',(#1508,#1509,#1510,#1511));
#270=EDGE_LOOP('',(#1512,#1513,#1514,#1515));
#271=EDGE_LOOP('',(#1516,#1517,#1518,#1519));
#272=EDGE_LOOP('',(#1520,#1521,#1522,#1523));
#273=EDGE_LOOP('',(#1524,#1525,#1526,#1527,#1528,#1529,#1530,#1531));
#274=EDGE_LOOP('',(#1532,#1533,#1534,#1535,#1536,#1537,#1538,#1539,#1540,
#1541,#1542,#1543));
#275=EDGE_LOOP('',(#1544,#1545,#1546,#1547,#1548,#1549,#1550,#1551));
#276=EDGE_LOOP('',(#1552,#1553,#1554,#1555));
#277=EDGE_LOOP('',(#1556,#1557,#1558,#1559));
#278=EDGE_LOOP('',(#1560,#1561,#1562,#1563));
#279=EDGE_LOOP('',(#1564,#1565,#1566,#1567));
#280=EDGE_LOOP('',(#1568,#1569,#1570,#1571));
#281=EDGE_LOOP('',(#1572,#1573,#1574,#1575));
#282=EDGE_LOOP('',(#1576,#1577,#1578,#1579,#1580,#1581));
#283=EDGE_LOOP('',(#1582,#1583,#1584,#1585));
#284=EDGE_LOOP('',(#1586,#1587,#1588,#1589,#1590,#1591));
#285=EDGE_LOOP('',(#1592,#1593,#1594,#1595));
#286=EDGE_LOOP('',(#1596,#1597,#1598,#1599,#1600,#1601));
#287=EDGE_LOOP('',(#1602,#1603,#1604,#1605));
#288=EDGE_LOOP('',(#1606,#1607,#1608,#1609,#1610,#1611));
#289=EDGE_LOOP('',(#1612,#1613,#1614,#1615));
#290=EDGE_LOOP('',(#1616,#1617,#1618,#1619));
#291=EDGE_LOOP('',(#1620,#1621,#1622,#1623));
#292=EDGE_LOOP('',(#1624,#1625,#1626,#1627));
#293=EDGE_LOOP('',(#1628,#1629,#1630,#1631));
#294=EDGE_LOOP('',(#1632,#1633,#1634,#1635));
#295=EDGE_LOOP('',(#1636,#1637,#1638,#1639));
#296=EDGE_LOOP('',(#1640,#1641,#1642,#1643));
#297=EDGE_LOOP('',(#1644,#1645,#1646,#1647,#1648));
#298=EDGE_LOOP('',(#1649,#1650,#1651,#1652));
#299=EDGE_LOOP('',(#1653,#1654,#1655,#1656,#1657));
#300=EDGE_LOOP('',(#1658,#1659,#1660,#1661));
#301=EDGE_LOOP('',(#1662,#1663,#1664,#1665,#1666));
#302=EDGE_LOOP('',(#1667,#1668,#1669,#1670));
#303=EDGE_LOOP('',(#1671,#1672,#1673,#1674,#1675));
#304=EDGE_LOOP('',(#1676,#1677,#1678,#1679));
#305=EDGE_LOOP('',(#1680,#1681,#1682,#1683,#1684));
#306=EDGE_LOOP('',(#1685,#1686,#1687,#1688));
#307=EDGE_LOOP('',(#1689,#1690,#1691,#1692,#1693));
#308=EDGE_LOOP('',(#1694,#1695,#1696,#1697));
#309=EDGE_LOOP('',(#1698,#1699,#1700,#1701,#1702));
#310=EDGE_LOOP('',(#1703,#1704,#1705,#1706));
#311=EDGE_LOOP('',(#1707,#1708,#1709,#1710,#1711));
#312=EDGE_LOOP('',(#1712,#1713,#1714,#1715));
#313=EDGE_LOOP('',(#1716,#1717,#1718,#1719));
#314=EDGE_LOOP('',(#1720,#1721,#1722,#1723,#1724,#1725,#1726,#1727,#1728,
#1729,#1730,#1731));
#315=EDGE_LOOP('',(#1732,#1733,#1734,#1735));
#316=EDGE_LOOP('',(#1736,#1737,#1738,#1739));
#317=EDGE_LOOP('',(#1740,#1741,#1742,#1743));
#318=EDGE_LOOP('',(#1744,#1745,#1746,#1747));
#319=EDGE_LOOP('',(#1748,#1749,#1750,#1751));
#320=EDGE_LOOP('',(#1752,#1753,#1754,#1755));
#321=EDGE_LOOP('',(#1756,#1757,#1758,#1759));
#322=EDGE_LOOP('',(#1760,#1761,#1762,#1763,#1764,#1765,#1766,#1767,#1768,
#1769));
#323=EDGE_LOOP('',(#1770,#1771,#1772,#1773));
#324=EDGE_LOOP('',(#1774,#1775,#1776,#1777));
#325=EDGE_LOOP('',(#1778,#1779,#1780,#1781,#1782,#1783,#1784,#1785));
#326=EDGE_LOOP('',(#1786,#1787,#1788,#1789));
#327=EDGE_LOOP('',(#1790,#1791,#1792,#1793));
#328=EDGE_LOOP('',(#1794,#1795,#1796,#1797));
#329=EDGE_LOOP('',(#1798,#1799,#1800,#1801));
#330=EDGE_LOOP('',(#1802,#1803,#1804,#1805));
#331=EDGE_LOOP('',(#1806,#1807,#1808,#1809));
#332=EDGE_LOOP('',(#1810,#1811,#1812,#1813,#1814,#1815,#1816,#1817));
#333=LINE('',#2708,#562);
#334=LINE('',#2710,#563);
#335=LINE('',#2712,#564);
#336=LINE('',#2713,#565);
#337=LINE('',#2716,#566);
#338=LINE('',#2718,#567);
#339=LINE('',#2719,#568);
#340=LINE('',#2722,#569);
#341=LINE('',#2724,#570);
#342=LINE('',#2725,#571);
#343=LINE('',#2727,#572);
#344=LINE('',#2728,#573);
#345=LINE('',#2731,#574);
#346=LINE('',#2733,#575);
#347=LINE('',#2735,#576);
#348=LINE('',#2737,#577);
#349=LINE('',#2738,#578);
#350=LINE('',#2741,#579);
#351=LINE('',#2743,#580);
#352=LINE('',#2745,#581);
#353=LINE('',#2746,#582);
#354=LINE('',#2749,#583);
#355=LINE('',#2751,#584);
#356=LINE('',#2753,#585);
#357=LINE('',#2754,#586);
#358=LINE('',#2757,#587);
#359=LINE('',#2759,#588);
#360=LINE('',#2761,#589);
#361=LINE('',#2762,#590);
#362=LINE('',#2765,#591);
#363=LINE('',#2767,#592);
#364=LINE('',#2768,#593);
#365=LINE('',#2771,#594);
#366=LINE('',#2772,#595);
#367=LINE('',#2775,#596);
#368=LINE('',#2776,#597);
#369=LINE('',#2778,#598);
#370=LINE('',#2784,#599);
#371=LINE('',#2788,#600);
#372=LINE('',#2792,#601);
#373=LINE('',#2795,#602);
#374=LINE('',#2798,#603);
#375=LINE('',#2801,#604);
#376=LINE('',#2804,#605);
#377=LINE('',#2805,#606);
#378=LINE('',#2808,#607);
#379=LINE('',#2812,#608);
#380=LINE('',#2813,#609);
#381=LINE('',#2819,#610);
#382=LINE('',#2823,#611);
#383=LINE('',#2827,#612);
#384=LINE('',#2830,#613);
#385=LINE('',#2835,#614);
#386=LINE('',#2839,#615);
#387=LINE('',#2843,#616);
#388=LINE('',#2847,#617);
#389=LINE('',#2851,#618);
#390=LINE('',#2854,#619);
#391=LINE('',#2857,#620);
#392=LINE('',#2860,#621);
#393=LINE('',#2863,#622);
#394=LINE('',#2864,#623);
#395=LINE('',#2867,#624);
#396=LINE('',#2871,#625);
#397=LINE('',#2872,#626);
#398=LINE('',#2875,#627);
#399=LINE('',#2879,#628);
#400=LINE('',#2880,#629);
#401=LINE('',#2883,#630);
#402=LINE('',#2886,#631);
#403=LINE('',#2889,#632);
#404=LINE('',#2890,#633);
#405=LINE('',#2893,#634);
#406=LINE('',#2897,#635);
#407=LINE('',#2898,#636);
#408=LINE('',#2904,#637);
#409=LINE('',#2907,#638);
#410=LINE('',#2911,#639);
#411=LINE('',#2915,#640);
#412=LINE('',#2919,#641);
#413=LINE('',#2921,#642);
#414=LINE('',#2923,#643);
#415=LINE('',#2924,#644);
#416=LINE('',#2927,#645);
#417=LINE('',#2931,#646);
#418=LINE('',#2932,#647);
#419=LINE('',#2935,#648);
#420=LINE('',#2938,#649);
#421=LINE('',#2941,#650);
#422=LINE('',#2942,#651);
#423=LINE('',#2945,#652);
#424=LINE('',#2949,#653);
#425=LINE('',#2953,#654);
#426=LINE('',#2957,#655);
#427=LINE('',#2965,#656);
#428=LINE('',#2966,#657);
#429=LINE('',#2969,#658);
#430=LINE('',#2970,#659);
#431=LINE('',#2974,#660);
#432=LINE('',#2977,#661);
#433=LINE('',#2978,#662);
#434=LINE('',#2982,#663);
#435=LINE('',#2985,#664);
#436=LINE('',#2987,#665);
#437=LINE('',#2989,#666);
#438=LINE('',#2991,#667);
#439=LINE('',#2993,#668);
#440=LINE('',#2994,#669);
#441=LINE('',#2998,#670);
#442=LINE('',#3000,#671);
#443=LINE('',#3003,#672);
#444=LINE('',#3006,#673);
#445=LINE('',#3009,#674);
#446=LINE('',#3010,#675);
#447=LINE('',#3013,#676);
#448=LINE('',#3014,#677);
#449=LINE('',#3017,#678);
#450=LINE('',#3023,#679);
#451=LINE('',#3024,#680);
#452=LINE('',#3027,#681);
#453=LINE('',#3032,#682);
#454=LINE('',#3034,#683);
#455=LINE('',#3035,#684);
#456=LINE('',#3038,#685);
#457=LINE('',#3040,#686);
#458=LINE('',#3042,#687);
#459=LINE('',#3043,#688);
#460=LINE('',#3046,#689);
#461=LINE('',#3048,#690);
#462=LINE('',#3050,#691);
#463=LINE('',#3051,#692);
#464=LINE('',#3052,#693);
#465=LINE('',#3053,#694);
#466=LINE('',#3056,#695);
#467=LINE('',#3059,#696);
#468=LINE('',#3062,#697);
#469=LINE('',#3064,#698);
#470=LINE('',#3066,#699);
#471=LINE('',#3071,#700);
#472=LINE('',#3073,#701);
#473=LINE('',#3074,#702);
#474=LINE('',#3077,#703);
#475=LINE('',#3078,#704);
#476=LINE('',#3080,#705);
#477=LINE('',#3081,#706);
#478=LINE('',#3084,#707);
#479=LINE('',#3086,#708);
#480=LINE('',#3087,#709);
#481=LINE('',#3090,#710);
#482=LINE('',#3091,#711);
#483=LINE('',#3093,#712);
#484=LINE('',#3094,#713);
#485=LINE('',#3098,#714);
#486=LINE('',#3100,#715);
#487=LINE('',#3102,#716);
#488=LINE('',#3103,#717);
#489=LINE('',#3106,#718);
#490=LINE('',#3108,#719);
#491=LINE('',#3110,#720);
#492=LINE('',#3112,#721);
#493=LINE('',#3113,#722);
#494=LINE('',#3117,#723);
#495=LINE('',#3119,#724);
#496=LINE('',#3121,#725);
#497=LINE('',#3122,#726);
#498=LINE('',#3125,#727);
#499=LINE('',#3127,#728);
#500=LINE('',#3129,#729);
#501=LINE('',#3131,#730);
#502=LINE('',#3132,#731);
#503=LINE('',#3135,#732);
#504=LINE('',#3137,#733);
#505=LINE('',#3138,#734);
#506=LINE('',#3140,#735);
#507=LINE('',#3141,#736);
#508=LINE('',#3144,#737);
#509=LINE('',#3146,#738);
#510=LINE('',#3147,#739);
#511=LINE('',#3149,#740);
#512=LINE('',#3150,#741);
#513=LINE('',#3154,#742);
#514=LINE('',#3156,#743);
#515=LINE('',#3158,#744);
#516=LINE('',#3159,#745);
#517=LINE('',#3162,#746);
#518=LINE('',#3164,#747);
#519=LINE('',#3165,#748);
#520=LINE('',#3169,#749);
#521=LINE('',#3171,#750);
#522=LINE('',#3173,#751);
#523=LINE('',#3174,#752);
#524=LINE('',#3177,#753);
#525=LINE('',#3179,#754);
#526=LINE('',#3180,#755);
#527=LINE('',#3182,#756);
#528=LINE('',#3183,#757);
#529=LINE('',#3185,#758);
#530=LINE('',#3187,#759);
#531=LINE('',#3188,#760);
#532=LINE('',#3190,#761);
#533=LINE('',#3192,#762);
#534=LINE('',#3193,#763);
#535=LINE('',#3195,#764);
#536=LINE('',#3197,#765);
#537=LINE('',#3198,#766);
#538=LINE('',#3200,#767);
#539=LINE('',#3202,#768);
#540=LINE('',#3205,#769);
#541=LINE('',#3208,#770);
#542=LINE('',#3211,#771);
#543=LINE('',#3215,#772);
#544=LINE('',#3216,#773);
#545=LINE('',#3220,#774);
#546=LINE('',#3227,#775);
#547=LINE('',#3230,#776);
#548=LINE('',#3233,#777);
#549=LINE('',#3235,#778);
#550=LINE('',#3236,#779);
#551=LINE('',#3239,#780);
#552=LINE('',#3243,#781);
#553=LINE('',#3247,#782);
#554=LINE('',#3253,#783);
#555=LINE('',#3254,#784);
#556=LINE('',#3257,#785);
#557=LINE('',#3258,#786);
#558=LINE('',#3262,#787);
#559=LINE('',#3266,#788);
#560=LINE('',#3268,#789);
#561=LINE('',#3270,#790);
#562=VECTOR('',#2169,10.);
#563=VECTOR('',#2170,10.);
#564=VECTOR('',#2171,10.);
#565=VECTOR('',#2172,10.);
#566=VECTOR('',#2175,10.);
#567=VECTOR('',#2176,10.);
#568=VECTOR('',#2177,10.);
#569=VECTOR('',#2180,10.);
#570=VECTOR('',#2181,10.);
#571=VECTOR('',#2182,10.);
#572=VECTOR('',#2185,10.);
#573=VECTOR('',#2186,10.);
#574=VECTOR('',#2189,10.);
#575=VECTOR('',#2190,10.);
#576=VECTOR('',#2191,10.);
#577=VECTOR('',#2192,10.);
#578=VECTOR('',#2193,10.);
#579=VECTOR('',#2194,10.);
#580=VECTOR('',#2195,10.);
#581=VECTOR('',#2196,10.);
#582=VECTOR('',#2197,10.);
#583=VECTOR('',#2198,10.);
#584=VECTOR('',#2199,10.);
#585=VECTOR('',#2200,10.);
#586=VECTOR('',#2201,10.);
#587=VECTOR('',#2202,10.);
#588=VECTOR('',#2203,10.);
#589=VECTOR('',#2204,10.);
#590=VECTOR('',#2205,10.);
#591=VECTOR('',#2208,10.);
#592=VECTOR('',#2209,10.);
#593=VECTOR('',#2210,10.);
#594=VECTOR('',#2213,10.);
#595=VECTOR('',#2214,10.);
#596=VECTOR('',#2217,10.);
#597=VECTOR('',#2218,10.);
#598=VECTOR('',#2221,10.);
#599=VECTOR('',#2226,10.);
#600=VECTOR('',#2229,10.);
#601=VECTOR('',#2232,10.);
#602=VECTOR('',#2235,10.);
#603=VECTOR('',#2238,10.);
#604=VECTOR('',#2241,10.);
#605=VECTOR('',#2244,10.);
#606=VECTOR('',#2245,10.);
#607=VECTOR('',#2248,10.);
#608=VECTOR('',#2253,10.);
#609=VECTOR('',#2254,10.);
#610=VECTOR('',#2259,10.);
#611=VECTOR('',#2262,10.);
#612=VECTOR('',#2265,10.);
#613=VECTOR('',#2268,10.);
#614=VECTOR('',#2271,10.);
#615=VECTOR('',#2274,10.);
#616=VECTOR('',#2277,10.);
#617=VECTOR('',#2280,10.);
#618=VECTOR('',#2283,10.);
#619=VECTOR('',#2286,10.);
#620=VECTOR('',#2289,10.);
#621=VECTOR('',#2292,10.);
#622=VECTOR('',#2295,10.);
#623=VECTOR('',#2296,10.);
#624=VECTOR('',#2299,10.);
#625=VECTOR('',#2304,10.);
#626=VECTOR('',#2305,10.);
#627=VECTOR('',#2308,10.);
#628=VECTOR('',#2313,10.);
#629=VECTOR('',#2314,10.);
#630=VECTOR('',#2317,10.);
#631=VECTOR('',#2320,10.);
#632=VECTOR('',#2323,10.);
#633=VECTOR('',#2324,10.);
#634=VECTOR('',#2327,10.);
#635=VECTOR('',#2332,10.);
#636=VECTOR('',#2333,10.);
#637=VECTOR('',#2340,10.);
#638=VECTOR('',#2343,10.);
#639=VECTOR('',#2346,10.);
#640=VECTOR('',#2349,10.);
#641=VECTOR('',#2352,10.);
#642=VECTOR('',#2353,10.);
#643=VECTOR('',#2354,10.);
#644=VECTOR('',#2355,10.);
#645=VECTOR('',#2358,10.);
#646=VECTOR('',#2363,10.);
#647=VECTOR('',#2364,10.);
#648=VECTOR('',#2367,10.);
#649=VECTOR('',#2370,10.);
#650=VECTOR('',#2373,10.);
#651=VECTOR('',#2374,10.);
#652=VECTOR('',#2375,10.);
#653=VECTOR('',#2378,10.);
#654=VECTOR('',#2381,10.);
#655=VECTOR('',#2384,10.);
#656=VECTOR('',#2395,10.);
#657=VECTOR('',#2396,10.);
#658=VECTOR('',#2399,10.);
#659=VECTOR('',#2400,10.);
#660=VECTOR('',#2405,10.);
#661=VECTOR('',#2408,10.);
#662=VECTOR('',#2409,10.);
#663=VECTOR('',#2414,10.);
#664=VECTOR('',#2417,10.);
#665=VECTOR('',#2418,10.);
#666=VECTOR('',#2419,10.);
#667=VECTOR('',#2420,10.);
#668=VECTOR('',#2421,10.);
#669=VECTOR('',#2422,10.);
#670=VECTOR('',#2427,10.);
#671=VECTOR('',#2430,10.);
#672=VECTOR('',#2433,10.);
#673=VECTOR('',#2436,10.);
#674=VECTOR('',#2439,10.);
#675=VECTOR('',#2440,10.);
#676=VECTOR('',#2443,10.);
#677=VECTOR('',#2444,10.);
#678=VECTOR('',#2447,10.);
#679=VECTOR('',#2456,10.);
#680=VECTOR('',#2457,10.);
#681=VECTOR('',#2460,10.);
#682=VECTOR('',#2467,10.);
#683=VECTOR('',#2470,10.);
#684=VECTOR('',#2471,10.);
#685=VECTOR('',#2472,10.);
#686=VECTOR('',#2473,10.);
#687=VECTOR('',#2474,10.);
#688=VECTOR('',#2475,10.);
#689=VECTOR('',#2476,10.);
#690=VECTOR('',#2477,10.);
#691=VECTOR('',#2478,10.);
#692=VECTOR('',#2479,10.);
#693=VECTOR('',#2480,10.);
#694=VECTOR('',#2481,10.);
#695=VECTOR('',#2482,10.);
#696=VECTOR('',#2485,10.);
#697=VECTOR('',#2490,10.);
#698=VECTOR('',#2493,10.);
#699=VECTOR('',#2496,10.);
#700=VECTOR('',#2503,10.);
#701=VECTOR('',#2504,10.);
#702=VECTOR('',#2505,10.);
#703=VECTOR('',#2508,10.);
#704=VECTOR('',#2509,10.);
#705=VECTOR('',#2510,10.);
#706=VECTOR('',#2511,10.);
#707=VECTOR('',#2514,10.);
#708=VECTOR('',#2515,10.);
#709=VECTOR('',#2516,10.);
#710=VECTOR('',#2519,10.);
#711=VECTOR('',#2520,10.);
#712=VECTOR('',#2521,10.);
#713=VECTOR('',#2522,10.);
#714=VECTOR('',#2525,10.);
#715=VECTOR('',#2526,10.);
#716=VECTOR('',#2527,10.);
#717=VECTOR('',#2528,10.);
#718=VECTOR('',#2531,10.);
#719=VECTOR('',#2532,10.);
#720=VECTOR('',#2533,10.);
#721=VECTOR('',#2534,10.);
#722=VECTOR('',#2535,10.);
#723=VECTOR('',#2538,10.);
#724=VECTOR('',#2539,10.);
#725=VECTOR('',#2540,10.);
#726=VECTOR('',#2541,10.);
#727=VECTOR('',#2544,10.);
#728=VECTOR('',#2545,10.);
#729=VECTOR('',#2546,10.);
#730=VECTOR('',#2547,10.);
#731=VECTOR('',#2548,10.);
#732=VECTOR('',#2551,10.);
#733=VECTOR('',#2552,10.);
#734=VECTOR('',#2553,10.);
#735=VECTOR('',#2556,10.);
#736=VECTOR('',#2557,10.);
#737=VECTOR('',#2560,10.);
#738=VECTOR('',#2561,10.);
#739=VECTOR('',#2562,10.);
#740=VECTOR('',#2565,10.);
#741=VECTOR('',#2566,10.);
#742=VECTOR('',#2569,10.);
#743=VECTOR('',#2570,10.);
#744=VECTOR('',#2571,10.);
#745=VECTOR('',#2572,10.);
#746=VECTOR('',#2575,10.);
#747=VECTOR('',#2576,10.);
#748=VECTOR('',#2577,10.);
#749=VECTOR('',#2580,10.);
#750=VECTOR('',#2581,10.);
#751=VECTOR('',#2582,10.);
#752=VECTOR('',#2583,10.);
#753=VECTOR('',#2586,10.);
#754=VECTOR('',#2587,10.);
#755=VECTOR('',#2588,10.);
#756=VECTOR('',#2591,10.);
#757=VECTOR('',#2592,10.);
#758=VECTOR('',#2595,10.);
#759=VECTOR('',#2598,10.);
#760=VECTOR('',#2599,10.);
#761=VECTOR('',#2602,10.);
#762=VECTOR('',#2605,10.);
#763=VECTOR('',#2606,10.);
#764=VECTOR('',#2609,10.);
#765=VECTOR('',#2612,10.);
#766=VECTOR('',#2613,10.);
#767=VECTOR('',#2616,10.);
#768=VECTOR('',#2619,10.);
#769=VECTOR('',#2624,10.);
#770=VECTOR('',#2629,10.);
#771=VECTOR('',#2634,10.);
#772=VECTOR('',#2641,10.);
#773=VECTOR('',#2642,10.);
#774=VECTOR('',#2649,10.);
#775=VECTOR('',#2656,10.);
#776=VECTOR('',#2659,10.);
#777=VECTOR('',#2662,10.);
#778=VECTOR('',#2663,10.);
#779=VECTOR('',#2664,10.);
#780=VECTOR('',#2667,10.);
#781=VECTOR('',#2670,10.);
#782=VECTOR('',#2673,10.);
#783=VECTOR('',#2680,10.);
#784=VECTOR('',#2681,10.);
#785=VECTOR('',#2684,10.);
#786=VECTOR('',#2685,10.);
#787=VECTOR('',#2690,10.);
#788=VECTOR('',#2695,10.);
#789=VECTOR('',#2698,10.);
#790=VECTOR('',#2701,10.);
#791=VERTEX_POINT('',#2706);
#792=VERTEX_POINT('',#2707);
#793=VERTEX_POINT('',#2709);
#794=VERTEX_POINT('',#2711);
#795=VERTEX_POINT('',#2715);
#796=VERTEX_POINT('',#2717);
#797=VERTEX_POINT('',#2721);
#798=VERTEX_POINT('',#2723);
#799=VERTEX_POINT('',#2730);
#800=VERTEX_POINT('',#2732);
#801=VERTEX_POINT('',#2734);
#802=VERTEX_POINT('',#2736);
#803=VERTEX_POINT('',#2739);
#804=VERTEX_POINT('',#2740);
#805=VERTEX_POINT('',#2742);
#806=VERTEX_POINT('',#2744);
#807=VERTEX_POINT('',#2747);
#808=VERTEX_POINT('',#2748);
#809=VERTEX_POINT('',#2750);
#810=VERTEX_POINT('',#2752);
#811=VERTEX_POINT('',#2755);
#812=VERTEX_POINT('',#2756);
#813=VERTEX_POINT('',#2758);
#814=VERTEX_POINT('',#2760);
#815=VERTEX_POINT('',#2764);
#816=VERTEX_POINT('',#2766);
#817=VERTEX_POINT('',#2770);
#818=VERTEX_POINT('',#2774);
#819=VERTEX_POINT('',#2780);
#820=VERTEX_POINT('',#2781);
#821=VERTEX_POINT('',#2783);
#822=VERTEX_POINT('',#2785);
#823=VERTEX_POINT('',#2787);
#824=VERTEX_POINT('',#2789);
#825=VERTEX_POINT('',#2791);
#826=VERTEX_POINT('',#2793);
#827=VERTEX_POINT('',#2797);
#828=VERTEX_POINT('',#2799);
#829=VERTEX_POINT('',#2803);
#830=VERTEX_POINT('',#2807);
#831=VERTEX_POINT('',#2811);
#832=VERTEX_POINT('',#2815);
#833=VERTEX_POINT('',#2816);
#834=VERTEX_POINT('',#2818);
#835=VERTEX_POINT('',#2820);
#836=VERTEX_POINT('',#2822);
#837=VERTEX_POINT('',#2824);
#838=VERTEX_POINT('',#2826);
#839=VERTEX_POINT('',#2828);
#840=VERTEX_POINT('',#2831);
#841=VERTEX_POINT('',#2832);
#842=VERTEX_POINT('',#2834);
#843=VERTEX_POINT('',#2836);
#844=VERTEX_POINT('',#2838);
#845=VERTEX_POINT('',#2840);
#846=VERTEX_POINT('',#2842);
#847=VERTEX_POINT('',#2844);
#848=VERTEX_POINT('',#2846);
#849=VERTEX_POINT('',#2848);
#850=VERTEX_POINT('',#2850);
#851=VERTEX_POINT('',#2852);
#852=VERTEX_POINT('',#2856);
#853=VERTEX_POINT('',#2858);
#854=VERTEX_POINT('',#2862);
#855=VERTEX_POINT('',#2866);
#856=VERTEX_POINT('',#2870);
#857=VERTEX_POINT('',#2874);
#858=VERTEX_POINT('',#2878);
#859=VERTEX_POINT('',#2882);
#860=VERTEX_POINT('',#2884);
#861=VERTEX_POINT('',#2888);
#862=VERTEX_POINT('',#2892);
#863=VERTEX_POINT('',#2896);
#864=VERTEX_POINT('',#2900);
#865=VERTEX_POINT('',#2902);
#866=VERTEX_POINT('',#2906);
#867=VERTEX_POINT('',#2908);
#868=VERTEX_POINT('',#2910);
#869=VERTEX_POINT('',#2912);
#870=VERTEX_POINT('',#2914);
#871=VERTEX_POINT('',#2917);
#872=VERTEX_POINT('',#2918);
#873=VERTEX_POINT('',#2920);
#874=VERTEX_POINT('',#2922);
#875=VERTEX_POINT('',#2926);
#876=VERTEX_POINT('',#2930);
#877=VERTEX_POINT('',#2934);
#878=VERTEX_POINT('',#2936);
#879=VERTEX_POINT('',#2940);
#880=VERTEX_POINT('',#2943);
#881=VERTEX_POINT('',#2944);
#882=VERTEX_POINT('',#2946);
#883=VERTEX_POINT('',#2948);
#884=VERTEX_POINT('',#2950);
#885=VERTEX_POINT('',#2952);
#886=VERTEX_POINT('',#2954);
#887=VERTEX_POINT('',#2956);
#888=VERTEX_POINT('',#2962);
#889=VERTEX_POINT('',#2963);
#890=VERTEX_POINT('',#2968);
#891=VERTEX_POINT('',#2972);
#892=VERTEX_POINT('',#2976);
#893=VERTEX_POINT('',#2980);
#894=VERTEX_POINT('',#2984);
#895=VERTEX_POINT('',#2986);
#896=VERTEX_POINT('',#2988);
#897=VERTEX_POINT('',#2990);
#898=VERTEX_POINT('',#2992);
#899=VERTEX_POINT('',#2996);
#900=VERTEX_POINT('',#3002);
#901=VERTEX_POINT('',#3004);
#902=VERTEX_POINT('',#3008);
#903=VERTEX_POINT('',#3012);
#904=VERTEX_POINT('',#3016);
#905=VERTEX_POINT('',#3022);
#906=VERTEX_POINT('',#3026);
#907=VERTEX_POINT('',#3030);
#908=VERTEX_POINT('',#3036);
#909=VERTEX_POINT('',#3037);
#910=VERTEX_POINT('',#3039);
#911=VERTEX_POINT('',#3041);
#912=VERTEX_POINT('',#3044);
#913=VERTEX_POINT('',#3045);
#914=VERTEX_POINT('',#3047);
#915=VERTEX_POINT('',#3049);
#916=VERTEX_POINT('',#3054);
#917=VERTEX_POINT('',#3055);
#918=VERTEX_POINT('',#3057);
#919=VERTEX_POINT('',#3070);
#920=VERTEX_POINT('',#3072);
#921=VERTEX_POINT('',#3076);
#922=VERTEX_POINT('',#3079);
#923=VERTEX_POINT('',#3083);
#924=VERTEX_POINT('',#3085);
#925=VERTEX_POINT('',#3089);
#926=VERTEX_POINT('',#3092);
#927=VERTEX_POINT('',#3096);
#928=VERTEX_POINT('',#3097);
#929=VERTEX_POINT('',#3099);
#930=VERTEX_POINT('',#3101);
#931=VERTEX_POINT('',#3105);
#932=VERTEX_POINT('',#3107);
#933=VERTEX_POINT('',#3109);
#934=VERTEX_POINT('',#3111);
#935=VERTEX_POINT('',#3115);
#936=VERTEX_POINT('',#3116);
#937=VERTEX_POINT('',#3118);
#938=VERTEX_POINT('',#3120);
#939=VERTEX_POINT('',#3124);
#940=VERTEX_POINT('',#3126);
#941=VERTEX_POINT('',#3128);
#942=VERTEX_POINT('',#3130);
#943=VERTEX_POINT('',#3134);
#944=VERTEX_POINT('',#3136);
#945=VERTEX_POINT('',#3143);
#946=VERTEX_POINT('',#3145);
#947=VERTEX_POINT('',#3152);
#948=VERTEX_POINT('',#3153);
#949=VERTEX_POINT('',#3155);
#950=VERTEX_POINT('',#3157);
#951=VERTEX_POINT('',#3161);
#952=VERTEX_POINT('',#3163);
#953=VERTEX_POINT('',#3167);
#954=VERTEX_POINT('',#3168);
#955=VERTEX_POINT('',#3170);
#956=VERTEX_POINT('',#3172);
#957=VERTEX_POINT('',#3176);
#958=VERTEX_POINT('',#3178);
#959=VERTEX_POINT('',#3223);
#960=VERTEX_POINT('',#3224);
#961=VERTEX_POINT('',#3226);
#962=VERTEX_POINT('',#3228);
#963=VERTEX_POINT('',#3232);
#964=VERTEX_POINT('',#3234);
#965=VERTEX_POINT('',#3238);
#966=VERTEX_POINT('',#3240);
#967=VERTEX_POINT('',#3242);
#968=VERTEX_POINT('',#3244);
#969=VERTEX_POINT('',#3246);
#970=VERTEX_POINT('',#3250);
#971=VERTEX_POINT('',#3251);
#972=VERTEX_POINT('',#3256);
#973=VERTEX_POINT('',#3260);
#974=VERTEX_POINT('',#3264);
#975=EDGE_CURVE('',#791,#792,#333,.T.);
#976=EDGE_CURVE('',#792,#793,#334,.T.);
#977=EDGE_CURVE('',#793,#794,#335,.T.);
#978=EDGE_CURVE('',#791,#794,#336,.T.);
#979=EDGE_CURVE('',#792,#795,#337,.T.);
#980=EDGE_CURVE('',#795,#796,#338,.T.);
#981=EDGE_CURVE('',#796,#793,#339,.T.);
#982=EDGE_CURVE('',#794,#797,#340,.T.);
#983=EDGE_CURVE('',#797,#798,#341,.T.);
#984=EDGE_CURVE('',#798,#791,#342,.T.);
#985=EDGE_CURVE('',#795,#798,#343,.F.);
#986=EDGE_CURVE('',#797,#796,#344,.T.);
#987=EDGE_CURVE('',#798,#799,#345,.F.);
#988=EDGE_CURVE('',#800,#799,#346,.T.);
#989=EDGE_CURVE('',#801,#800,#347,.T.);
#990=EDGE_CURVE('',#802,#801,#348,.T.);
#991=EDGE_CURVE('',#802,#795,#349,.F.);
#992=EDGE_CURVE('',#803,#804,#350,.T.);
#993=EDGE_CURVE('',#805,#803,#351,.T.);
#994=EDGE_CURVE('',#806,#805,#352,.T.);
#995=EDGE_CURVE('',#804,#806,#353,.T.);
#996=EDGE_CURVE('',#807,#808,#354,.T.);
#997=EDGE_CURVE('',#809,#807,#355,.T.);
#998=EDGE_CURVE('',#810,#809,#356,.T.);
#999=EDGE_CURVE('',#808,#810,#357,.T.);
#1000=EDGE_CURVE('',#811,#812,#358,.T.);
#1001=EDGE_CURVE('',#813,#811,#359,.T.);
#1002=EDGE_CURVE('',#814,#813,#360,.T.);
#1003=EDGE_CURVE('',#812,#814,#361,.T.);
#1004=EDGE_CURVE('',#804,#815,#362,.T.);
#1005=EDGE_CURVE('',#815,#816,#363,.T.);
#1006=EDGE_CURVE('',#816,#803,#364,.T.);
#1007=EDGE_CURVE('',#806,#817,#365,.T.);
#1008=EDGE_CURVE('',#817,#815,#366,.T.);
#1009=EDGE_CURVE('',#818,#817,#367,.T.);
#1010=EDGE_CURVE('',#805,#818,#368,.T.);
#1011=EDGE_CURVE('',#816,#818,#369,.T.);
#1012=EDGE_CURVE('',#819,#820,#43,.T.);
#1013=EDGE_CURVE('',#821,#819,#370,.T.);
#1014=EDGE_CURVE('',#822,#821,#44,.T.);
#1015=EDGE_CURVE('',#823,#822,#371,.T.);
#1016=EDGE_CURVE('',#824,#823,#45,.T.);
#1017=EDGE_CURVE('',#825,#824,#372,.T.);
#1018=EDGE_CURVE('',#826,#825,#46,.T.);
#1019=EDGE_CURVE('',#820,#826,#373,.T.);
#1020=EDGE_CURVE('',#823,#827,#374,.T.);
#1021=EDGE_CURVE('',#827,#828,#47,.T.);
#1022=EDGE_CURVE('',#828,#824,#375,.T.);
#1023=EDGE_CURVE('',#829,#822,#376,.T.);
#1024=EDGE_CURVE('',#827,#829,#377,.T.);
#1025=EDGE_CURVE('',#821,#830,#378,.T.);
#1026=EDGE_CURVE('',#830,#829,#48,.T.);
#1027=EDGE_CURVE('',#831,#819,#379,.T.);
#1028=EDGE_CURVE('',#830,#831,#380,.T.);
#1029=EDGE_CURVE('',#832,#833,#49,.T.);
#1030=EDGE_CURVE('',#834,#832,#381,.T.);
#1031=EDGE_CURVE('',#835,#834,#50,.T.);
#1032=EDGE_CURVE('',#836,#835,#382,.T.);
#1033=EDGE_CURVE('',#837,#836,#51,.T.);
#1034=EDGE_CURVE('',#838,#837,#383,.T.);
#1035=EDGE_CURVE('',#839,#838,#52,.T.);
#1036=EDGE_CURVE('',#833,#839,#384,.T.);
#1037=EDGE_CURVE('',#840,#841,#53,.T.);
#1038=EDGE_CURVE('',#842,#840,#385,.T.);
#1039=EDGE_CURVE('',#843,#842,#54,.T.);
#1040=EDGE_CURVE('',#844,#843,#386,.T.);
#1041=EDGE_CURVE('',#845,#844,#55,.T.);
#1042=EDGE_CURVE('',#846,#845,#387,.T.);
#1043=EDGE_CURVE('',#847,#846,#56,.T.);
#1044=EDGE_CURVE('',#848,#847,#388,.T.);
#1045=EDGE_CURVE('',#849,#848,#57,.T.);
#1046=EDGE_CURVE('',#850,#849,#389,.T.);
#1047=EDGE_CURVE('',#851,#850,#58,.T.);
#1048=EDGE_CURVE('',#841,#851,#390,.T.);
#1049=EDGE_CURVE('',#846,#852,#391,.T.);
#1050=EDGE_CURVE('',#852,#853,#59,.T.);
#1051=EDGE_CURVE('',#853,#847,#392,.T.);
#1052=EDGE_CURVE('',#854,#845,#393,.T.);
#1053=EDGE_CURVE('',#852,#854,#394,.T.);
#1054=EDGE_CURVE('',#844,#855,#395,.T.);
#1055=EDGE_CURVE('',#855,#854,#60,.T.);
#1056=EDGE_CURVE('',#856,#843,#396,.T.);
#1057=EDGE_CURVE('',#855,#856,#397,.T.);
#1058=EDGE_CURVE('',#842,#857,#398,.T.);
#1059=EDGE_CURVE('',#857,#856,#61,.T.);
#1060=EDGE_CURVE('',#858,#840,#399,.T.);
#1061=EDGE_CURVE('',#857,#858,#400,.T.);
#1062=EDGE_CURVE('',#836,#859,#401,.T.);
#1063=EDGE_CURVE('',#859,#860,#62,.T.);
#1064=EDGE_CURVE('',#860,#837,#402,.T.);
#1065=EDGE_CURVE('',#861,#835,#403,.T.);
#1066=EDGE_CURVE('',#859,#861,#404,.T.);
#1067=EDGE_CURVE('',#834,#862,#405,.T.);
#1068=EDGE_CURVE('',#862,#861,#63,.T.);
#1069=EDGE_CURVE('',#863,#832,#406,.T.);
#1070=EDGE_CURVE('',#862,#863,#407,.T.);
#1071=EDGE_CURVE('',#864,#800,#64,.T.);
#1072=EDGE_CURVE('',#799,#865,#65,.T.);
#1073=EDGE_CURVE('',#865,#864,#408,.T.);
#1074=EDGE_CURVE('',#864,#866,#409,.T.);
#1075=EDGE_CURVE('',#867,#866,#66,.T.);
#1076=EDGE_CURVE('',#867,#868,#410,.T.);
#1077=EDGE_CURVE('',#869,#868,#67,.T.);
#1078=EDGE_CURVE('',#869,#870,#411,.T.);
#1079=EDGE_CURVE('',#801,#870,#68,.T.);
#1080=EDGE_CURVE('',#871,#872,#412,.T.);
#1081=EDGE_CURVE('',#872,#873,#413,.T.);
#1082=EDGE_CURVE('',#873,#874,#414,.T.);
#1083=EDGE_CURVE('',#874,#871,#415,.T.);
#1084=EDGE_CURVE('',#870,#875,#416,.T.);
#1085=EDGE_CURVE('',#875,#802,#69,.T.);
#1086=EDGE_CURVE('',#876,#869,#417,.T.);
#1087=EDGE_CURVE('',#876,#875,#418,.F.);
#1088=EDGE_CURVE('',#866,#877,#419,.T.);
#1089=EDGE_CURVE('',#877,#878,#70,.T.);
#1090=EDGE_CURVE('',#878,#867,#420,.T.);
#1091=EDGE_CURVE('',#878,#879,#421,.F.);
#1092=EDGE_CURVE('',#868,#879,#422,.T.);
#1093=EDGE_CURVE('',#880,#881,#423,.T.);
#1094=EDGE_CURVE('',#882,#881,#71,.T.);
#1095=EDGE_CURVE('',#882,#883,#424,.T.);
#1096=EDGE_CURVE('',#884,#883,#72,.T.);
#1097=EDGE_CURVE('',#884,#885,#425,.T.);
#1098=EDGE_CURVE('',#886,#885,#73,.T.);
#1099=EDGE_CURVE('',#886,#887,#426,.T.);
#1100=EDGE_CURVE('',#880,#887,#74,.T.);
#1101=EDGE_CURVE('',#879,#876,#75,.T.);
#1102=EDGE_CURVE('',#888,#889,#76,.T.);
#1103=EDGE_CURVE('',#889,#886,#427,.T.);
#1104=EDGE_CURVE('',#885,#888,#428,.T.);
#1105=EDGE_CURVE('',#890,#889,#429,.T.);
#1106=EDGE_CURVE('',#887,#890,#430,.T.);
#1107=EDGE_CURVE('',#890,#891,#77,.T.);
#1108=EDGE_CURVE('',#891,#880,#431,.T.);
#1109=EDGE_CURVE('',#892,#891,#432,.T.);
#1110=EDGE_CURVE('',#881,#892,#433,.T.);
#1111=EDGE_CURVE('',#892,#893,#78,.T.);
#1112=EDGE_CURVE('',#893,#882,#434,.T.);
#1113=EDGE_CURVE('',#893,#894,#435,.T.);
#1114=EDGE_CURVE('',#894,#895,#436,.T.);
#1115=EDGE_CURVE('',#895,#896,#437,.T.);
#1116=EDGE_CURVE('',#896,#897,#438,.T.);
#1117=EDGE_CURVE('',#897,#898,#439,.T.);
#1118=EDGE_CURVE('',#883,#898,#440,.T.);
#1119=EDGE_CURVE('',#898,#899,#79,.T.);
#1120=EDGE_CURVE('',#899,#884,#441,.T.);
#1121=EDGE_CURVE('',#888,#899,#442,.T.);
#1122=EDGE_CURVE('',#850,#900,#443,.T.);
#1123=EDGE_CURVE('',#900,#901,#80,.T.);
#1124=EDGE_CURVE('',#901,#851,#444,.T.);
#1125=EDGE_CURVE('',#902,#849,#445,.T.);
#1126=EDGE_CURVE('',#900,#902,#446,.T.);
#1127=EDGE_CURVE('',#903,#853,#447,.T.);
#1128=EDGE_CURVE('',#848,#903,#448,.T.);
#1129=EDGE_CURVE('',#841,#904,#449,.T.);
#1130=EDGE_CURVE('',#904,#858,#81,.T.);
#1131=EDGE_CURVE('',#903,#902,#82,.T.);
#1132=EDGE_CURVE('',#905,#860,#450,.T.);
#1133=EDGE_CURVE('',#838,#905,#451,.T.);
#1134=EDGE_CURVE('',#833,#906,#452,.T.);
#1135=EDGE_CURVE('',#906,#863,#83,.T.);
#1136=EDGE_CURVE('',#905,#907,#84,.T.);
#1137=EDGE_CURVE('',#907,#839,#453,.T.);
#1138=EDGE_CURVE('',#895,#874,#454,.T.);
#1139=EDGE_CURVE('',#896,#873,#455,.T.);
#1140=EDGE_CURVE('',#908,#909,#456,.T.);
#1141=EDGE_CURVE('',#909,#910,#457,.T.);
#1142=EDGE_CURVE('',#910,#911,#458,.T.);
#1143=EDGE_CURVE('',#911,#908,#459,.T.);
#1144=EDGE_CURVE('',#912,#913,#460,.T.);
#1145=EDGE_CURVE('',#913,#914,#461,.T.);
#1146=EDGE_CURVE('',#914,#915,#462,.T.);
#1147=EDGE_CURVE('',#915,#912,#463,.T.);
#1148=EDGE_CURVE('',#906,#907,#464,.T.);
#1149=EDGE_CURVE('',#904,#901,#465,.T.);
#1150=EDGE_CURVE('',#916,#917,#466,.T.);
#1151=EDGE_CURVE('',#918,#917,#85,.T.);
#1152=EDGE_CURVE('',#918,#828,#467,.T.);
#1153=EDGE_CURVE('',#916,#831,#86,.T.);
#1154=EDGE_CURVE('',#820,#916,#468,.T.);
#1155=EDGE_CURVE('',#917,#826,#469,.T.);
#1156=EDGE_CURVE('',#825,#918,#470,.T.);
#1157=EDGE_CURVE('',#814,#919,#471,.F.);
#1158=EDGE_CURVE('',#919,#920,#472,.T.);
#1159=EDGE_CURVE('',#920,#812,#473,.F.);
#1160=EDGE_CURVE('',#921,#919,#474,.F.);
#1161=EDGE_CURVE('',#921,#911,#475,.T.);
#1162=EDGE_CURVE('',#922,#910,#476,.T.);
#1163=EDGE_CURVE('',#920,#922,#477,.F.);
#1164=EDGE_CURVE('',#810,#923,#478,.F.);
#1165=EDGE_CURVE('',#923,#924,#479,.T.);
#1166=EDGE_CURVE('',#924,#808,#480,.F.);
#1167=EDGE_CURVE('',#925,#923,#481,.F.);
#1168=EDGE_CURVE('',#925,#913,#482,.T.);
#1169=EDGE_CURVE('',#926,#912,#483,.T.);
#1170=EDGE_CURVE('',#924,#926,#484,.F.);
#1171=EDGE_CURVE('',#927,#928,#485,.F.);
#1172=EDGE_CURVE('',#928,#929,#486,.T.);
#1173=EDGE_CURVE('',#929,#930,#487,.F.);
#1174=EDGE_CURVE('',#930,#927,#488,.T.);
#1175=EDGE_CURVE('',#931,#928,#489,.F.);
#1176=EDGE_CURVE('',#931,#932,#490,.T.);
#1177=EDGE_CURVE('',#933,#932,#491,.T.);
#1178=EDGE_CURVE('',#934,#933,#492,.T.);
#1179=EDGE_CURVE('',#929,#934,#493,.F.);
#1180=EDGE_CURVE('',#935,#936,#494,.F.);
#1181=EDGE_CURVE('',#936,#937,#495,.T.);
#1182=EDGE_CURVE('',#937,#938,#496,.F.);
#1183=EDGE_CURVE('',#938,#935,#497,.T.);
#1184=EDGE_CURVE('',#939,#936,#498,.F.);
#1185=EDGE_CURVE('',#939,#940,#499,.T.);
#1186=EDGE_CURVE('',#941,#940,#500,.T.);
#1187=EDGE_CURVE('',#942,#941,#501,.T.);
#1188=EDGE_CURVE('',#937,#942,#502,.F.);
#1189=EDGE_CURVE('',#807,#943,#503,.F.);
#1190=EDGE_CURVE('',#943,#944,#504,.T.);
#1191=EDGE_CURVE('',#944,#809,#505,.F.);
#1192=EDGE_CURVE('',#943,#915,#506,.T.);
#1193=EDGE_CURVE('',#944,#914,#507,.T.);
#1194=EDGE_CURVE('',#811,#945,#508,.F.);
#1195=EDGE_CURVE('',#945,#946,#509,.T.);
#1196=EDGE_CURVE('',#946,#813,#510,.F.);
#1197=EDGE_CURVE('',#945,#909,#511,.T.);
#1198=EDGE_CURVE('',#946,#908,#512,.T.);
#1199=EDGE_CURVE('',#947,#948,#513,.F.);
#1200=EDGE_CURVE('',#948,#949,#514,.T.);
#1201=EDGE_CURVE('',#949,#950,#515,.F.);
#1202=EDGE_CURVE('',#950,#947,#516,.T.);
#1203=EDGE_CURVE('',#948,#951,#517,.T.);
#1204=EDGE_CURVE('',#952,#951,#518,.T.);
#1205=EDGE_CURVE('',#949,#952,#519,.T.);
#1206=EDGE_CURVE('',#953,#954,#520,.F.);
#1207=EDGE_CURVE('',#954,#955,#521,.T.);
#1208=EDGE_CURVE('',#955,#956,#522,.F.);
#1209=EDGE_CURVE('',#956,#953,#523,.T.);
#1210=EDGE_CURVE('',#954,#957,#524,.T.);
#1211=EDGE_CURVE('',#958,#957,#525,.T.);
#1212=EDGE_CURVE('',#955,#958,#526,.T.);
#1213=EDGE_CURVE('',#949,#939,#527,.T.);
#1214=EDGE_CURVE('',#935,#950,#528,.T.);
#1215=EDGE_CURVE('',#940,#952,#529,.T.);
#1216=EDGE_CURVE('',#934,#954,#530,.T.);
#1217=EDGE_CURVE('',#953,#930,#531,.T.);
#1218=EDGE_CURVE('',#957,#933,#532,.T.);
#1219=EDGE_CURVE('',#955,#931,#533,.T.);
#1220=EDGE_CURVE('',#927,#956,#534,.T.);
#1221=EDGE_CURVE('',#932,#958,#535,.T.);
#1222=EDGE_CURVE('',#942,#948,#536,.T.);
#1223=EDGE_CURVE('',#947,#938,#537,.T.);
#1224=EDGE_CURVE('',#951,#941,#538,.T.);
#1225=EDGE_CURVE('',#922,#945,#539,.T.);
#1226=EDGE_CURVE('',#944,#925,#540,.T.);
#1227=EDGE_CURVE('',#926,#943,#541,.T.);
#1228=EDGE_CURVE('',#946,#921,#542,.T.);
#1229=EDGE_CURVE('',#897,#872,#543,.T.);
#1230=EDGE_CURVE('',#894,#871,#544,.T.);
#1231=EDGE_CURVE('',#865,#877,#545,.F.);
#1232=EDGE_CURVE('',#959,#960,#87,.T.);
#1233=EDGE_CURVE('',#960,#961,#546,.T.);
#1234=EDGE_CURVE('',#961,#962,#88,.T.);
#1235=EDGE_CURVE('',#962,#959,#547,.T.);
#1236=EDGE_CURVE('',#963,#962,#548,.T.);
#1237=EDGE_CURVE('',#964,#963,#549,.T.);
#1238=EDGE_CURVE('',#959,#964,#550,.T.);
#1239=EDGE_CURVE('',#961,#965,#551,.T.);
#1240=EDGE_CURVE('',#966,#965,#89,.T.);
#1241=EDGE_CURVE('',#966,#967,#552,.T.);
#1242=EDGE_CURVE('',#968,#967,#90,.T.);
#1243=EDGE_CURVE('',#968,#969,#553,.T.);
#1244=EDGE_CURVE('',#963,#969,#91,.T.);
#1245=EDGE_CURVE('',#970,#971,#92,.T.);
#1246=EDGE_CURVE('',#971,#966,#554,.T.);
#1247=EDGE_CURVE('',#965,#970,#555,.T.);
#1248=EDGE_CURVE('',#972,#971,#556,.T.);
#1249=EDGE_CURVE('',#967,#972,#557,.T.);
#1250=EDGE_CURVE('',#972,#973,#93,.T.);
#1251=EDGE_CURVE('',#973,#968,#558,.T.);
#1252=EDGE_CURVE('',#974,#964,#94,.T.);
#1253=EDGE_CURVE('',#969,#974,#559,.T.);
#1254=EDGE_CURVE('',#970,#960,#560,.T.);
#1255=EDGE_CURVE('',#974,#973,#561,.T.);
#1256=ORIENTED_EDGE('',*,*,#975,.T.);
#1257=ORIENTED_EDGE('',*,*,#976,.T.);
#1258=ORIENTED_EDGE('',*,*,#977,.T.);
#1259=ORIENTED_EDGE('',*,*,#978,.F.);
#1260=ORIENTED_EDGE('',*,*,#979,.T.);
#1261=ORIENTED_EDGE('',*,*,#980,.T.);
#1262=ORIENTED_EDGE('',*,*,#981,.T.);
#1263=ORIENTED_EDGE('',*,*,#976,.F.);
#1264=ORIENTED_EDGE('',*,*,#982,.T.);
#1265=ORIENTED_EDGE('',*,*,#983,.T.);
#1266=ORIENTED_EDGE('',*,*,#984,.T.);
#1267=ORIENTED_EDGE('',*,*,#978,.T.);
#1268=ORIENTED_EDGE('',*,*,#985,.T.);
#1269=ORIENTED_EDGE('',*,*,#983,.F.);
#1270=ORIENTED_EDGE('',*,*,#986,.T.);
#1271=ORIENTED_EDGE('',*,*,#980,.F.);
#1272=ORIENTED_EDGE('',*,*,#979,.F.);
#1273=ORIENTED_EDGE('',*,*,#975,.F.);
#1274=ORIENTED_EDGE('',*,*,#984,.F.);
#1275=ORIENTED_EDGE('',*,*,#987,.T.);
#1276=ORIENTED_EDGE('',*,*,#988,.F.);
#1277=ORIENTED_EDGE('',*,*,#989,.F.);
#1278=ORIENTED_EDGE('',*,*,#990,.F.);
#1279=ORIENTED_EDGE('',*,*,#991,.T.);
#1280=ORIENTED_EDGE('',*,*,#992,.F.);
#1281=ORIENTED_EDGE('',*,*,#993,.F.);
#1282=ORIENTED_EDGE('',*,*,#994,.F.);
#1283=ORIENTED_EDGE('',*,*,#995,.F.);
#1284=ORIENTED_EDGE('',*,*,#996,.F.);
#1285=ORIENTED_EDGE('',*,*,#997,.F.);
#1286=ORIENTED_EDGE('',*,*,#998,.F.);
#1287=ORIENTED_EDGE('',*,*,#999,.F.);
#1288=ORIENTED_EDGE('',*,*,#1000,.F.);
#1289=ORIENTED_EDGE('',*,*,#1001,.F.);
#1290=ORIENTED_EDGE('',*,*,#1002,.F.);
#1291=ORIENTED_EDGE('',*,*,#1003,.F.);
#1292=ORIENTED_EDGE('',*,*,#992,.T.);
#1293=ORIENTED_EDGE('',*,*,#1004,.T.);
#1294=ORIENTED_EDGE('',*,*,#1005,.T.);
#1295=ORIENTED_EDGE('',*,*,#1006,.T.);
#1296=ORIENTED_EDGE('',*,*,#995,.T.);
#1297=ORIENTED_EDGE('',*,*,#1007,.T.);
#1298=ORIENTED_EDGE('',*,*,#1008,.T.);
#1299=ORIENTED_EDGE('',*,*,#1004,.F.);
#1300=ORIENTED_EDGE('',*,*,#1009,.T.);
#1301=ORIENTED_EDGE('',*,*,#1007,.F.);
#1302=ORIENTED_EDGE('',*,*,#994,.T.);
#1303=ORIENTED_EDGE('',*,*,#1010,.T.);
#1304=ORIENTED_EDGE('',*,*,#993,.T.);
#1305=ORIENTED_EDGE('',*,*,#1006,.F.);
#1306=ORIENTED_EDGE('',*,*,#1011,.T.);
#1307=ORIENTED_EDGE('',*,*,#1010,.F.);
#1308=ORIENTED_EDGE('',*,*,#1011,.F.);
#1309=ORIENTED_EDGE('',*,*,#1005,.F.);
#1310=ORIENTED_EDGE('',*,*,#1008,.F.);
#1311=ORIENTED_EDGE('',*,*,#1009,.F.);
#1312=ORIENTED_EDGE('',*,*,#1012,.F.);
#1313=ORIENTED_EDGE('',*,*,#1013,.F.);
#1314=ORIENTED_EDGE('',*,*,#1014,.F.);
#1315=ORIENTED_EDGE('',*,*,#1015,.F.);
#1316=ORIENTED_EDGE('',*,*,#1016,.F.);
#1317=ORIENTED_EDGE('',*,*,#1017,.F.);
#1318=ORIENTED_EDGE('',*,*,#1018,.F.);
#1319=ORIENTED_EDGE('',*,*,#1019,.F.);
#1320=ORIENTED_EDGE('',*,*,#1016,.T.);
#1321=ORIENTED_EDGE('',*,*,#1020,.T.);
#1322=ORIENTED_EDGE('',*,*,#1021,.T.);
#1323=ORIENTED_EDGE('',*,*,#1022,.T.);
#1324=ORIENTED_EDGE('',*,*,#1015,.T.);
#1325=ORIENTED_EDGE('',*,*,#1023,.F.);
#1326=ORIENTED_EDGE('',*,*,#1024,.F.);
#1327=ORIENTED_EDGE('',*,*,#1020,.F.);
#1328=ORIENTED_EDGE('',*,*,#1014,.T.);
#1329=ORIENTED_EDGE('',*,*,#1025,.T.);
#1330=ORIENTED_EDGE('',*,*,#1026,.T.);
#1331=ORIENTED_EDGE('',*,*,#1023,.T.);
#1332=ORIENTED_EDGE('',*,*,#1013,.T.);
#1333=ORIENTED_EDGE('',*,*,#1027,.F.);
#1334=ORIENTED_EDGE('',*,*,#1028,.F.);
#1335=ORIENTED_EDGE('',*,*,#1025,.F.);
#1336=ORIENTED_EDGE('',*,*,#986,.F.);
#1337=ORIENTED_EDGE('',*,*,#982,.F.);
#1338=ORIENTED_EDGE('',*,*,#977,.F.);
#1339=ORIENTED_EDGE('',*,*,#981,.F.);
#1340=ORIENTED_EDGE('',*,*,#1029,.F.);
#1341=ORIENTED_EDGE('',*,*,#1030,.F.);
#1342=ORIENTED_EDGE('',*,*,#1031,.F.);
#1343=ORIENTED_EDGE('',*,*,#1032,.F.);
#1344=ORIENTED_EDGE('',*,*,#1033,.F.);
#1345=ORIENTED_EDGE('',*,*,#1034,.F.);
#1346=ORIENTED_EDGE('',*,*,#1035,.F.);
#1347=ORIENTED_EDGE('',*,*,#1036,.F.);
#1348=ORIENTED_EDGE('',*,*,#1037,.F.);
#1349=ORIENTED_EDGE('',*,*,#1038,.F.);
#1350=ORIENTED_EDGE('',*,*,#1039,.F.);
#1351=ORIENTED_EDGE('',*,*,#1040,.F.);
#1352=ORIENTED_EDGE('',*,*,#1041,.F.);
#1353=ORIENTED_EDGE('',*,*,#1042,.F.);
#1354=ORIENTED_EDGE('',*,*,#1043,.F.);
#1355=ORIENTED_EDGE('',*,*,#1044,.F.);
#1356=ORIENTED_EDGE('',*,*,#1045,.F.);
#1357=ORIENTED_EDGE('',*,*,#1046,.F.);
#1358=ORIENTED_EDGE('',*,*,#1047,.F.);
#1359=ORIENTED_EDGE('',*,*,#1048,.F.);
#1360=ORIENTED_EDGE('',*,*,#1043,.T.);
#1361=ORIENTED_EDGE('',*,*,#1049,.T.);
#1362=ORIENTED_EDGE('',*,*,#1050,.T.);
#1363=ORIENTED_EDGE('',*,*,#1051,.T.);
#1364=ORIENTED_EDGE('',*,*,#1042,.T.);
#1365=ORIENTED_EDGE('',*,*,#1052,.F.);
#1366=ORIENTED_EDGE('',*,*,#1053,.F.);
#1367=ORIENTED_EDGE('',*,*,#1049,.F.);
#1368=ORIENTED_EDGE('',*,*,#1041,.T.);
#1369=ORIENTED_EDGE('',*,*,#1054,.T.);
#1370=ORIENTED_EDGE('',*,*,#1055,.T.);
#1371=ORIENTED_EDGE('',*,*,#1052,.T.);
#1372=ORIENTED_EDGE('',*,*,#1040,.T.);
#1373=ORIENTED_EDGE('',*,*,#1056,.F.);
#1374=ORIENTED_EDGE('',*,*,#1057,.F.);
#1375=ORIENTED_EDGE('',*,*,#1054,.F.);
#1376=ORIENTED_EDGE('',*,*,#1039,.T.);
#1377=ORIENTED_EDGE('',*,*,#1058,.T.);
#1378=ORIENTED_EDGE('',*,*,#1059,.T.);
#1379=ORIENTED_EDGE('',*,*,#1056,.T.);
#1380=ORIENTED_EDGE('',*,*,#1038,.T.);
#1381=ORIENTED_EDGE('',*,*,#1060,.F.);
#1382=ORIENTED_EDGE('',*,*,#1061,.F.);
#1383=ORIENTED_EDGE('',*,*,#1058,.F.);
#1384=ORIENTED_EDGE('',*,*,#1033,.T.);
#1385=ORIENTED_EDGE('',*,*,#1062,.T.);
#1386=ORIENTED_EDGE('',*,*,#1063,.T.);
#1387=ORIENTED_EDGE('',*,*,#1064,.T.);
#1388=ORIENTED_EDGE('',*,*,#1032,.T.);
#1389=ORIENTED_EDGE('',*,*,#1065,.F.);
#1390=ORIENTED_EDGE('',*,*,#1066,.F.);
#1391=ORIENTED_EDGE('',*,*,#1062,.F.);
#1392=ORIENTED_EDGE('',*,*,#1031,.T.);
#1393=ORIENTED_EDGE('',*,*,#1067,.T.);
#1394=ORIENTED_EDGE('',*,*,#1068,.T.);
#1395=ORIENTED_EDGE('',*,*,#1065,.T.);
#1396=ORIENTED_EDGE('',*,*,#1030,.T.);
#1397=ORIENTED_EDGE('',*,*,#1069,.F.);
#1398=ORIENTED_EDGE('',*,*,#1070,.F.);
#1399=ORIENTED_EDGE('',*,*,#1067,.F.);
#1400=ORIENTED_EDGE('',*,*,#1071,.T.);
#1401=ORIENTED_EDGE('',*,*,#988,.T.);
#1402=ORIENTED_EDGE('',*,*,#1072,.T.);
#1403=ORIENTED_EDGE('',*,*,#1073,.T.);
#1404=ORIENTED_EDGE('',*,*,#1071,.F.);
#1405=ORIENTED_EDGE('',*,*,#1074,.T.);
#1406=ORIENTED_EDGE('',*,*,#1075,.F.);
#1407=ORIENTED_EDGE('',*,*,#1076,.T.);
#1408=ORIENTED_EDGE('',*,*,#1077,.F.);
#1409=ORIENTED_EDGE('',*,*,#1078,.T.);
#1410=ORIENTED_EDGE('',*,*,#1079,.F.);
#1411=ORIENTED_EDGE('',*,*,#989,.T.);
#1412=ORIENTED_EDGE('',*,*,#1080,.T.);
#1413=ORIENTED_EDGE('',*,*,#1081,.T.);
#1414=ORIENTED_EDGE('',*,*,#1082,.T.);
#1415=ORIENTED_EDGE('',*,*,#1083,.T.);
#1416=ORIENTED_EDGE('',*,*,#1079,.T.);
#1417=ORIENTED_EDGE('',*,*,#1084,.T.);
#1418=ORIENTED_EDGE('',*,*,#1085,.T.);
#1419=ORIENTED_EDGE('',*,*,#990,.T.);
#1420=ORIENTED_EDGE('',*,*,#1084,.F.);
#1421=ORIENTED_EDGE('',*,*,#1078,.F.);
#1422=ORIENTED_EDGE('',*,*,#1086,.F.);
#1423=ORIENTED_EDGE('',*,*,#1087,.T.);
#1424=ORIENTED_EDGE('',*,*,#1075,.T.);
#1425=ORIENTED_EDGE('',*,*,#1088,.T.);
#1426=ORIENTED_EDGE('',*,*,#1089,.T.);
#1427=ORIENTED_EDGE('',*,*,#1090,.T.);
#1428=ORIENTED_EDGE('',*,*,#1090,.F.);
#1429=ORIENTED_EDGE('',*,*,#1091,.T.);
#1430=ORIENTED_EDGE('',*,*,#1092,.F.);
#1431=ORIENTED_EDGE('',*,*,#1076,.F.);
#1432=ORIENTED_EDGE('',*,*,#1093,.T.);
#1433=ORIENTED_EDGE('',*,*,#1094,.F.);
#1434=ORIENTED_EDGE('',*,*,#1095,.T.);
#1435=ORIENTED_EDGE('',*,*,#1096,.F.);
#1436=ORIENTED_EDGE('',*,*,#1097,.T.);
#1437=ORIENTED_EDGE('',*,*,#1098,.F.);
#1438=ORIENTED_EDGE('',*,*,#1099,.T.);
#1439=ORIENTED_EDGE('',*,*,#1100,.F.);
#1440=ORIENTED_EDGE('',*,*,#1077,.T.);
#1441=ORIENTED_EDGE('',*,*,#1092,.T.);
#1442=ORIENTED_EDGE('',*,*,#1101,.T.);
#1443=ORIENTED_EDGE('',*,*,#1086,.T.);
#1444=ORIENTED_EDGE('',*,*,#1102,.T.);
#1445=ORIENTED_EDGE('',*,*,#1103,.T.);
#1446=ORIENTED_EDGE('',*,*,#1098,.T.);
#1447=ORIENTED_EDGE('',*,*,#1104,.T.);
#1448=ORIENTED_EDGE('',*,*,#1103,.F.);
#1449=ORIENTED_EDGE('',*,*,#1105,.F.);
#1450=ORIENTED_EDGE('',*,*,#1106,.F.);
#1451=ORIENTED_EDGE('',*,*,#1099,.F.);
#1452=ORIENTED_EDGE('',*,*,#1107,.T.);
#1453=ORIENTED_EDGE('',*,*,#1108,.T.);
#1454=ORIENTED_EDGE('',*,*,#1100,.T.);
#1455=ORIENTED_EDGE('',*,*,#1106,.T.);
#1456=ORIENTED_EDGE('',*,*,#1108,.F.);
#1457=ORIENTED_EDGE('',*,*,#1109,.F.);
#1458=ORIENTED_EDGE('',*,*,#1110,.F.);
#1459=ORIENTED_EDGE('',*,*,#1093,.F.);
#1460=ORIENTED_EDGE('',*,*,#1111,.T.);
#1461=ORIENTED_EDGE('',*,*,#1112,.T.);
#1462=ORIENTED_EDGE('',*,*,#1094,.T.);
#1463=ORIENTED_EDGE('',*,*,#1110,.T.);
#1464=ORIENTED_EDGE('',*,*,#1112,.F.);
#1465=ORIENTED_EDGE('',*,*,#1113,.T.);
#1466=ORIENTED_EDGE('',*,*,#1114,.T.);
#1467=ORIENTED_EDGE('',*,*,#1115,.T.);
#1468=ORIENTED_EDGE('',*,*,#1116,.T.);
#1469=ORIENTED_EDGE('',*,*,#1117,.T.);
#1470=ORIENTED_EDGE('',*,*,#1118,.F.);
#1471=ORIENTED_EDGE('',*,*,#1095,.F.);
#1472=ORIENTED_EDGE('',*,*,#1119,.T.);
#1473=ORIENTED_EDGE('',*,*,#1120,.T.);
#1474=ORIENTED_EDGE('',*,*,#1096,.T.);
#1475=ORIENTED_EDGE('',*,*,#1118,.T.);
#1476=ORIENTED_EDGE('',*,*,#1104,.F.);
#1477=ORIENTED_EDGE('',*,*,#1097,.F.);
#1478=ORIENTED_EDGE('',*,*,#1120,.F.);
#1479=ORIENTED_EDGE('',*,*,#1121,.F.);
#1480=ORIENTED_EDGE('',*,*,#1047,.T.);
#1481=ORIENTED_EDGE('',*,*,#1122,.T.);
#1482=ORIENTED_EDGE('',*,*,#1123,.T.);
#1483=ORIENTED_EDGE('',*,*,#1124,.T.);
#1484=ORIENTED_EDGE('',*,*,#1046,.T.);
#1485=ORIENTED_EDGE('',*,*,#1125,.F.);
#1486=ORIENTED_EDGE('',*,*,#1126,.F.);
#1487=ORIENTED_EDGE('',*,*,#1122,.F.);
#1488=ORIENTED_EDGE('',*,*,#1044,.T.);
#1489=ORIENTED_EDGE('',*,*,#1051,.F.);
#1490=ORIENTED_EDGE('',*,*,#1127,.F.);
#1491=ORIENTED_EDGE('',*,*,#1128,.F.);
#1492=ORIENTED_EDGE('',*,*,#1037,.T.);
#1493=ORIENTED_EDGE('',*,*,#1129,.T.);
#1494=ORIENTED_EDGE('',*,*,#1130,.T.);
#1495=ORIENTED_EDGE('',*,*,#1060,.T.);
#1496=ORIENTED_EDGE('',*,*,#1045,.T.);
#1497=ORIENTED_EDGE('',*,*,#1128,.T.);
#1498=ORIENTED_EDGE('',*,*,#1131,.T.);
#1499=ORIENTED_EDGE('',*,*,#1125,.T.);
#1500=ORIENTED_EDGE('',*,*,#1034,.T.);
#1501=ORIENTED_EDGE('',*,*,#1064,.F.);
#1502=ORIENTED_EDGE('',*,*,#1132,.F.);
#1503=ORIENTED_EDGE('',*,*,#1133,.F.);
#1504=ORIENTED_EDGE('',*,*,#1029,.T.);
#1505=ORIENTED_EDGE('',*,*,#1134,.T.);
#1506=ORIENTED_EDGE('',*,*,#1135,.T.);
#1507=ORIENTED_EDGE('',*,*,#1069,.T.);
#1508=ORIENTED_EDGE('',*,*,#1035,.T.);
#1509=ORIENTED_EDGE('',*,*,#1133,.T.);
#1510=ORIENTED_EDGE('',*,*,#1136,.T.);
#1511=ORIENTED_EDGE('',*,*,#1137,.T.);
#1512=ORIENTED_EDGE('',*,*,#1115,.F.);
#1513=ORIENTED_EDGE('',*,*,#1138,.T.);
#1514=ORIENTED_EDGE('',*,*,#1082,.F.);
#1515=ORIENTED_EDGE('',*,*,#1139,.F.);
#1516=ORIENTED_EDGE('',*,*,#1140,.T.);
#1517=ORIENTED_EDGE('',*,*,#1141,.T.);
#1518=ORIENTED_EDGE('',*,*,#1142,.T.);
#1519=ORIENTED_EDGE('',*,*,#1143,.T.);
#1520=ORIENTED_EDGE('',*,*,#1144,.T.);
#1521=ORIENTED_EDGE('',*,*,#1145,.T.);
#1522=ORIENTED_EDGE('',*,*,#1146,.T.);
#1523=ORIENTED_EDGE('',*,*,#1147,.T.);
#1524=ORIENTED_EDGE('',*,*,#1148,.T.);
#1525=ORIENTED_EDGE('',*,*,#1136,.F.);
#1526=ORIENTED_EDGE('',*,*,#1132,.T.);
#1527=ORIENTED_EDGE('',*,*,#1063,.F.);
#1528=ORIENTED_EDGE('',*,*,#1066,.T.);
#1529=ORIENTED_EDGE('',*,*,#1068,.F.);
#1530=ORIENTED_EDGE('',*,*,#1070,.T.);
#1531=ORIENTED_EDGE('',*,*,#1135,.F.);
#1532=ORIENTED_EDGE('',*,*,#1149,.T.);
#1533=ORIENTED_EDGE('',*,*,#1123,.F.);
#1534=ORIENTED_EDGE('',*,*,#1126,.T.);
#1535=ORIENTED_EDGE('',*,*,#1131,.F.);
#1536=ORIENTED_EDGE('',*,*,#1127,.T.);
#1537=ORIENTED_EDGE('',*,*,#1050,.F.);
#1538=ORIENTED_EDGE('',*,*,#1053,.T.);
#1539=ORIENTED_EDGE('',*,*,#1055,.F.);
#1540=ORIENTED_EDGE('',*,*,#1057,.T.);
#1541=ORIENTED_EDGE('',*,*,#1059,.F.);
#1542=ORIENTED_EDGE('',*,*,#1061,.T.);
#1543=ORIENTED_EDGE('',*,*,#1130,.F.);
#1544=ORIENTED_EDGE('',*,*,#1150,.T.);
#1545=ORIENTED_EDGE('',*,*,#1151,.F.);
#1546=ORIENTED_EDGE('',*,*,#1152,.T.);
#1547=ORIENTED_EDGE('',*,*,#1021,.F.);
#1548=ORIENTED_EDGE('',*,*,#1024,.T.);
#1549=ORIENTED_EDGE('',*,*,#1026,.F.);
#1550=ORIENTED_EDGE('',*,*,#1028,.T.);
#1551=ORIENTED_EDGE('',*,*,#1153,.F.);
#1552=ORIENTED_EDGE('',*,*,#1012,.T.);
#1553=ORIENTED_EDGE('',*,*,#1154,.T.);
#1554=ORIENTED_EDGE('',*,*,#1153,.T.);
#1555=ORIENTED_EDGE('',*,*,#1027,.T.);
#1556=ORIENTED_EDGE('',*,*,#1019,.T.);
#1557=ORIENTED_EDGE('',*,*,#1155,.F.);
#1558=ORIENTED_EDGE('',*,*,#1150,.F.);
#1559=ORIENTED_EDGE('',*,*,#1154,.F.);
#1560=ORIENTED_EDGE('',*,*,#1018,.T.);
#1561=ORIENTED_EDGE('',*,*,#1156,.T.);
#1562=ORIENTED_EDGE('',*,*,#1151,.T.);
#1563=ORIENTED_EDGE('',*,*,#1155,.T.);
#1564=ORIENTED_EDGE('',*,*,#1017,.T.);
#1565=ORIENTED_EDGE('',*,*,#1022,.F.);
#1566=ORIENTED_EDGE('',*,*,#1152,.F.);
#1567=ORIENTED_EDGE('',*,*,#1156,.F.);
#1568=ORIENTED_EDGE('',*,*,#1036,.T.);
#1569=ORIENTED_EDGE('',*,*,#1137,.F.);
#1570=ORIENTED_EDGE('',*,*,#1148,.F.);
#1571=ORIENTED_EDGE('',*,*,#1134,.F.);
#1572=ORIENTED_EDGE('',*,*,#1157,.T.);
#1573=ORIENTED_EDGE('',*,*,#1158,.T.);
#1574=ORIENTED_EDGE('',*,*,#1159,.T.);
#1575=ORIENTED_EDGE('',*,*,#1003,.T.);
#1576=ORIENTED_EDGE('',*,*,#1158,.F.);
#1577=ORIENTED_EDGE('',*,*,#1160,.F.);
#1578=ORIENTED_EDGE('',*,*,#1161,.T.);
#1579=ORIENTED_EDGE('',*,*,#1142,.F.);
#1580=ORIENTED_EDGE('',*,*,#1162,.F.);
#1581=ORIENTED_EDGE('',*,*,#1163,.F.);
#1582=ORIENTED_EDGE('',*,*,#1164,.T.);
#1583=ORIENTED_EDGE('',*,*,#1165,.T.);
#1584=ORIENTED_EDGE('',*,*,#1166,.T.);
#1585=ORIENTED_EDGE('',*,*,#999,.T.);
#1586=ORIENTED_EDGE('',*,*,#1165,.F.);
#1587=ORIENTED_EDGE('',*,*,#1167,.F.);
#1588=ORIENTED_EDGE('',*,*,#1168,.T.);
#1589=ORIENTED_EDGE('',*,*,#1144,.F.);
#1590=ORIENTED_EDGE('',*,*,#1169,.F.);
#1591=ORIENTED_EDGE('',*,*,#1170,.F.);
#1592=ORIENTED_EDGE('',*,*,#1171,.T.);
#1593=ORIENTED_EDGE('',*,*,#1172,.T.);
#1594=ORIENTED_EDGE('',*,*,#1173,.T.);
#1595=ORIENTED_EDGE('',*,*,#1174,.T.);
#1596=ORIENTED_EDGE('',*,*,#1172,.F.);
#1597=ORIENTED_EDGE('',*,*,#1175,.F.);
#1598=ORIENTED_EDGE('',*,*,#1176,.T.);
#1599=ORIENTED_EDGE('',*,*,#1177,.F.);
#1600=ORIENTED_EDGE('',*,*,#1178,.F.);
#1601=ORIENTED_EDGE('',*,*,#1179,.F.);
#1602=ORIENTED_EDGE('',*,*,#1180,.T.);
#1603=ORIENTED_EDGE('',*,*,#1181,.T.);
#1604=ORIENTED_EDGE('',*,*,#1182,.T.);
#1605=ORIENTED_EDGE('',*,*,#1183,.T.);
#1606=ORIENTED_EDGE('',*,*,#1181,.F.);
#1607=ORIENTED_EDGE('',*,*,#1184,.F.);
#1608=ORIENTED_EDGE('',*,*,#1185,.T.);
#1609=ORIENTED_EDGE('',*,*,#1186,.F.);
#1610=ORIENTED_EDGE('',*,*,#1187,.F.);
#1611=ORIENTED_EDGE('',*,*,#1188,.F.);
#1612=ORIENTED_EDGE('',*,*,#1189,.T.);
#1613=ORIENTED_EDGE('',*,*,#1190,.T.);
#1614=ORIENTED_EDGE('',*,*,#1191,.T.);
#1615=ORIENTED_EDGE('',*,*,#997,.T.);
#1616=ORIENTED_EDGE('',*,*,#1190,.F.);
#1617=ORIENTED_EDGE('',*,*,#1192,.T.);
#1618=ORIENTED_EDGE('',*,*,#1146,.F.);
#1619=ORIENTED_EDGE('',*,*,#1193,.F.);
#1620=ORIENTED_EDGE('',*,*,#1194,.T.);
#1621=ORIENTED_EDGE('',*,*,#1195,.T.);
#1622=ORIENTED_EDGE('',*,*,#1196,.T.);
#1623=ORIENTED_EDGE('',*,*,#1001,.T.);
#1624=ORIENTED_EDGE('',*,*,#1195,.F.);
#1625=ORIENTED_EDGE('',*,*,#1197,.T.);
#1626=ORIENTED_EDGE('',*,*,#1140,.F.);
#1627=ORIENTED_EDGE('',*,*,#1198,.F.);
#1628=ORIENTED_EDGE('',*,*,#1199,.T.);
#1629=ORIENTED_EDGE('',*,*,#1200,.T.);
#1630=ORIENTED_EDGE('',*,*,#1201,.T.);
#1631=ORIENTED_EDGE('',*,*,#1202,.T.);
#1632=ORIENTED_EDGE('',*,*,#1200,.F.);
#1633=ORIENTED_EDGE('',*,*,#1203,.T.);
#1634=ORIENTED_EDGE('',*,*,#1204,.F.);
#1635=ORIENTED_EDGE('',*,*,#1205,.F.);
#1636=ORIENTED_EDGE('',*,*,#1206,.T.);
#1637=ORIENTED_EDGE('',*,*,#1207,.T.);
#1638=ORIENTED_EDGE('',*,*,#1208,.T.);
#1639=ORIENTED_EDGE('',*,*,#1209,.T.);
#1640=ORIENTED_EDGE('',*,*,#1207,.F.);
#1641=ORIENTED_EDGE('',*,*,#1210,.T.);
#1642=ORIENTED_EDGE('',*,*,#1211,.F.);
#1643=ORIENTED_EDGE('',*,*,#1212,.F.);
#1644=ORIENTED_EDGE('',*,*,#1213,.T.);
#1645=ORIENTED_EDGE('',*,*,#1184,.T.);
#1646=ORIENTED_EDGE('',*,*,#1180,.F.);
#1647=ORIENTED_EDGE('',*,*,#1214,.T.);
#1648=ORIENTED_EDGE('',*,*,#1201,.F.);
#1649=ORIENTED_EDGE('',*,*,#1213,.F.);
#1650=ORIENTED_EDGE('',*,*,#1205,.T.);
#1651=ORIENTED_EDGE('',*,*,#1215,.F.);
#1652=ORIENTED_EDGE('',*,*,#1185,.F.);
#1653=ORIENTED_EDGE('',*,*,#1179,.T.);
#1654=ORIENTED_EDGE('',*,*,#1216,.T.);
#1655=ORIENTED_EDGE('',*,*,#1206,.F.);
#1656=ORIENTED_EDGE('',*,*,#1217,.T.);
#1657=ORIENTED_EDGE('',*,*,#1173,.F.);
#1658=ORIENTED_EDGE('',*,*,#1216,.F.);
#1659=ORIENTED_EDGE('',*,*,#1178,.T.);
#1660=ORIENTED_EDGE('',*,*,#1218,.F.);
#1661=ORIENTED_EDGE('',*,*,#1210,.F.);
#1662=ORIENTED_EDGE('',*,*,#1219,.T.);
#1663=ORIENTED_EDGE('',*,*,#1175,.T.);
#1664=ORIENTED_EDGE('',*,*,#1171,.F.);
#1665=ORIENTED_EDGE('',*,*,#1220,.T.);
#1666=ORIENTED_EDGE('',*,*,#1208,.F.);
#1667=ORIENTED_EDGE('',*,*,#1219,.F.);
#1668=ORIENTED_EDGE('',*,*,#1212,.T.);
#1669=ORIENTED_EDGE('',*,*,#1221,.F.);
#1670=ORIENTED_EDGE('',*,*,#1176,.F.);
#1671=ORIENTED_EDGE('',*,*,#1188,.T.);
#1672=ORIENTED_EDGE('',*,*,#1222,.T.);
#1673=ORIENTED_EDGE('',*,*,#1199,.F.);
#1674=ORIENTED_EDGE('',*,*,#1223,.T.);
#1675=ORIENTED_EDGE('',*,*,#1182,.F.);
#1676=ORIENTED_EDGE('',*,*,#1222,.F.);
#1677=ORIENTED_EDGE('',*,*,#1187,.T.);
#1678=ORIENTED_EDGE('',*,*,#1224,.F.);
#1679=ORIENTED_EDGE('',*,*,#1203,.F.);
#1680=ORIENTED_EDGE('',*,*,#1163,.T.);
#1681=ORIENTED_EDGE('',*,*,#1225,.T.);
#1682=ORIENTED_EDGE('',*,*,#1194,.F.);
#1683=ORIENTED_EDGE('',*,*,#1000,.T.);
#1684=ORIENTED_EDGE('',*,*,#1159,.F.);
#1685=ORIENTED_EDGE('',*,*,#1225,.F.);
#1686=ORIENTED_EDGE('',*,*,#1162,.T.);
#1687=ORIENTED_EDGE('',*,*,#1141,.F.);
#1688=ORIENTED_EDGE('',*,*,#1197,.F.);
#1689=ORIENTED_EDGE('',*,*,#1226,.T.);
#1690=ORIENTED_EDGE('',*,*,#1167,.T.);
#1691=ORIENTED_EDGE('',*,*,#1164,.F.);
#1692=ORIENTED_EDGE('',*,*,#998,.T.);
#1693=ORIENTED_EDGE('',*,*,#1191,.F.);
#1694=ORIENTED_EDGE('',*,*,#1226,.F.);
#1695=ORIENTED_EDGE('',*,*,#1193,.T.);
#1696=ORIENTED_EDGE('',*,*,#1145,.F.);
#1697=ORIENTED_EDGE('',*,*,#1168,.F.);
#1698=ORIENTED_EDGE('',*,*,#1170,.T.);
#1699=ORIENTED_EDGE('',*,*,#1227,.T.);
#1700=ORIENTED_EDGE('',*,*,#1189,.F.);
#1701=ORIENTED_EDGE('',*,*,#996,.T.);
#1702=ORIENTED_EDGE('',*,*,#1166,.F.);
#1703=ORIENTED_EDGE('',*,*,#1227,.F.);
#1704=ORIENTED_EDGE('',*,*,#1169,.T.);
#1705=ORIENTED_EDGE('',*,*,#1147,.F.);
#1706=ORIENTED_EDGE('',*,*,#1192,.F.);
#1707=ORIENTED_EDGE('',*,*,#1228,.T.);
#1708=ORIENTED_EDGE('',*,*,#1160,.T.);
#1709=ORIENTED_EDGE('',*,*,#1157,.F.);
#1710=ORIENTED_EDGE('',*,*,#1002,.T.);
#1711=ORIENTED_EDGE('',*,*,#1196,.F.);
#1712=ORIENTED_EDGE('',*,*,#1228,.F.);
#1713=ORIENTED_EDGE('',*,*,#1198,.T.);
#1714=ORIENTED_EDGE('',*,*,#1143,.F.);
#1715=ORIENTED_EDGE('',*,*,#1161,.F.);
#1716=ORIENTED_EDGE('',*,*,#1048,.T.);
#1717=ORIENTED_EDGE('',*,*,#1124,.F.);
#1718=ORIENTED_EDGE('',*,*,#1149,.F.);
#1719=ORIENTED_EDGE('',*,*,#1129,.F.);
#1720=ORIENTED_EDGE('',*,*,#1121,.T.);
#1721=ORIENTED_EDGE('',*,*,#1119,.F.);
#1722=ORIENTED_EDGE('',*,*,#1117,.F.);
#1723=ORIENTED_EDGE('',*,*,#1229,.T.);
#1724=ORIENTED_EDGE('',*,*,#1080,.F.);
#1725=ORIENTED_EDGE('',*,*,#1230,.F.);
#1726=ORIENTED_EDGE('',*,*,#1113,.F.);
#1727=ORIENTED_EDGE('',*,*,#1111,.F.);
#1728=ORIENTED_EDGE('',*,*,#1109,.T.);
#1729=ORIENTED_EDGE('',*,*,#1107,.F.);
#1730=ORIENTED_EDGE('',*,*,#1105,.T.);
#1731=ORIENTED_EDGE('',*,*,#1102,.F.);
#1732=ORIENTED_EDGE('',*,*,#1116,.F.);
#1733=ORIENTED_EDGE('',*,*,#1139,.T.);
#1734=ORIENTED_EDGE('',*,*,#1081,.F.);
#1735=ORIENTED_EDGE('',*,*,#1229,.F.);
#1736=ORIENTED_EDGE('',*,*,#1204,.T.);
#1737=ORIENTED_EDGE('',*,*,#1224,.T.);
#1738=ORIENTED_EDGE('',*,*,#1186,.T.);
#1739=ORIENTED_EDGE('',*,*,#1215,.T.);
#1740=ORIENTED_EDGE('',*,*,#1221,.T.);
#1741=ORIENTED_EDGE('',*,*,#1211,.T.);
#1742=ORIENTED_EDGE('',*,*,#1218,.T.);
#1743=ORIENTED_EDGE('',*,*,#1177,.T.);
#1744=ORIENTED_EDGE('',*,*,#1114,.F.);
#1745=ORIENTED_EDGE('',*,*,#1230,.T.);
#1746=ORIENTED_EDGE('',*,*,#1083,.F.);
#1747=ORIENTED_EDGE('',*,*,#1138,.F.);
#1748=ORIENTED_EDGE('',*,*,#1073,.F.);
#1749=ORIENTED_EDGE('',*,*,#1231,.T.);
#1750=ORIENTED_EDGE('',*,*,#1088,.F.);
#1751=ORIENTED_EDGE('',*,*,#1074,.F.);
#1752=ORIENTED_EDGE('',*,*,#1217,.F.);
#1753=ORIENTED_EDGE('',*,*,#1209,.F.);
#1754=ORIENTED_EDGE('',*,*,#1220,.F.);
#1755=ORIENTED_EDGE('',*,*,#1174,.F.);
#1756=ORIENTED_EDGE('',*,*,#1223,.F.);
#1757=ORIENTED_EDGE('',*,*,#1202,.F.);
#1758=ORIENTED_EDGE('',*,*,#1214,.F.);
#1759=ORIENTED_EDGE('',*,*,#1183,.F.);
#1760=ORIENTED_EDGE('',*,*,#1072,.F.);
#1761=ORIENTED_EDGE('',*,*,#987,.F.);
#1762=ORIENTED_EDGE('',*,*,#985,.F.);
#1763=ORIENTED_EDGE('',*,*,#991,.F.);
#1764=ORIENTED_EDGE('',*,*,#1085,.F.);
#1765=ORIENTED_EDGE('',*,*,#1087,.F.);
#1766=ORIENTED_EDGE('',*,*,#1101,.F.);
#1767=ORIENTED_EDGE('',*,*,#1091,.F.);
#1768=ORIENTED_EDGE('',*,*,#1089,.F.);
#1769=ORIENTED_EDGE('',*,*,#1231,.F.);
#1770=ORIENTED_EDGE('',*,*,#1232,.T.);
#1771=ORIENTED_EDGE('',*,*,#1233,.T.);
#1772=ORIENTED_EDGE('',*,*,#1234,.T.);
#1773=ORIENTED_EDGE('',*,*,#1235,.T.);
#1774=ORIENTED_EDGE('',*,*,#1235,.F.);
#1775=ORIENTED_EDGE('',*,*,#1236,.F.);
#1776=ORIENTED_EDGE('',*,*,#1237,.F.);
#1777=ORIENTED_EDGE('',*,*,#1238,.F.);
#1778=ORIENTED_EDGE('',*,*,#1234,.F.);
#1779=ORIENTED_EDGE('',*,*,#1239,.T.);
#1780=ORIENTED_EDGE('',*,*,#1240,.F.);
#1781=ORIENTED_EDGE('',*,*,#1241,.T.);
#1782=ORIENTED_EDGE('',*,*,#1242,.F.);
#1783=ORIENTED_EDGE('',*,*,#1243,.T.);
#1784=ORIENTED_EDGE('',*,*,#1244,.F.);
#1785=ORIENTED_EDGE('',*,*,#1236,.T.);
#1786=ORIENTED_EDGE('',*,*,#1245,.T.);
#1787=ORIENTED_EDGE('',*,*,#1246,.T.);
#1788=ORIENTED_EDGE('',*,*,#1240,.T.);
#1789=ORIENTED_EDGE('',*,*,#1247,.T.);
#1790=ORIENTED_EDGE('',*,*,#1246,.F.);
#1791=ORIENTED_EDGE('',*,*,#1248,.F.);
#1792=ORIENTED_EDGE('',*,*,#1249,.F.);
#1793=ORIENTED_EDGE('',*,*,#1241,.F.);
#1794=ORIENTED_EDGE('',*,*,#1250,.T.);
#1795=ORIENTED_EDGE('',*,*,#1251,.T.);
#1796=ORIENTED_EDGE('',*,*,#1242,.T.);
#1797=ORIENTED_EDGE('',*,*,#1249,.T.);
#1798=ORIENTED_EDGE('',*,*,#1252,.T.);
#1799=ORIENTED_EDGE('',*,*,#1237,.T.);
#1800=ORIENTED_EDGE('',*,*,#1244,.T.);
#1801=ORIENTED_EDGE('',*,*,#1253,.T.);
#1802=ORIENTED_EDGE('',*,*,#1233,.F.);
#1803=ORIENTED_EDGE('',*,*,#1254,.F.);
#1804=ORIENTED_EDGE('',*,*,#1247,.F.);
#1805=ORIENTED_EDGE('',*,*,#1239,.F.);
#1806=ORIENTED_EDGE('',*,*,#1251,.F.);
#1807=ORIENTED_EDGE('',*,*,#1255,.F.);
#1808=ORIENTED_EDGE('',*,*,#1253,.F.);
#1809=ORIENTED_EDGE('',*,*,#1243,.F.);
#1810=ORIENTED_EDGE('',*,*,#1232,.F.);
#1811=ORIENTED_EDGE('',*,*,#1238,.T.);
#1812=ORIENTED_EDGE('',*,*,#1252,.F.);
#1813=ORIENTED_EDGE('',*,*,#1255,.T.);
#1814=ORIENTED_EDGE('',*,*,#1250,.F.);
#1815=ORIENTED_EDGE('',*,*,#1248,.T.);
#1816=ORIENTED_EDGE('',*,*,#1245,.F.);
#1817=ORIENTED_EDGE('',*,*,#1254,.T.);
#1818=PLANE('',#2011);
#1819=PLANE('',#2012);
#1820=PLANE('',#2013);
#1821=PLANE('',#2014);
#1822=PLANE('',#2015);
#1823=PLANE('',#2016);
#1824=PLANE('',#2017);
#1825=PLANE('',#2018);
#1826=PLANE('',#2019);
#1827=PLANE('',#2020);
#1828=PLANE('',#2027);
#1829=PLANE('',#2030);
#1830=PLANE('',#2031);
#1831=PLANE('',#2044);
#1832=PLANE('',#2047);
#1833=PLANE('',#2050);
#1834=PLANE('',#2053);
#1835=PLANE('',#2056);
#1836=PLANE('',#2060);
#1837=PLANE('',#2066);
#1838=PLANE('',#2069);
#1839=PLANE('',#2078);
#1840=PLANE('',#2081);
#1841=PLANE('',#2084);
#1842=PLANE('',#2087);
#1843=PLANE('',#2090);
#1844=PLANE('',#2091);
#1845=PLANE('',#2096);
#1846=PLANE('',#2101);
#1847=PLANE('',#2105);
#1848=PLANE('',#2107);
#1849=PLANE('',#2108);
#1850=PLANE('',#2109);
#1851=PLANE('',#2110);
#1852=PLANE('',#2111);
#1853=PLANE('',#2112);
#1854=PLANE('',#2113);
#1855=PLANE('',#2114);
#1856=PLANE('',#2115);
#1857=PLANE('',#2116);
#1858=PLANE('',#2117);
#1859=PLANE('',#2118);
#1860=PLANE('',#2119);
#1861=PLANE('',#2120);
#1862=PLANE('',#2121);
#1863=PLANE('',#2122);
#1864=PLANE('',#2123);
#1865=PLANE('',#2124);
#1866=PLANE('',#2125);
#1867=PLANE('',#2126);
#1868=PLANE('',#2127);
#1869=PLANE('',#2128);
#1870=PLANE('',#2129);
#1871=PLANE('',#2130);
#1872=PLANE('',#2131);
#1873=PLANE('',#2132);
#1874=PLANE('',#2133);
#1875=PLANE('',#2134);
#1876=PLANE('',#2135);
#1877=PLANE('',#2136);
#1878=PLANE('',#2137);
#1879=PLANE('',#2138);
#1880=PLANE('',#2139);
#1881=PLANE('',#2140);
#1882=PLANE('',#2141);
#1883=PLANE('',#2142);
#1884=PLANE('',#2143);
#1885=PLANE('',#2144);
#1886=PLANE('',#2145);
#1887=PLANE('',#2146);
#1888=PLANE('',#2150);
#1889=PLANE('',#2151);
#1890=PLANE('',#2157);
#1891=PLANE('',#2162);
#1892=PLANE('',#2163);
#1893=PLANE('',#2164);
#1894=ADVANCED_FACE('',(#112),#1818,.T.);
#1895=ADVANCED_FACE('',(#113),#1819,.T.);
#1896=ADVANCED_FACE('',(#114),#1820,.T.);
#1897=ADVANCED_FACE('',(#115),#1821,.T.);
#1898=ADVANCED_FACE('',(#116,#95,#96,#97),#1822,.T.);
#1899=ADVANCED_FACE('',(#117),#1823,.T.);
#1900=ADVANCED_FACE('',(#118),#1824,.T.);
#1901=ADVANCED_FACE('',(#119),#1825,.T.);
#1902=ADVANCED_FACE('',(#120),#1826,.T.);
#1903=ADVANCED_FACE('',(#121,#98),#1827,.T.);
#1904=ADVANCED_FACE('',(#122),#17,.F.);
#1905=ADVANCED_FACE('',(#123),#1828,.F.);
#1906=ADVANCED_FACE('',(#124),#18,.F.);
#1907=ADVANCED_FACE('',(#125),#1829,.F.);
#1908=ADVANCED_FACE('',(#126,#99,#100),#1830,.T.);
#1909=ADVANCED_FACE('',(#127),#19,.F.);
#1910=ADVANCED_FACE('',(#128),#1831,.F.);
#1911=ADVANCED_FACE('',(#129),#20,.F.);
#1912=ADVANCED_FACE('',(#130),#1832,.F.);
#1913=ADVANCED_FACE('',(#131),#21,.F.);
#1914=ADVANCED_FACE('',(#132),#1833,.F.);
#1915=ADVANCED_FACE('',(#133),#22,.F.);
#1916=ADVANCED_FACE('',(#134),#1834,.F.);
#1917=ADVANCED_FACE('',(#135),#23,.F.);
#1918=ADVANCED_FACE('',(#136),#1835,.F.);
#1919=ADVANCED_FACE('',(#137),#24,.T.);
#1920=ADVANCED_FACE('',(#138,#101),#1836,.T.);
#1921=ADVANCED_FACE('',(#139),#25,.T.);
#1922=ADVANCED_FACE('',(#140),#1837,.T.);
#1923=ADVANCED_FACE('',(#141),#26,.T.);
#1924=ADVANCED_FACE('',(#142,#102),#1838,.T.);
#1925=ADVANCED_FACE('',(#143),#27,.T.);
#1926=ADVANCED_FACE('',(#144),#28,.F.);
#1927=ADVANCED_FACE('',(#145),#1839,.F.);
#1928=ADVANCED_FACE('',(#146),#29,.F.);
#1929=ADVANCED_FACE('',(#147),#1840,.F.);
#1930=ADVANCED_FACE('',(#148),#30,.F.);
#1931=ADVANCED_FACE('',(#149),#1841,.T.);
#1932=ADVANCED_FACE('',(#150),#31,.F.);
#1933=ADVANCED_FACE('',(#151),#1842,.F.);
#1934=ADVANCED_FACE('',(#152),#32,.F.);
#1935=ADVANCED_FACE('',(#153),#1843,.F.);
#1936=ADVANCED_FACE('',(#154),#1844,.F.);
#1937=ADVANCED_FACE('',(#155),#33,.F.);
#1938=ADVANCED_FACE('',(#156),#34,.F.);
#1939=ADVANCED_FACE('',(#157),#1845,.F.);
#1940=ADVANCED_FACE('',(#158),#35,.F.);
#1941=ADVANCED_FACE('',(#159),#36,.F.);
#1942=ADVANCED_FACE('',(#160,#103,#104,#105,#106,#107),#1846,.F.);
#1943=ADVANCED_FACE('',(#161),#37,.F.);
#1944=ADVANCED_FACE('',(#162),#1847,.F.);
#1945=ADVANCED_FACE('',(#163),#38,.F.);
#1946=ADVANCED_FACE('',(#164),#1848,.F.);
#1947=ADVANCED_FACE('',(#165),#1849,.F.);
#1948=ADVANCED_FACE('',(#166),#1850,.T.);
#1949=ADVANCED_FACE('',(#167),#1851,.F.);
#1950=ADVANCED_FACE('',(#168),#1852,.T.);
#1951=ADVANCED_FACE('',(#169),#1853,.F.);
#1952=ADVANCED_FACE('',(#170),#1854,.T.);
#1953=ADVANCED_FACE('',(#171),#1855,.F.);
#1954=ADVANCED_FACE('',(#172),#1856,.T.);
#1955=ADVANCED_FACE('',(#173),#1857,.F.);
#1956=ADVANCED_FACE('',(#174),#1858,.T.);
#1957=ADVANCED_FACE('',(#175),#1859,.F.);
#1958=ADVANCED_FACE('',(#176),#1860,.T.);
#1959=ADVANCED_FACE('',(#177),#1861,.F.);
#1960=ADVANCED_FACE('',(#178),#1862,.T.);
#1961=ADVANCED_FACE('',(#179),#1863,.F.);
#1962=ADVANCED_FACE('',(#180),#1864,.T.);
#1963=ADVANCED_FACE('',(#181),#1865,.F.);
#1964=ADVANCED_FACE('',(#182),#1866,.T.);
#1965=ADVANCED_FACE('',(#183),#1867,.F.);
#1966=ADVANCED_FACE('',(#184),#1868,.T.);
#1967=ADVANCED_FACE('',(#185),#1869,.F.);
#1968=ADVANCED_FACE('',(#186),#1870,.T.);
#1969=ADVANCED_FACE('',(#187),#1871,.F.);
#1970=ADVANCED_FACE('',(#188),#1872,.T.);
#1971=ADVANCED_FACE('',(#189),#1873,.F.);
#1972=ADVANCED_FACE('',(#190),#1874,.T.);
#1973=ADVANCED_FACE('',(#191),#1875,.F.);
#1974=ADVANCED_FACE('',(#192),#1876,.T.);
#1975=ADVANCED_FACE('',(#193),#1877,.F.);
#1976=ADVANCED_FACE('',(#194),#1878,.T.);
#1977=ADVANCED_FACE('',(#195),#1879,.F.);
#1978=ADVANCED_FACE('',(#196),#1880,.T.);
#1979=ADVANCED_FACE('',(#197),#1881,.F.);
#1980=ADVANCED_FACE('',(#198),#1882,.F.);
#1981=ADVANCED_FACE('',(#199),#1883,.F.);
#1982=ADVANCED_FACE('',(#200,#108,#109),#1884,.F.);
#1983=ADVANCED_FACE('',(#201),#1885,.F.);
#1984=ADVANCED_FACE('',(#202,#110,#111),#1886,.T.);
#1985=ADVANCED_FACE('',(#203),#1887,.F.);
#1986=ADVANCED_FACE('',(#204),#39,.T.);
#1987=ADVANCED_FACE('',(#205),#1888,.T.);
#1988=ADVANCED_FACE('',(#206),#1889,.F.);
#1989=ADVANCED_FACE('',(#207),#40,.T.);
#1990=ADVANCED_FACE('',(#208),#1890,.T.);
#1991=ADVANCED_FACE('',(#209),#41,.T.);
#1992=ADVANCED_FACE('',(#210),#42,.T.);
#1993=ADVANCED_FACE('',(#211),#1891,.T.);
#1994=ADVANCED_FACE('',(#212),#1892,.T.);
#1995=ADVANCED_FACE('',(#213),#1893,.T.);
#1996=CLOSED_SHELL('',(#1894,#1895,#1896,#1897,#1898,#1899,#1900,#1901,
#1902,#1903,#1904,#1905,#1906,#1907,#1908,#1909,#1910,#1911,#1912,#1913,
#1914,#1915,#1916,#1917,#1918,#1919,#1920,#1921,#1922,#1923,#1924,#1925,
#1926,#1927,#1928,#1929,#1930,#1931,#1932,#1933,#1934,#1935,#1936,#1937,
#1938,#1939,#1940,#1941,#1942,#1943,#1944,#1945,#1946,#1947,#1948,#1949,
#1950,#1951,#1952,#1953,#1954,#1955,#1956,#1957,#1958,#1959,#1960,#1961,
#1962,#1963,#1964,#1965,#1966,#1967,#1968,#1969,#1970,#1971,#1972,#1973,
#1974,#1975,#1976,#1977,#1978,#1979,#1980,#1981,#1982,#1983,#1984,#1985));
#1997=CLOSED_SHELL('',(#1986,#1987,#1988,#1989,#1990,#1991,#1992,#1993,
#1994,#1995));
#1998=DERIVED_UNIT_ELEMENT(#2000,1.);
#1999=DERIVED_UNIT_ELEMENT(#3277,-3.);
#2000=(
MASS_UNIT()
NAMED_UNIT(*)
SI_UNIT(.KILO.,.GRAM.)
);
#2001=DERIVED_UNIT((#1998,#1999));
#2002=MEASURE_REPRESENTATION_ITEM('density measure',
POSITIVE_RATIO_MEASURE(7850.),#2001);
#2003=PROPERTY_DEFINITION_REPRESENTATION(#2008,#2005);
#2004=PROPERTY_DEFINITION_REPRESENTATION(#2009,#2006);
#2005=REPRESENTATION('material name',(#2007),#3274);
#2006=REPRESENTATION('density',(#2002),#3274);
#2007=DESCRIPTIVE_REPRESENTATION_ITEM('Steel','Steel');
#2008=PROPERTY_DEFINITION('material property','material name',#3284);
#2009=PROPERTY_DEFINITION('material property','density of part',#3284);
#2010=AXIS2_PLACEMENT_3D('',#2704,#2165,#2166);
#2011=AXIS2_PLACEMENT_3D('',#2705,#2167,#2168);
#2012=AXIS2_PLACEMENT_3D('',#2714,#2173,#2174);
#2013=AXIS2_PLACEMENT_3D('',#2720,#2178,#2179);
#2014=AXIS2_PLACEMENT_3D('',#2726,#2183,#2184);
#2015=AXIS2_PLACEMENT_3D('',#2729,#2187,#2188);
#2016=AXIS2_PLACEMENT_3D('',#2763,#2206,#2207);
#2017=AXIS2_PLACEMENT_3D('',#2769,#2211,#2212);
#2018=AXIS2_PLACEMENT_3D('',#2773,#2215,#2216);
#2019=AXIS2_PLACEMENT_3D('',#2777,#2219,#2220);
#2020=AXIS2_PLACEMENT_3D('',#2779,#2222,#2223);
#2021=AXIS2_PLACEMENT_3D('',#2782,#2224,#2225);
#2022=AXIS2_PLACEMENT_3D('',#2786,#2227,#2228);
#2023=AXIS2_PLACEMENT_3D('',#2790,#2230,#2231);
#2024=AXIS2_PLACEMENT_3D('',#2794,#2233,#2234);
#2025=AXIS2_PLACEMENT_3D('',#2796,#2236,#2237);
#2026=AXIS2_PLACEMENT_3D('',#2800,#2239,#2240);
#2027=AXIS2_PLACEMENT_3D('',#2802,#2242,#2243);
#2028=AXIS2_PLACEMENT_3D('',#2806,#2246,#2247);
#2029=AXIS2_PLACEMENT_3D('',#2809,#2249,#2250);
#2030=AXIS2_PLACEMENT_3D('',#2810,#2251,#2252);
#2031=AXIS2_PLACEMENT_3D('',#2814,#2255,#2256);
#2032=AXIS2_PLACEMENT_3D('',#2817,#2257,#2258);
#2033=AXIS2_PLACEMENT_3D('',#2821,#2260,#2261);
#2034=AXIS2_PLACEMENT_3D('',#2825,#2263,#2264);
#2035=AXIS2_PLACEMENT_3D('',#2829,#2266,#2267);
#2036=AXIS2_PLACEMENT_3D('',#2833,#2269,#2270);
#2037=AXIS2_PLACEMENT_3D('',#2837,#2272,#2273);
#2038=AXIS2_PLACEMENT_3D('',#2841,#2275,#2276);
#2039=AXIS2_PLACEMENT_3D('',#2845,#2278,#2279);
#2040=AXIS2_PLACEMENT_3D('',#2849,#2281,#2282);
#2041=AXIS2_PLACEMENT_3D('',#2853,#2284,#2285);
#2042=AXIS2_PLACEMENT_3D('',#2855,#2287,#2288);
#2043=AXIS2_PLACEMENT_3D('',#2859,#2290,#2291);
#2044=AXIS2_PLACEMENT_3D('',#2861,#2293,#2294);
#2045=AXIS2_PLACEMENT_3D('',#2865,#2297,#2298);
#2046=AXIS2_PLACEMENT_3D('',#2868,#2300,#2301);
#2047=AXIS2_PLACEMENT_3D('',#2869,#2302,#2303);
#2048=AXIS2_PLACEMENT_3D('',#2873,#2306,#2307);
#2049=AXIS2_PLACEMENT_3D('',#2876,#2309,#2310);
#2050=AXIS2_PLACEMENT_3D('',#2877,#2311,#2312);
#2051=AXIS2_PLACEMENT_3D('',#2881,#2315,#2316);
#2052=AXIS2_PLACEMENT_3D('',#2885,#2318,#2319);
#2053=AXIS2_PLACEMENT_3D('',#2887,#2321,#2322);
#2054=AXIS2_PLACEMENT_3D('',#2891,#2325,#2326);
#2055=AXIS2_PLACEMENT_3D('',#2894,#2328,#2329);
#2056=AXIS2_PLACEMENT_3D('',#2895,#2330,#2331);
#2057=AXIS2_PLACEMENT_3D('',#2899,#2334,#2335);
#2058=AXIS2_PLACEMENT_3D('',#2901,#2336,#2337);
#2059=AXIS2_PLACEMENT_3D('',#2903,#2338,#2339);
#2060=AXIS2_PLACEMENT_3D('',#2905,#2341,#2342);
#2061=AXIS2_PLACEMENT_3D('',#2909,#2344,#2345);
#2062=AXIS2_PLACEMENT_3D('',#2913,#2347,#2348);
#2063=AXIS2_PLACEMENT_3D('',#2916,#2350,#2351);
#2064=AXIS2_PLACEMENT_3D('',#2925,#2356,#2357);
#2065=AXIS2_PLACEMENT_3D('',#2928,#2359,#2360);
#2066=AXIS2_PLACEMENT_3D('',#2929,#2361,#2362);
#2067=AXIS2_PLACEMENT_3D('',#2933,#2365,#2366);
#2068=AXIS2_PLACEMENT_3D('',#2937,#2368,#2369);
#2069=AXIS2_PLACEMENT_3D('',#2939,#2371,#2372);
#2070=AXIS2_PLACEMENT_3D('',#2947,#2376,#2377);
#2071=AXIS2_PLACEMENT_3D('',#2951,#2379,#2380);
#2072=AXIS2_PLACEMENT_3D('',#2955,#2382,#2383);
#2073=AXIS2_PLACEMENT_3D('',#2958,#2385,#2386);
#2074=AXIS2_PLACEMENT_3D('',#2959,#2387,#2388);
#2075=AXIS2_PLACEMENT_3D('',#2960,#2389,#2390);
#2076=AXIS2_PLACEMENT_3D('',#2961,#2391,#2392);
#2077=AXIS2_PLACEMENT_3D('',#2964,#2393,#2394);
#2078=AXIS2_PLACEMENT_3D('',#2967,#2397,#2398);
#2079=AXIS2_PLACEMENT_3D('',#2971,#2401,#2402);
#2080=AXIS2_PLACEMENT_3D('',#2973,#2403,#2404);
#2081=AXIS2_PLACEMENT_3D('',#2975,#2406,#2407);
#2082=AXIS2_PLACEMENT_3D('',#2979,#2410,#2411);
#2083=AXIS2_PLACEMENT_3D('',#2981,#2412,#2413);
#2084=AXIS2_PLACEMENT_3D('',#2983,#2415,#2416);
#2085=AXIS2_PLACEMENT_3D('',#2995,#2423,#2424);
#2086=AXIS2_PLACEMENT_3D('',#2997,#2425,#2426);
#2087=AXIS2_PLACEMENT_3D('',#2999,#2428,#2429);
#2088=AXIS2_PLACEMENT_3D('',#3001,#2431,#2432);
#2089=AXIS2_PLACEMENT_3D('',#3005,#2434,#2435);
#2090=AXIS2_PLACEMENT_3D('',#3007,#2437,#2438);
#2091=AXIS2_PLACEMENT_3D('',#3011,#2441,#2442);
#2092=AXIS2_PLACEMENT_3D('',#3015,#2445,#2446);
#2093=AXIS2_PLACEMENT_3D('',#3018,#2448,#2449);
#2094=AXIS2_PLACEMENT_3D('',#3019,#2450,#2451);
#2095=AXIS2_PLACEMENT_3D('',#3020,#2452,#2453);
#2096=AXIS2_PLACEMENT_3D('',#3021,#2454,#2455);
#2097=AXIS2_PLACEMENT_3D('',#3025,#2458,#2459);
#2098=AXIS2_PLACEMENT_3D('',#3028,#2461,#2462);
#2099=AXIS2_PLACEMENT_3D('',#3029,#2463,#2464);
#2100=AXIS2_PLACEMENT_3D('',#3031,#2465,#2466);
#2101=AXIS2_PLACEMENT_3D('',#3033,#2468,#2469);
#2102=AXIS2_PLACEMENT_3D('',#3058,#2483,#2484);
#2103=AXIS2_PLACEMENT_3D('',#3060,#2486,#2487);
#2104=AXIS2_PLACEMENT_3D('',#3061,#2488,#2489);
#2105=AXIS2_PLACEMENT_3D('',#3063,#2491,#2492);
#2106=AXIS2_PLACEMENT_3D('',#3065,#2494,#2495);
#2107=AXIS2_PLACEMENT_3D('',#3067,#2497,#2498);
#2108=AXIS2_PLACEMENT_3D('',#3068,#2499,#2500);
#2109=AXIS2_PLACEMENT_3D('',#3069,#2501,#2502);
#2110=AXIS2_PLACEMENT_3D('',#3075,#2506,#2507);
#2111=AXIS2_PLACEMENT_3D('',#3082,#2512,#2513);
#2112=AXIS2_PLACEMENT_3D('',#3088,#2517,#2518);
#2113=AXIS2_PLACEMENT_3D('',#3095,#2523,#2524);
#2114=AXIS2_PLACEMENT_3D('',#3104,#2529,#2530);
#2115=AXIS2_PLACEMENT_3D('',#3114,#2536,#2537);
#2116=AXIS2_PLACEMENT_3D('',#3123,#2542,#2543);
#2117=AXIS2_PLACEMENT_3D('',#3133,#2549,#2550);
#2118=AXIS2_PLACEMENT_3D('',#3139,#2554,#2555);
#2119=AXIS2_PLACEMENT_3D('',#3142,#2558,#2559);
#2120=AXIS2_PLACEMENT_3D('',#3148,#2563,#2564);
#2121=AXIS2_PLACEMENT_3D('',#3151,#2567,#2568);
#2122=AXIS2_PLACEMENT_3D('',#3160,#2573,#2574);
#2123=AXIS2_PLACEMENT_3D('',#3166,#2578,#2579);
#2124=AXIS2_PLACEMENT_3D('',#3175,#2584,#2585);
#2125=AXIS2_PLACEMENT_3D('',#3181,#2589,#2590);
#2126=AXIS2_PLACEMENT_3D('',#3184,#2593,#2594);
#2127=AXIS2_PLACEMENT_3D('',#3186,#2596,#2597);
#2128=AXIS2_PLACEMENT_3D('',#3189,#2600,#2601);
#2129=AXIS2_PLACEMENT_3D('',#3191,#2603,#2604);
#2130=AXIS2_PLACEMENT_3D('',#3194,#2607,#2608);
#2131=AXIS2_PLACEMENT_3D('',#3196,#2610,#2611);
#2132=AXIS2_PLACEMENT_3D('',#3199,#2614,#2615);
#2133=AXIS2_PLACEMENT_3D('',#3201,#2617,#2618);
#2134=AXIS2_PLACEMENT_3D('',#3203,#2620,#2621);
#2135=AXIS2_PLACEMENT_3D('',#3204,#2622,#2623);
#2136=AXIS2_PLACEMENT_3D('',#3206,#2625,#2626);
#2137=AXIS2_PLACEMENT_3D('',#3207,#2627,#2628);
#2138=AXIS2_PLACEMENT_3D('',#3209,#2630,#2631);
#2139=AXIS2_PLACEMENT_3D('',#3210,#2632,#2633);
#2140=AXIS2_PLACEMENT_3D('',#3212,#2635,#2636);
#2141=AXIS2_PLACEMENT_3D('',#3213,#2637,#2638);
#2142=AXIS2_PLACEMENT_3D('',#3214,#2639,#2640);
#2143=AXIS2_PLACEMENT_3D('',#3217,#2643,#2644);
#2144=AXIS2_PLACEMENT_3D('',#3218,#2645,#2646);
#2145=AXIS2_PLACEMENT_3D('',#3219,#2647,#2648);
#2146=AXIS2_PLACEMENT_3D('',#3221,#2650,#2651);
#2147=AXIS2_PLACEMENT_3D('',#3222,#2652,#2653);
#2148=AXIS2_PLACEMENT_3D('',#3225,#2654,#2655);
#2149=AXIS2_PLACEMENT_3D('',#3229,#2657,#2658);
#2150=AXIS2_PLACEMENT_3D('',#3231,#2660,#2661);
#2151=AXIS2_PLACEMENT_3D('',#3237,#2665,#2666);
#2152=AXIS2_PLACEMENT_3D('',#3241,#2668,#2669);
#2153=AXIS2_PLACEMENT_3D('',#3245,#2671,#2672);
#2154=AXIS2_PLACEMENT_3D('',#3248,#2674,#2675);
#2155=AXIS2_PLACEMENT_3D('',#3249,#2676,#2677);
#2156=AXIS2_PLACEMENT_3D('',#3252,#2678,#2679);
#2157=AXIS2_PLACEMENT_3D('',#3255,#2682,#2683);
#2158=AXIS2_PLACEMENT_3D('',#3259,#2686,#2687);
#2159=AXIS2_PLACEMENT_3D('',#3261,#2688,#2689);
#2160=AXIS2_PLACEMENT_3D('',#3263,#2691,#2692);
#2161=AXIS2_PLACEMENT_3D('',#3265,#2693,#2694);
#2162=AXIS2_PLACEMENT_3D('',#3267,#2696,#2697);
#2163=AXIS2_PLACEMENT_3D('',#3269,#2699,#2700);
#2164=AXIS2_PLACEMENT_3D('',#3271,#2702,#2703);
#2165=DIRECTION('axis',(0.,0.,1.));
#2166=DIRECTION('refdir',(1.,0.,0.));
#2167=DIRECTION('center_axis',(-7.30275551296547E-17,-0.707106781186547,
-0.707106781186548));
#2168=DIRECTION('ref_axis',(-1.,0.,1.03276558891306E-16));
#2169=DIRECTION('',(-1.,0.,1.03276558891306E-16));
#2170=DIRECTION('',(0.577350269189626,0.577350269189626,-0.577350269189625));
#2171=DIRECTION('',(1.,0.,-1.03276558891306E-16));
#2172=DIRECTION('',(-0.577350269189625,0.577350269189627,-0.577350269189626));
#2173=DIRECTION('center_axis',(0.707106781186547,-0.707106781186548,0.));
#2174=DIRECTION('ref_axis',(0.,0.,-1.));
#2175=DIRECTION('',(0.,0.,-1.));
#2176=DIRECTION('',(0.577350269189626,0.577350269189626,0.577350269189626));
#2177=DIRECTION('',(0.,0.,1.));
#2178=DIRECTION('center_axis',(-0.707106781186549,-0.707106781186546,0.));
#2179=DIRECTION('ref_axis',(0.,0.,1.));
#2180=DIRECTION('',(0.,0.,-1.));
#2181=DIRECTION('',(0.577350269189624,-0.577350269189626,-0.577350269189626));
#2182=DIRECTION('',(0.,0.,1.));
#2183=DIRECTION('center_axis',(0.,-0.707106781186548,0.707106781186548));
#2184=DIRECTION('ref_axis',(1.,0.,0.));
#2185=DIRECTION('',(-1.,0.,0.));
#2186=DIRECTION('',(-1.,0.,0.));
#2187=DIRECTION('center_axis',(0.,-1.,0.));
#2188=DIRECTION('ref_axis',(1.,0.,0.));
#2189=DIRECTION('',(-1.,0.,0.));
#2190=DIRECTION('',(0.,0.,-1.));
#2191=DIRECTION('',(1.,0.,0.));
#2192=DIRECTION('',(0.,0.,1.));
#2193=DIRECTION('',(-1.,0.,0.));
#2194=DIRECTION('',(0.,0.,1.));
#2195=DIRECTION('',(1.,0.,0.));
#2196=DIRECTION('',(0.,0.,-1.));
#2197=DIRECTION('',(-1.,0.,0.));
#2198=DIRECTION('',(1.,0.,0.));
#2199=DIRECTION('',(0.,0.,-1.));
#2200=DIRECTION('',(-1.,0.,0.));
#2201=DIRECTION('',(0.,0.,1.));
#2202=DIRECTION('',(-1.,0.,0.));
#2203=DIRECTION('',(0.,0.,1.));
#2204=DIRECTION('',(1.,0.,0.));
#2205=DIRECTION('',(0.,0.,-1.));
#2206=DIRECTION('center_axis',(-0.707106781186547,-0.707106781186548,0.));
#2207=DIRECTION('ref_axis',(0.,0.,1.));
#2208=DIRECTION('',(-0.577350269189626,0.577350269189626,-0.577350269189626));
#2209=DIRECTION('',(0.,0.,-1.));
#2210=DIRECTION('',(0.577350269189626,-0.577350269189626,-0.577350269189626));
#2211=DIRECTION('center_axis',(0.,-0.707106781186547,-0.707106781186548));
#2212=DIRECTION('ref_axis',(-1.,0.,0.));
#2213=DIRECTION('',(0.577350269189626,0.577350269189626,-0.577350269189626));
#2214=DIRECTION('',(1.,0.,0.));
#2215=DIRECTION('center_axis',(0.707106781186548,-0.707106781186547,0.));
#2216=DIRECTION('ref_axis',(0.,0.,-1.));
#2217=DIRECTION('',(0.,0.,1.));
#2218=DIRECTION('',(0.577350269189626,0.577350269189626,0.577350269189626));
#2219=DIRECTION('center_axis',(0.,-0.707106781186548,0.707106781186548));
#2220=DIRECTION('ref_axis',(1.,0.,0.));
#2221=DIRECTION('',(-1.,0.,0.));
#2222=DIRECTION('center_axis',(0.,-1.,0.));
#2223=DIRECTION('ref_axis',(1.,0.,0.));
#2224=DIRECTION('center_axis',(0.,-1.,0.));
#2225=DIRECTION('ref_axis',(0.707106781186548,0.,-0.707106781186547));
#2226=DIRECTION('',(1.,0.,0.));
#2227=DIRECTION('center_axis',(0.,-1.,0.));
#2228=DIRECTION('ref_axis',(-0.707106781186548,0.,-0.707106781186547));
#2229=DIRECTION('',(0.,0.,-1.));
#2230=DIRECTION('center_axis',(0.,-1.,0.));
#2231=DIRECTION('ref_axis',(-0.707106781186549,0.,0.707106781186546));
#2232=DIRECTION('',(-1.,0.,0.));
#2233=DIRECTION('center_axis',(0.,-1.,0.));
#2234=DIRECTION('ref_axis',(0.707106781186548,0.,0.707106781186548));
#2235=DIRECTION('',(0.,0.,1.));
#2236=DIRECTION('center_axis',(0.,-1.,0.));
#2237=DIRECTION('ref_axis',(-0.707106781186549,0.,0.707106781186546));
#2238=DIRECTION('',(0.,1.,0.));
#2239=DIRECTION('center_axis',(0.,1.,0.));
#2240=DIRECTION('ref_axis',(-0.707106781186549,0.,0.707106781186546));
#2241=DIRECTION('',(0.,-1.,0.));
#2242=DIRECTION('center_axis',(-1.,0.,0.));
#2243=DIRECTION('ref_axis',(0.,0.,1.));
#2244=DIRECTION('',(0.,-1.,0.));
#2245=DIRECTION('',(0.,0.,-1.));
#2246=DIRECTION('center_axis',(0.,-1.,0.));
#2247=DIRECTION('ref_axis',(-0.707106781186548,0.,-0.707106781186547));
#2248=DIRECTION('',(0.,1.,0.));
#2249=DIRECTION('center_axis',(0.,1.,0.));
#2250=DIRECTION('ref_axis',(-0.707106781186548,0.,-0.707106781186547));
#2251=DIRECTION('center_axis',(0.,0.,-1.));
#2252=DIRECTION('ref_axis',(-1.,0.,0.));
#2253=DIRECTION('',(0.,-1.,0.));
#2254=DIRECTION('',(1.,0.,0.));
#2255=DIRECTION('center_axis',(0.,-1.,0.));
#2256=DIRECTION('ref_axis',(1.,0.,0.));
#2257=DIRECTION('center_axis',(0.,-1.,0.));
#2258=DIRECTION('ref_axis',(0.707106781186546,0.,0.707106781186549));
#2259=DIRECTION('',(0.,0.,1.));
#2260=DIRECTION('center_axis',(0.,-1.,0.));
#2261=DIRECTION('ref_axis',(0.707106781186546,0.,-0.707106781186549));
#2262=DIRECTION('',(1.,0.,0.));
#2263=DIRECTION('center_axis',(0.,-1.,0.));
#2264=DIRECTION('ref_axis',(-0.707106781186546,0.,-0.707106781186549));
#2265=DIRECTION('',(0.,0.,-1.));
#2266=DIRECTION('center_axis',(0.,-1.,0.));
#2267=DIRECTION('ref_axis',(-0.707106781186546,0.,0.707106781186549));
#2268=DIRECTION('',(-1.,0.,0.));
#2269=DIRECTION('center_axis',(0.,-1.,0.));
#2270=DIRECTION('ref_axis',(0.923879532511286,0.,-0.382683432365091));
#2271=DIRECTION('',(0.707106781186548,0.,0.707106781186548));
#2272=DIRECTION('center_axis',(0.,-1.,0.));
#2273=DIRECTION('ref_axis',(0.38268343236509,0.,-0.923879532511287));
#2274=DIRECTION('',(1.,0.,0.));
#2275=DIRECTION('center_axis',(0.,-1.,0.));
#2276=DIRECTION('ref_axis',(-0.355380557512881,0.,-0.93472170154642));
#2277=DIRECTION('',(0.74740931868366,0.,-0.66436383882992));
#2278=DIRECTION('center_axis',(0.,-1.,0.));
#2279=DIRECTION('ref_axis',(-0.912240055804918,0.,-0.409656051566481));
#2280=DIRECTION('',(0.,0.,-1.));
#2281=DIRECTION('center_axis',(0.,-1.,0.));
#2282=DIRECTION('ref_axis',(-0.707106781186546,0.,0.707106781186549));
#2283=DIRECTION('',(-1.,0.,0.));
#2284=DIRECTION('center_axis',(0.,-1.,0.));
#2285=DIRECTION('ref_axis',(0.707106781186546,0.,0.707106781186549));
#2286=DIRECTION('',(0.,0.,1.));
#2287=DIRECTION('center_axis',(0.,-1.,0.));
#2288=DIRECTION('ref_axis',(-0.912240055804918,0.,-0.409656051566481));
#2289=DIRECTION('',(0.,1.,0.));
#2290=DIRECTION('center_axis',(0.,1.,0.));
#2291=DIRECTION('ref_axis',(-0.912240055804918,0.,-0.409656051566481));
#2292=DIRECTION('',(0.,-1.,0.));
#2293=DIRECTION('center_axis',(-0.66436383882992,0.,-0.74740931868366));
#2294=DIRECTION('ref_axis',(0.74740931868366,0.,-0.66436383882992));
#2295=DIRECTION('',(0.,-1.,0.));
#2296=DIRECTION('',(0.74740931868366,0.,-0.66436383882992));
#2297=DIRECTION('center_axis',(0.,-1.,0.));
#2298=DIRECTION('ref_axis',(-0.355380557512881,0.,-0.93472170154642));
#2299=DIRECTION('',(0.,1.,0.));
#2300=DIRECTION('center_axis',(0.,1.,0.));
#2301=DIRECTION('ref_axis',(-0.355380557512881,0.,-0.93472170154642));
#2302=DIRECTION('center_axis',(0.,0.,-1.));
#2303=DIRECTION('ref_axis',(1.,0.,0.));
#2304=DIRECTION('',(0.,-1.,0.));
#2305=DIRECTION('',(1.,0.,0.));
#2306=DIRECTION('center_axis',(0.,-1.,0.));
#2307=DIRECTION('ref_axis',(0.38268343236509,0.,-0.923879532511287));
#2308=DIRECTION('',(0.,1.,0.));
#2309=DIRECTION('center_axis',(0.,1.,0.));
#2310=DIRECTION('ref_axis',(0.38268343236509,0.,-0.923879532511287));
#2311=DIRECTION('center_axis',(0.707106781186548,0.,-0.707106781186548));
#2312=DIRECTION('ref_axis',(0.707106781186548,0.,0.707106781186548));
#2313=DIRECTION('',(0.,-1.,0.));
#2314=DIRECTION('',(0.707106781186548,0.,0.707106781186548));
#2315=DIRECTION('center_axis',(0.,-1.,0.));
#2316=DIRECTION('ref_axis',(-0.707106781186546,0.,-0.707106781186549));
#2317=DIRECTION('',(0.,1.,0.));
#2318=DIRECTION('center_axis',(0.,1.,0.));
#2319=DIRECTION('ref_axis',(-0.707106781186546,0.,-0.707106781186549));
#2320=DIRECTION('',(0.,-1.,0.));
#2321=DIRECTION('center_axis',(0.,0.,-1.));
#2322=DIRECTION('ref_axis',(1.,0.,0.));
#2323=DIRECTION('',(0.,-1.,0.));
#2324=DIRECTION('',(1.,0.,0.));
#2325=DIRECTION('center_axis',(0.,1.,0.));
#2326=DIRECTION('ref_axis',(0.707106781186546,0.,-0.707106781186549));
#2327=DIRECTION('',(0.,1.,0.));
#2328=DIRECTION('center_axis',(0.,1.,0.));
#2329=DIRECTION('ref_axis',(0.707106781186546,0.,-0.707106781186549));
#2330=DIRECTION('center_axis',(1.,0.,0.));
#2331=DIRECTION('ref_axis',(0.,0.,-1.));
#2332=DIRECTION('',(0.,-1.,0.));
#2333=DIRECTION('',(0.,0.,1.));
#2334=DIRECTION('center_axis',(0.,0.,1.));
#2335=DIRECTION('ref_axis',(0.707106781186546,-0.707106781186549,0.));
#2336=DIRECTION('center_axis',(0.,0.,-1.));
#2337=DIRECTION('ref_axis',(0.707106781186546,-0.707106781186549,0.));
#2338=DIRECTION('center_axis',(0.,0.,1.));
#2339=DIRECTION('ref_axis',(0.707106781186546,-0.707106781186549,0.));
#2340=DIRECTION('',(0.,0.,1.));
#2341=DIRECTION('center_axis',(0.,0.,1.));
#2342=DIRECTION('ref_axis',(1.,0.,0.));
#2343=DIRECTION('',(0.,1.,0.));
#2344=DIRECTION('center_axis',(0.,0.,-1.));
#2345=DIRECTION('ref_axis',(0.707106781186548,0.707106781186548,0.));
#2346=DIRECTION('',(-1.,0.,0.));
#2347=DIRECTION('center_axis',(0.,0.,-1.));
#2348=DIRECTION('ref_axis',(-0.707106781186549,0.707106781186546,0.));
#2349=DIRECTION('',(0.,-1.,0.));
#2350=DIRECTION('center_axis',(0.,0.,-1.));
#2351=DIRECTION('ref_axis',(-0.707106781186547,-0.707106781186548,0.));
#2352=DIRECTION('',(1.,0.,0.));
#2353=DIRECTION('',(0.,-1.,0.));
#2354=DIRECTION('',(-1.,0.,0.));
#2355=DIRECTION('',(0.,1.,0.));
#2356=DIRECTION('center_axis',(0.,0.,1.));
#2357=DIRECTION('ref_axis',(-0.707106781186547,-0.707106781186548,0.));
#2358=DIRECTION('',(0.,0.,-1.));
#2359=DIRECTION('center_axis',(0.,0.,1.));
#2360=DIRECTION('ref_axis',(-0.707106781186547,-0.707106781186548,0.));
#2361=DIRECTION('center_axis',(-1.,0.,0.));
#2362=DIRECTION('ref_axis',(0.,-1.,0.));
#2363=DIRECTION('',(0.,0.,1.));
#2364=DIRECTION('',(0.,1.,0.));
#2365=DIRECTION('center_axis',(0.,0.,1.));
#2366=DIRECTION('ref_axis',(0.707106781186548,0.707106781186548,0.));
#2367=DIRECTION('',(0.,0.,-1.));
#2368=DIRECTION('center_axis',(0.,0.,1.));
#2369=DIRECTION('ref_axis',(0.707106781186548,0.707106781186548,0.));
#2370=DIRECTION('',(0.,0.,1.));
#2371=DIRECTION('center_axis',(0.,1.,0.));
#2372=DIRECTION('ref_axis',(-1.,0.,0.));
#2373=DIRECTION('',(1.,0.,0.));
#2374=DIRECTION('',(0.,0.,-1.));
#2375=DIRECTION('',(0.,0.,-1.));
#2376=DIRECTION('center_axis',(0.,1.,0.));
#2377=DIRECTION('ref_axis',(-0.707106781186546,0.,-0.707106781186549));
#2378=DIRECTION('',(1.,0.,0.));
#2379=DIRECTION('center_axis',(0.,1.,0.));
#2380=DIRECTION('ref_axis',(0.70710678118654,0.,-0.707106781186555));
#2381=DIRECTION('',(0.,0.,1.));
#2382=DIRECTION('center_axis',(0.,1.,0.));
#2383=DIRECTION('ref_axis',(0.70710678118654,0.,0.707106781186555));
#2384=DIRECTION('',(-1.,0.,0.));
#2385=DIRECTION('center_axis',(0.,1.,0.));
#2386=DIRECTION('ref_axis',(-0.707106781186546,0.,0.707106781186549));
#2387=DIRECTION('center_axis',(0.,0.,1.));
#2388=DIRECTION('ref_axis',(-0.707106781186549,0.707106781186546,0.));
#2389=DIRECTION('center_axis',(0.,0.,1.));
#2390=DIRECTION('ref_axis',(-0.707106781186549,0.707106781186546,0.));
#2391=DIRECTION('center_axis',(0.,1.,0.));
#2392=DIRECTION('ref_axis',(0.70710678118654,0.,0.707106781186555));
#2393=DIRECTION('center_axis',(0.,-1.,0.));
#2394=DIRECTION('ref_axis',(0.70710678118654,0.,0.707106781186555));
#2395=DIRECTION('',(0.,1.,0.));
#2396=DIRECTION('',(0.,-1.,0.));
#2397=DIRECTION('center_axis',(0.,0.,1.));
#2398=DIRECTION('ref_axis',(1.,0.,0.));
#2399=DIRECTION('',(1.,0.,0.));
#2400=DIRECTION('',(0.,-1.,0.));
#2401=DIRECTION('center_axis',(0.,1.,0.));
#2402=DIRECTION('ref_axis',(-0.707106781186546,0.,0.707106781186549));
#2403=DIRECTION('center_axis',(0.,-1.,0.));
#2404=DIRECTION('ref_axis',(-0.707106781186546,0.,0.707106781186549));
#2405=DIRECTION('',(0.,1.,0.));
#2406=DIRECTION('center_axis',(-1.,0.,0.));
#2407=DIRECTION('ref_axis',(0.,0.,1.));
#2408=DIRECTION('',(0.,0.,1.));
#2409=DIRECTION('',(0.,-1.,0.));
#2410=DIRECTION('center_axis',(0.,1.,0.));
#2411=DIRECTION('ref_axis',(-0.707106781186546,0.,-0.707106781186549));
#2412=DIRECTION('center_axis',(0.,-1.,0.));
#2413=DIRECTION('ref_axis',(-0.707106781186546,0.,-0.707106781186549));
#2414=DIRECTION('',(0.,1.,0.));
#2415=DIRECTION('center_axis',(0.,0.,1.));
#2416=DIRECTION('ref_axis',(1.,0.,0.));
#2417=DIRECTION('',(-1.,0.,0.));
#2418=DIRECTION('',(0.,-1.,0.));
#2419=DIRECTION('',(1.,0.,0.));
#2420=DIRECTION('',(0.,1.,0.));
#2421=DIRECTION('',(-1.,0.,0.));
#2422=DIRECTION('',(0.,-1.,0.));
#2423=DIRECTION('center_axis',(0.,1.,0.));
#2424=DIRECTION('ref_axis',(0.70710678118654,0.,-0.707106781186555));
#2425=DIRECTION('center_axis',(0.,-1.,0.));
#2426=DIRECTION('ref_axis',(0.70710678118654,0.,-0.707106781186555));
#2427=DIRECTION('',(0.,1.,0.));
#2428=DIRECTION('center_axis',(1.,0.,0.));
#2429=DIRECTION('ref_axis',(0.,0.,-1.));
#2430=DIRECTION('',(0.,0.,-1.));
#2431=DIRECTION('center_axis',(0.,1.,0.));
#2432=DIRECTION('ref_axis',(0.707106781186546,0.,0.707106781186549));
#2433=DIRECTION('',(0.,1.,0.));
#2434=DIRECTION('center_axis',(0.,1.,0.));
#2435=DIRECTION('ref_axis',(0.707106781186546,0.,0.707106781186549));
#2436=DIRECTION('',(0.,-1.,0.));
#2437=DIRECTION('center_axis',(0.,0.,1.));
#2438=DIRECTION('ref_axis',(1.,0.,0.));
#2439=DIRECTION('',(0.,-1.,0.));
#2440=DIRECTION('',(-1.,0.,0.));
#2441=DIRECTION('center_axis',(-1.,0.,0.));
#2442=DIRECTION('ref_axis',(0.,0.,-1.));
#2443=DIRECTION('',(0.,0.,-1.));
#2444=DIRECTION('',(0.,1.,0.));
#2445=DIRECTION('center_axis',(0.,-1.,0.));
#2446=DIRECTION('ref_axis',(0.923879532511286,0.,-0.382683432365091));
#2447=DIRECTION('',(0.,1.,0.));
#2448=DIRECTION('center_axis',(0.,1.,0.));
#2449=DIRECTION('ref_axis',(0.923879532511286,0.,-0.382683432365091));
#2450=DIRECTION('center_axis',(0.,-1.,0.));
#2451=DIRECTION('ref_axis',(-0.707106781186546,0.,0.707106781186549));
#2452=DIRECTION('center_axis',(0.,1.,0.));
#2453=DIRECTION('ref_axis',(-0.707106781186546,0.,0.707106781186549));
#2454=DIRECTION('center_axis',(-1.,0.,0.));
#2455=DIRECTION('ref_axis',(0.,0.,1.));
#2456=DIRECTION('',(0.,0.,-1.));
#2457=DIRECTION('',(0.,1.,0.));
#2458=DIRECTION('center_axis',(0.,-1.,0.));
#2459=DIRECTION('ref_axis',(0.707106781186546,0.,0.707106781186549));
#2460=DIRECTION('',(0.,1.,0.));
#2461=DIRECTION('center_axis',(0.,1.,0.));
#2462=DIRECTION('ref_axis',(0.707106781186546,0.,0.707106781186549));
#2463=DIRECTION('center_axis',(0.,1.,0.));
#2464=DIRECTION('ref_axis',(-0.707106781186546,0.,0.707106781186549));
#2465=DIRECTION('center_axis',(0.,1.,0.));
#2466=DIRECTION('ref_axis',(-0.707106781186546,0.,0.707106781186549));
#2467=DIRECTION('',(0.,-1.,0.));
#2468=DIRECTION('center_axis',(0.,-1.,0.));
#2469=DIRECTION('ref_axis',(1.,0.,0.));
#2470=DIRECTION('',(0.,0.,1.));
#2471=DIRECTION('',(0.,0.,1.));
#2472=DIRECTION('',(0.,0.,1.));
#2473=DIRECTION('',(-1.,0.,0.));
#2474=DIRECTION('',(0.,0.,-1.));
#2475=DIRECTION('',(1.,0.,0.));
#2476=DIRECTION('',(0.,0.,1.));
#2477=DIRECTION('',(-1.,0.,0.));
#2478=DIRECTION('',(0.,0.,-1.));
#2479=DIRECTION('',(1.,0.,0.));
#2480=DIRECTION('',(-1.,0.,0.));
#2481=DIRECTION('',(0.,0.,1.));
#2482=DIRECTION('',(0.,0.,1.));
#2483=DIRECTION('center_axis',(0.,1.,0.));
#2484=DIRECTION('ref_axis',(0.707106781186548,0.,0.707106781186548));
#2485=DIRECTION('',(-1.,0.,0.));
#2486=DIRECTION('center_axis',(0.,1.,0.));
#2487=DIRECTION('ref_axis',(0.707106781186548,0.,-0.707106781186547));
#2488=DIRECTION('center_axis',(0.,1.,0.));
#2489=DIRECTION('ref_axis',(0.707106781186548,0.,-0.707106781186547));
#2490=DIRECTION('',(0.,1.,0.));
#2491=DIRECTION('center_axis',(1.,0.,0.));
#2492=DIRECTION('ref_axis',(0.,0.,-1.));
#2493=DIRECTION('',(0.,-1.,0.));
#2494=DIRECTION('center_axis',(0.,1.,0.));
#2495=DIRECTION('ref_axis',(0.707106781186548,0.,0.707106781186548));
#2496=DIRECTION('',(0.,1.,0.));
#2497=DIRECTION('center_axis',(0.,0.,1.));
#2498=DIRECTION('ref_axis',(1.,0.,0.));
#2499=DIRECTION('center_axis',(0.,0.,1.));
#2500=DIRECTION('ref_axis',(1.,0.,0.));
#2501=DIRECTION('center_axis',(0.707106781186543,-0.707106781186552,0.));
#2502=DIRECTION('ref_axis',(0.,0.,-1.));
#2503=DIRECTION('',(-0.577350269189631,-0.577350269189623,-0.577350269189623));
#2504=DIRECTION('',(0.,0.,1.));
#2505=DIRECTION('',(0.577350269189631,0.577350269189623,-0.577350269189623));
#2506=DIRECTION('center_axis',(-1.,0.,0.));
#2507=DIRECTION('ref_axis',(0.,0.,1.));
#2508=DIRECTION('',(0.,0.707106781186548,0.707106781186548));
#2509=DIRECTION('',(0.,1.,0.));
#2510=DIRECTION('',(0.,1.,0.));
#2511=DIRECTION('',(0.,-0.707106781186548,0.707106781186548));
#2512=DIRECTION('center_axis',(-0.707106781186543,-0.707106781186552,0.));
#2513=DIRECTION('ref_axis',(0.,0.,1.));
#2514=DIRECTION('',(0.577350269189631,-0.577350269189623,0.577350269189623));
#2515=DIRECTION('',(0.,0.,-1.));
#2516=DIRECTION('',(-0.577350269189631,0.577350269189623,0.577350269189623));
#2517=DIRECTION('center_axis',(1.,0.,0.));
#2518=DIRECTION('ref_axis',(0.,0.,-1.));
#2519=DIRECTION('',(0.,0.707106781186548,-0.707106781186548));
#2520=DIRECTION('',(0.,1.,0.));
#2521=DIRECTION('',(0.,1.,0.));
#2522=DIRECTION('',(0.,-0.707106781186548,-0.707106781186548));
#2523=DIRECTION('center_axis',(0.707106781186543,0.707106781186552,0.));
#2524=DIRECTION('ref_axis',(0.,0.,-1.));
#2525=DIRECTION('',(0.577350269189626,-0.577350269189619,-0.577350269189632));
#2526=DIRECTION('',(0.,0.,1.));
#2527=DIRECTION('',(-0.577350269189626,0.577350269189619,-0.577350269189632));
#2528=DIRECTION('',(0.,0.,-1.));
#2529=DIRECTION('center_axis',(0.,-1.,0.));
#2530=DIRECTION('ref_axis',(0.,0.,1.));
#2531=DIRECTION('',(-0.707106781186544,0.,0.707106781186551));
#2532=DIRECTION('',(-1.,0.,0.));
#2533=DIRECTION('',(0.,0.,-1.));
#2534=DIRECTION('',(-1.,0.,0.));
#2535=DIRECTION('',(0.707106781186544,0.,0.707106781186551));
#2536=DIRECTION('center_axis',(0.707106781186543,-0.707106781186552,0.));
#2537=DIRECTION('ref_axis',(0.,0.,-1.));
#2538=DIRECTION('',(0.577350269189626,0.577350269189619,0.577350269189632));
#2539=DIRECTION('',(0.,0.,-1.));
#2540=DIRECTION('',(-0.577350269189626,-0.577350269189619,0.577350269189632));
#2541=DIRECTION('',(0.,0.,1.));
#2542=DIRECTION('center_axis',(0.,1.,0.));
#2543=DIRECTION('ref_axis',(0.,0.,-1.));
#2544=DIRECTION('',(-0.707106781186544,0.,-0.707106781186551));
#2545=DIRECTION('',(-1.,0.,0.));
#2546=DIRECTION('',(0.,0.,1.));
#2547=DIRECTION('',(-1.,0.,0.));
#2548=DIRECTION('',(0.707106781186544,0.,-0.707106781186551));
#2549=DIRECTION('center_axis',(0.707106781186547,-0.707106781186548,0.));
#2550=DIRECTION('ref_axis',(0.,0.,-1.));
#2551=DIRECTION('',(-0.577350269189627,-0.577350269189625,-0.577350269189625));
#2552=DIRECTION('',(0.,0.,1.));
#2553=DIRECTION('',(0.577350269189627,0.577350269189625,-0.577350269189625));
#2554=DIRECTION('center_axis',(-1.,0.,0.));
#2555=DIRECTION('ref_axis',(0.,0.,1.));
#2556=DIRECTION('',(0.,1.,0.));
#2557=DIRECTION('',(0.,1.,0.));
#2558=DIRECTION('center_axis',(-0.707106781186547,-0.707106781186548,0.));
#2559=DIRECTION('ref_axis',(0.,0.,1.));
#2560=DIRECTION('',(0.577350269189627,-0.577350269189625,0.577350269189625));
#2561=DIRECTION('',(0.,0.,-1.));
#2562=DIRECTION('',(-0.577350269189627,0.577350269189625,0.577350269189625));
#2563=DIRECTION('center_axis',(1.,0.,0.));
#2564=DIRECTION('ref_axis',(0.,0.,-1.));
#2565=DIRECTION('',(0.,1.,0.));
#2566=DIRECTION('',(0.,1.,0.));
#2567=DIRECTION('center_axis',(0.707106781186551,0.707106781186544,0.));
#2568=DIRECTION('ref_axis',(0.,0.,-1.));
#2569=DIRECTION('',(0.577350269189622,-0.577350269189628,-0.577350269189628));
#2570=DIRECTION('',(0.,0.,1.));
#2571=DIRECTION('',(-0.577350269189622,0.577350269189628,-0.577350269189628));
#2572=DIRECTION('',(0.,0.,-1.));
#2573=DIRECTION('center_axis',(0.,-1.,0.));
#2574=DIRECTION('ref_axis',(0.,0.,1.));
#2575=DIRECTION('',(-1.,0.,0.));
#2576=DIRECTION('',(0.,0.,-1.));
#2577=DIRECTION('',(-1.,0.,0.));
#2578=DIRECTION('center_axis',(0.707106781186551,-0.707106781186544,0.));
#2579=DIRECTION('ref_axis',(0.,0.,-1.));
#2580=DIRECTION('',(0.577350269189622,0.577350269189627,0.577350269189628));
#2581=DIRECTION('',(0.,0.,-1.));
#2582=DIRECTION('',(-0.577350269189622,-0.577350269189627,0.577350269189628));
#2583=DIRECTION('',(0.,0.,1.));
#2584=DIRECTION('center_axis',(0.,1.,0.));
#2585=DIRECTION('ref_axis',(0.,0.,-1.));
#2586=DIRECTION('',(-1.,0.,0.));
#2587=DIRECTION('',(0.,0.,1.));
#2588=DIRECTION('',(-1.,0.,0.));
#2589=DIRECTION('center_axis',(0.707106781186551,0.,-0.707106781186544));
#2590=DIRECTION('ref_axis',(-0.707106781186544,0.,-0.707106781186551));
#2591=DIRECTION('',(0.,1.,0.));
#2592=DIRECTION('',(0.,-1.,0.));
#2593=DIRECTION('center_axis',(0.,0.,1.));
#2594=DIRECTION('ref_axis',(0.,1.,0.));
#2595=DIRECTION('',(0.,-1.,0.));
#2596=DIRECTION('center_axis',(0.707106781186551,0.,-0.707106781186544));
#2597=DIRECTION('ref_axis',(-0.707106781186544,0.,-0.707106781186551));
#2598=DIRECTION('',(0.,1.,0.));
#2599=DIRECTION('',(0.,-1.,0.));
#2600=DIRECTION('center_axis',(0.,0.,1.));
#2601=DIRECTION('ref_axis',(0.,1.,0.));
#2602=DIRECTION('',(0.,-1.,0.));
#2603=DIRECTION('center_axis',(0.707106781186551,0.,0.707106781186544));
#2604=DIRECTION('ref_axis',(0.707106781186544,0.,-0.707106781186551));
#2605=DIRECTION('',(0.,-1.,0.));
#2606=DIRECTION('',(0.,1.,0.));
#2607=DIRECTION('center_axis',(0.,0.,-1.));
#2608=DIRECTION('ref_axis',(0.,-1.,0.));
#2609=DIRECTION('',(0.,1.,0.));
#2610=DIRECTION('center_axis',(0.707106781186551,0.,0.707106781186544));
#2611=DIRECTION('ref_axis',(0.707106781186544,0.,-0.707106781186551));
#2612=DIRECTION('',(0.,-1.,0.));
#2613=DIRECTION('',(0.,1.,0.));
#2614=DIRECTION('center_axis',(0.,0.,-1.));
#2615=DIRECTION('ref_axis',(0.,-1.,0.));
#2616=DIRECTION('',(0.,1.,0.));
#2617=DIRECTION('center_axis',(0.,-0.707106781186548,-0.707106781186548));
#2618=DIRECTION('ref_axis',(-1.,0.,0.));
#2619=DIRECTION('',(1.,0.,0.));
#2620=DIRECTION('center_axis',(0.,0.,1.));
#2621=DIRECTION('ref_axis',(1.,0.,0.));
#2622=DIRECTION('center_axis',(0.,-0.707106781186548,-0.707106781186548));
#2623=DIRECTION('ref_axis',(-1.,0.,0.));
#2624=DIRECTION('',(1.,0.,0.));
#2625=DIRECTION('center_axis',(0.,0.,1.));
#2626=DIRECTION('ref_axis',(1.,0.,0.));
#2627=DIRECTION('center_axis',(0.,-0.707106781186548,0.707106781186548));
#2628=DIRECTION('ref_axis',(1.,0.,0.));
#2629=DIRECTION('',(-1.,0.,0.));
#2630=DIRECTION('center_axis',(0.,0.,-1.));
#2631=DIRECTION('ref_axis',(-1.,0.,0.));
#2632=DIRECTION('center_axis',(0.,-0.707106781186548,0.707106781186548));
#2633=DIRECTION('ref_axis',(1.,0.,0.));
#2634=DIRECTION('',(-1.,0.,0.));
#2635=DIRECTION('center_axis',(0.,0.,-1.));
#2636=DIRECTION('ref_axis',(-1.,0.,0.));
#2637=DIRECTION('center_axis',(1.,0.,0.));
#2638=DIRECTION('ref_axis',(0.,0.,1.));
#2639=DIRECTION('center_axis',(0.,1.,0.));
#2640=DIRECTION('ref_axis',(-1.,0.,0.));
#2641=DIRECTION('',(0.,0.,1.));
#2642=DIRECTION('',(0.,0.,1.));
#2643=DIRECTION('center_axis',(1.,0.,0.));
#2644=DIRECTION('ref_axis',(0.,1.,0.));
#2645=DIRECTION('center_axis',(-1.,0.,0.));
#2646=DIRECTION('ref_axis',(0.,-1.,0.));
#2647=DIRECTION('center_axis',(1.,0.,0.));
#2648=DIRECTION('ref_axis',(0.,1.,0.));
#2649=DIRECTION('',(0.,-1.,0.));
#2650=DIRECTION('center_axis',(0.,0.,1.));
#2651=DIRECTION('ref_axis',(1.,0.,0.));
#2652=DIRECTION('center_axis',(0.,0.,1.));
#2653=DIRECTION('ref_axis',(-0.707106781186547,-0.707106781186548,0.));
#2654=DIRECTION('center_axis',(0.,0.,-1.));
#2655=DIRECTION('ref_axis',(-0.707106781186547,-0.707106781186548,0.));
#2656=DIRECTION('',(0.,0.,-1.));
#2657=DIRECTION('center_axis',(0.,0.,1.));
#2658=DIRECTION('ref_axis',(-0.707106781186547,-0.707106781186548,0.));
#2659=DIRECTION('',(0.,0.,1.));
#2660=DIRECTION('center_axis',(0.,-1.,0.));
#2661=DIRECTION('ref_axis',(1.,0.,0.));
#2662=DIRECTION('',(-1.,0.,0.));
#2663=DIRECTION('',(0.,0.,-1.));
#2664=DIRECTION('',(1.,0.,0.));
#2665=DIRECTION('center_axis',(0.,0.,1.));
#2666=DIRECTION('ref_axis',(-1.,0.,0.));
#2667=DIRECTION('',(0.,1.,0.));
#2668=DIRECTION('center_axis',(0.,0.,1.));
#2669=DIRECTION('ref_axis',(-0.707106781186548,0.707106781186547,0.));
#2670=DIRECTION('',(1.,0.,0.));
#2671=DIRECTION('center_axis',(0.,0.,1.));
#2672=DIRECTION('ref_axis',(0.707106781186548,0.707106781186548,0.));
#2673=DIRECTION('',(0.,-1.,0.));
#2674=DIRECTION('center_axis',(0.,0.,1.));
#2675=DIRECTION('ref_axis',(0.707106781186546,-0.707106781186549,0.));
#2676=DIRECTION('center_axis',(0.,0.,1.));
#2677=DIRECTION('ref_axis',(-0.707106781186548,0.707106781186547,0.));
#2678=DIRECTION('center_axis',(0.,0.,-1.));
#2679=DIRECTION('ref_axis',(-0.707106781186548,0.707106781186547,0.));
#2680=DIRECTION('',(0.,0.,-1.));
#2681=DIRECTION('',(0.,0.,1.));
#2682=DIRECTION('center_axis',(0.,1.,0.));
#2683=DIRECTION('ref_axis',(-1.,0.,0.));
#2684=DIRECTION('',(-1.,0.,0.));
#2685=DIRECTION('',(0.,0.,1.));
#2686=DIRECTION('center_axis',(0.,0.,1.));
#2687=DIRECTION('ref_axis',(0.707106781186548,0.707106781186548,0.));
#2688=DIRECTION('center_axis',(0.,0.,-1.));
#2689=DIRECTION('ref_axis',(0.707106781186548,0.707106781186548,0.));
#2690=DIRECTION('',(0.,0.,-1.));
#2691=DIRECTION('center_axis',(0.,0.,1.));
#2692=DIRECTION('ref_axis',(0.707106781186546,-0.707106781186549,0.));
#2693=DIRECTION('center_axis',(0.,0.,-1.));
#2694=DIRECTION('ref_axis',(0.707106781186546,-0.707106781186549,0.));
#2695=DIRECTION('',(0.,0.,1.));
#2696=DIRECTION('center_axis',(-1.,0.,0.));
#2697=DIRECTION('ref_axis',(0.,-1.,0.));
#2698=DIRECTION('',(0.,-1.,0.));
#2699=DIRECTION('center_axis',(1.,0.,0.));
#2700=DIRECTION('ref_axis',(0.,1.,0.));
#2701=DIRECTION('',(0.,1.,0.));
#2702=DIRECTION('center_axis',(0.,0.,1.));
#2703=DIRECTION('ref_axis',(1.,0.,0.));
#2704=CARTESIAN_POINT('',(0.,0.,0.));
#2705=CARTESIAN_POINT('Origin',(29.250000435859,-2.,6.00000007450581));
#2706=CARTESIAN_POINT('',(82.0000011920929,-3.,7.0000000745058));
#2707=CARTESIAN_POINT('',(56.5000008717179,-3.,7.0000000745058));
#2708=CARTESIAN_POINT('',(29.250000435859,-3.,7.00000007450581));
#2709=CARTESIAN_POINT('',(58.5000008717179,-1.,5.00000007450581));
#2710=CARTESIAN_POINT('',(56.5000008717179,-3.,7.0000000745058));
#2711=CARTESIAN_POINT('',(80.0000011920929,-1.,5.0000000745058));
#2712=CARTESIAN_POINT('',(58.5000008717179,-1.,5.00000007450581));
#2713=CARTESIAN_POINT('',(82.0000011920929,-3.,7.0000000745058));
#2714=CARTESIAN_POINT('Origin',(57.5000008717179,-2.,-0.500000007450581));
#2715=CARTESIAN_POINT('',(56.5000008717179,-3.,-3.00000001490116));
#2716=CARTESIAN_POINT('',(56.5000008717179,-3.,-0.500000007450581));
#2717=CARTESIAN_POINT('',(58.5000008717179,-1.,-1.00000001490116));
#2718=CARTESIAN_POINT('',(56.5000008717179,-3.,-3.00000001490116));
#2719=CARTESIAN_POINT('',(58.5000008717179,-1.,-1.00000001490116));
#2720=CARTESIAN_POINT('Origin',(81.0000011920929,-2.,2.5000000372529));
#2721=CARTESIAN_POINT('',(80.0000011920929,-1.,-1.00000001490116));
#2722=CARTESIAN_POINT('',(80.0000011920929,-1.,5.0000000745058));
#2723=CARTESIAN_POINT('',(82.0000011920929,-3.,-3.));
#2724=CARTESIAN_POINT('',(80.0000011920929,-1.,-1.00000001490116));
#2725=CARTESIAN_POINT('',(82.0000011920929,-3.,2.5000000372529));
#2726=CARTESIAN_POINT('Origin',(40.0000005960464,-2.,-2.00000001490116));
#2727=CARTESIAN_POINT('',(37.5,-3.,-3.));
#2728=CARTESIAN_POINT('',(80.0000011920929,-1.,-1.00000001490116));
#2729=CARTESIAN_POINT('Origin',(0.,-3.,0.));
#2730=CARTESIAN_POINT('',(151.,-3.,-3.));
#2731=CARTESIAN_POINT('',(37.5,-3.,-3.));
#2732=CARTESIAN_POINT('',(151.,-3.,20.));
#2733=CARTESIAN_POINT('',(151.,-3.,0.));
#2734=CARTESIAN_POINT('',(-1.,-3.,20.));
#2735=CARTESIAN_POINT('',(37.5,-3.,20.));
#2736=CARTESIAN_POINT('',(-1.,-3.,-3.));
#2737=CARTESIAN_POINT('',(-1.,-3.,0.));
#2738=CARTESIAN_POINT('',(37.5,-3.,-3.));
#2739=CARTESIAN_POINT('',(20.5000002756715,-3.,-0.999999985098838));
#2740=CARTESIAN_POINT('',(20.5000002756715,-3.,15.5000002011657));
#2741=CARTESIAN_POINT('',(20.5000002756715,-3.,6.75000010058284));
#2742=CARTESIAN_POINT('',(9.00000016391277,-3.,-0.999999985098839));
#2743=CARTESIAN_POINT('',(9.25000013783574,-3.,-0.999999985098839));
#2744=CARTESIAN_POINT('',(9.00000016391277,-3.,15.5000002011657));
#2745=CARTESIAN_POINT('',(9.00000016391277,-3.,0.500000007450581));
#2746=CARTESIAN_POINT('',(5.50000008195639,-3.,15.5000002011657));
#2747=CARTESIAN_POINT('',(133.499996982515,-3.,-1.20000000670552));
#2748=CARTESIAN_POINT('',(139.799996886402,-3.,-1.20000000670552));
#2749=CARTESIAN_POINT('',(69.6499984432012,-3.,-1.20000000670552));
#2750=CARTESIAN_POINT('',(133.499996982515,-3.,3.69999995082617));
#2751=CARTESIAN_POINT('',(133.499996982515,-3.,0.149999996647239));
#2752=CARTESIAN_POINT('',(139.799996886402,-3.,3.69999995082617));
#2753=CARTESIAN_POINT('',(67.4999984912574,-3.,3.69999995082617));
#2754=CARTESIAN_POINT('',(139.799996886402,-3.,1.09999997541308));
#2755=CARTESIAN_POINT('',(146.399996761233,-3.,3.69999995082617));
#2756=CARTESIAN_POINT('',(140.099996857345,-3.,3.69999995082617));
#2757=CARTESIAN_POINT('',(70.2999984286726,-3.,3.69999995082617));
#2758=CARTESIAN_POINT('',(146.399996761233,-3.,-1.20000000670552));
#2759=CARTESIAN_POINT('',(146.399996761233,-3.,1.09999997541308));
#2760=CARTESIAN_POINT('',(140.099996857345,-3.,-1.20000000670552));
#2761=CARTESIAN_POINT('',(72.4499983806163,-3.,-1.20000000670552));
#2762=CARTESIAN_POINT('',(140.099996857345,-3.,0.149999996647239));
#2763=CARTESIAN_POINT('Origin',(19.5000002756715,-2.,6.75000010058284));
#2764=CARTESIAN_POINT('',(18.5000002756715,-1.,13.5000002011657));
#2765=CARTESIAN_POINT('',(20.5000002756715,-3.,15.5000002011657));
#2766=CARTESIAN_POINT('',(18.5000002756715,-1.,1.00000001490116));
#2767=CARTESIAN_POINT('',(18.5000002756715,-1.,13.5000002011657));
#2768=CARTESIAN_POINT('',(18.5000002756715,-1.,1.00000001490116));
#2769=CARTESIAN_POINT('Origin',(5.50000008195639,-2.,14.5000002011657));
#2770=CARTESIAN_POINT('',(11.0000001639128,-1.,13.5000002011657));
#2771=CARTESIAN_POINT('',(9.00000016391277,-3.,15.5000002011657));
#2772=CARTESIAN_POINT('',(11.0000001639128,-1.,13.5000002011657));
#2773=CARTESIAN_POINT('Origin',(10.0000001639128,-2.,0.500000007450581));
#2774=CARTESIAN_POINT('',(11.0000001639128,-1.,1.00000001490116));
#2775=CARTESIAN_POINT('',(11.0000001639128,-1.,1.00000001490116));
#2776=CARTESIAN_POINT('',(9.00000016391277,-3.,-0.999999985098839));
#2777=CARTESIAN_POINT('Origin',(9.25000013783574,-2.,1.49011611383365E-8));
#2778=CARTESIAN_POINT('',(18.5000002756715,-1.,1.00000001490116));
#2779=CARTESIAN_POINT('Origin',(14.7500002197921,-1.,7.25000010803342));
#2780=CARTESIAN_POINT('',(15.7999996289611,-1.,2.29999994412064));
#2781=CARTESIAN_POINT('',(16.7999996289611,-1.,3.29999994412065));
#2782=CARTESIAN_POINT('Origin',(15.7999996289611,-1.,3.29999994412065));
#2783=CARTESIAN_POINT('',(13.7425164973645,-1.,2.29999994412064));
#2784=CARTESIAN_POINT('',(13.8462583585783,-1.,2.29999994412065));
#2785=CARTESIAN_POINT('',(12.7425164973645,-1.,3.29999994412065));
#2786=CARTESIAN_POINT('Origin',(13.7425164973645,-1.,3.29999994412065));
#2787=CARTESIAN_POINT('',(12.7425164973645,-1.,10.9999997362494));
#2788=CARTESIAN_POINT('',(12.7425164973645,-1.,9.52499992214143));
#2789=CARTESIAN_POINT('',(13.7425164973645,-1.,11.9999997362494));
#2790=CARTESIAN_POINT('Origin',(13.7425164973645,-1.,10.9999997362494));
#2791=CARTESIAN_POINT('',(15.7999996289611,-1.,11.9999997362494));
#2792=CARTESIAN_POINT('',(15.6749999243766,-1.,11.9999997362494));
#2793=CARTESIAN_POINT('',(16.7999996289611,-1.,10.9999997362494));
#2794=CARTESIAN_POINT('Origin',(15.7999996289611,-1.,10.9999997362494));
#2795=CARTESIAN_POINT('',(16.7999996289611,-1.,4.87500002607703));
#2796=CARTESIAN_POINT('Origin',(13.7425164973645,0.,10.9999997362494));
#2797=CARTESIAN_POINT('',(12.7425164973645,0.,10.9999997362494));
#2798=CARTESIAN_POINT('',(12.7425164973645,0.,10.9999997362494));
#2799=CARTESIAN_POINT('',(13.7425164973645,0.,11.9999997362494));
#2800=CARTESIAN_POINT('Origin',(13.7425164973645,0.,10.9999997362494));
#2801=CARTESIAN_POINT('',(13.7425164973645,0.,11.9999997362494));
#2802=CARTESIAN_POINT('Origin',(12.7425164973645,0.,11.7999997362494));
#2803=CARTESIAN_POINT('',(12.7425164973645,0.,3.29999994412065));
#2804=CARTESIAN_POINT('',(12.7425164973645,0.,3.29999994412065));
#2805=CARTESIAN_POINT('',(12.7425164973645,0.,5.89999986812472));
#2806=CARTESIAN_POINT('Origin',(13.7425164973645,0.,3.29999994412065));
#2807=CARTESIAN_POINT('',(13.7425164973645,0.,2.29999994412065));
#2808=CARTESIAN_POINT('',(13.7425164973645,0.,2.29999994412065));
#2809=CARTESIAN_POINT('Origin',(13.7425164973645,0.,3.29999994412065));
#2810=CARTESIAN_POINT('Origin',(12.9425164973645,0.,2.29999994412065));
#2811=CARTESIAN_POINT('',(15.7999996289611,0.,2.29999994412065));
#2812=CARTESIAN_POINT('',(15.7999996289611,0.,2.29999994412065));
#2813=CARTESIAN_POINT('',(8.29999981448054,0.,2.29999994412065));
#2814=CARTESIAN_POINT('Origin',(69.2500010319054,-1.,2.00000002980232));
#2815=CARTESIAN_POINT('',(78.4999982498586,-1.,2.89999991729856));
#2816=CARTESIAN_POINT('',(77.4999982498586,-1.,3.89999991729855));
#2817=CARTESIAN_POINT('Origin',(77.4999982498586,-1.,2.89999991729856));
#2818=CARTESIAN_POINT('',(78.4999982498586,-1.,1.29999999329448));
#2819=CARTESIAN_POINT('',(78.4999982498586,-1.,1.1500000115484));
#2820=CARTESIAN_POINT('',(77.4999982498586,-1.,0.299999993294477));
#2821=CARTESIAN_POINT('Origin',(77.4999982498586,-1.,1.29999999329448));
#2822=CARTESIAN_POINT('',(70.0999984510243,-1.,0.299999993294481));
#2823=CARTESIAN_POINT('',(69.2749997414649,-1.,0.299999993294477));
#2824=CARTESIAN_POINT('',(69.0999984510243,-1.,1.29999999329448));
#2825=CARTESIAN_POINT('Origin',(70.0999984510243,-1.,1.29999999329448));
#2826=CARTESIAN_POINT('',(69.0999984510243,-1.,2.89999991729856));
#2827=CARTESIAN_POINT('',(69.0999984510243,-1.,2.84999997355044));
#2828=CARTESIAN_POINT('',(70.0999984510243,-1.,3.89999991729856));
#2829=CARTESIAN_POINT('Origin',(70.0999984510243,-1.,2.89999991729856));
#2830=CARTESIAN_POINT('',(73.774999640882,-1.,3.89999991729856));
#2831=CARTESIAN_POINT('',(66.607105285855,-1.,0.807106756599632));
#2832=CARTESIAN_POINT('',(66.8999985046685,-1.,1.51421353778618));
#2833=CARTESIAN_POINT('Origin',(65.8999985046685,-1.,1.51421353778618));
#2834=CARTESIAN_POINT('',(66.3928917413633,-1.,0.59289321210793));
#2835=CARTESIAN_POINT('',(67.3124991590157,-1.,1.51250062976032));
#2836=CARTESIAN_POINT('',(65.6857849601768,-1.,0.299999993294477));
#2837=CARTESIAN_POINT('Origin',(65.6857849601768,-1.,1.29999999329448));
#2838=CARTESIAN_POINT('',(61.5801979544224,-1.,0.299999993294477));
#2839=CARTESIAN_POINT('',(65.2249998319894,-1.,0.299999993294477));
#2840=CARTESIAN_POINT('',(60.9158341155925,-1.,0.552590674610822));
#2841=CARTESIAN_POINT('Origin',(61.5801979544224,-1.,1.29999999329448));
#2842=CARTESIAN_POINT('',(60.63563481336,-1.,0.801656721039684));
#2843=CARTESIAN_POINT('',(62.5763786137104,-1.,-0.923448879271746));
#2844=CARTESIAN_POINT('',(60.29999865219,-1.,1.54906603972334));
#2845=CARTESIAN_POINT('Origin',(61.29999865219,-1.,1.54906603972334));
#2846=CARTESIAN_POINT('',(60.29999865219,-1.,2.59999992400408));
#2847=CARTESIAN_POINT('',(60.29999865219,-1.,2.6999999769032));
#2848=CARTESIAN_POINT('',(61.29999865219,-1.,3.59999992400408));
#2849=CARTESIAN_POINT('Origin',(61.29999865219,-1.,2.59999992400408));
#2850=CARTESIAN_POINT('',(65.8999985046685,-1.,3.59999992400407));
#2851=CARTESIAN_POINT('',(68.0749997682869,-1.,3.59999992400408));
#2852=CARTESIAN_POINT('',(66.8999985046685,-1.,2.59999992400408));
#2853=CARTESIAN_POINT('Origin',(65.8999985046685,-1.,2.59999992400408));
#2854=CARTESIAN_POINT('',(66.8999985046685,-1.,1.5500000026077));
#2855=CARTESIAN_POINT('Origin',(61.29999865219,0.,1.54906603972334));
#2856=CARTESIAN_POINT('',(60.63563481336,0.,0.801656721039681));
#2857=CARTESIAN_POINT('',(60.63563481336,0.,0.801656721039682));
#2858=CARTESIAN_POINT('',(60.29999865219,0.,1.54906603972334));
#2859=CARTESIAN_POINT('Origin',(61.29999865219,0.,1.54906603972334));
#2860=CARTESIAN_POINT('',(60.29999865219,0.,1.54906603972334));
#2861=CARTESIAN_POINT('Origin',(60.29999865219,0.,1.09999997541308));
#2862=CARTESIAN_POINT('',(60.9158341155925,0.,0.552590674610822));
#2863=CARTESIAN_POINT('',(60.9158341155925,0.,0.552590674610822));
#2864=CARTESIAN_POINT('',(43.7306886777153,0.,15.8282755082794));
#2865=CARTESIAN_POINT('Origin',(61.5801979544224,0.,1.29999999329448));
#2866=CARTESIAN_POINT('',(61.5801979544224,0.,0.299999993294477));
#2867=CARTESIAN_POINT('',(61.5801979544224,0.,0.299999993294477));
#2868=CARTESIAN_POINT('Origin',(61.5801979544224,0.,1.29999999329448));
#2869=CARTESIAN_POINT('Origin',(61.1999986320734,0.,0.299999993294477));
#2870=CARTESIAN_POINT('',(65.6857849601768,0.,0.299999993294477));
#2871=CARTESIAN_POINT('',(65.6857849601768,0.,0.299999993294477));
#2872=CARTESIAN_POINT('',(30.5999993160367,0.,0.299999993294477));
#2873=CARTESIAN_POINT('Origin',(65.6857849601768,0.,1.29999999329448));
#2874=CARTESIAN_POINT('',(66.3928917413633,0.,0.592893212107934));
#2875=CARTESIAN_POINT('',(66.3928917413633,0.,0.592893212107934));
#2876=CARTESIAN_POINT('Origin',(65.6857849601768,0.,1.29999999329448));
#2877=CARTESIAN_POINT('Origin',(66.0999985225499,0.,0.299999993294477));
#2878=CARTESIAN_POINT('',(66.607105285855,0.,0.807106756599631));
#2879=CARTESIAN_POINT('',(66.607105285855,0.,0.807106756599634));
#2880=CARTESIAN_POINT('',(49.4999988935888,0.,-16.2999996356666));
#2881=CARTESIAN_POINT('Origin',(70.0999984510243,0.,1.29999999329448));
#2882=CARTESIAN_POINT('',(70.0999984510243,0.,0.299999993294477));
#2883=CARTESIAN_POINT('',(70.0999984510243,0.,0.299999993294477));
#2884=CARTESIAN_POINT('',(69.0999984510243,0.,1.29999999329448));
#2885=CARTESIAN_POINT('Origin',(70.0999984510243,0.,1.29999999329448));
#2886=CARTESIAN_POINT('',(69.0999984510243,0.,1.29999999329448));
#2887=CARTESIAN_POINT('Origin',(69.2999984510243,0.,0.299999993294477));
#2888=CARTESIAN_POINT('',(77.4999982498586,0.,0.299999993294477));
#2889=CARTESIAN_POINT('',(77.4999982498586,0.,0.299999993294477));
#2890=CARTESIAN_POINT('',(34.6499992255121,0.,0.299999993294477));
#2891=CARTESIAN_POINT('Origin',(77.4999982498586,0.,1.29999999329448));
#2892=CARTESIAN_POINT('',(78.4999982498586,0.,1.29999999329448));
#2893=CARTESIAN_POINT('',(78.4999982498586,0.,1.29999999329448));
#2894=CARTESIAN_POINT('Origin',(77.4999982498586,0.,1.29999999329448));
#2895=CARTESIAN_POINT('Origin',(78.4999982498586,0.,0.299999993294477));
#2896=CARTESIAN_POINT('',(78.4999982498586,0.,2.89999991729856));
#2897=CARTESIAN_POINT('',(78.4999982498586,0.,2.89999991729856));
#2898=CARTESIAN_POINT('',(78.4999982498586,0.,0.149999996647239));
#2899=CARTESIAN_POINT('Origin',(151.,-1.,0.));
#2900=CARTESIAN_POINT('',(153.,-1.,20.));
#2901=CARTESIAN_POINT('Origin',(151.,-1.,20.));
#2902=CARTESIAN_POINT('',(153.,-1.,-3.));
#2903=CARTESIAN_POINT('Origin',(151.,-1.,-3.));
#2904=CARTESIAN_POINT('',(153.,-1.,0.));
#2905=CARTESIAN_POINT('Origin',(75.,50.,20.));
#2906=CARTESIAN_POINT('',(153.,101.,20.));
#2907=CARTESIAN_POINT('',(153.,25.,20.));
#2908=CARTESIAN_POINT('',(151.,103.,20.));
#2909=CARTESIAN_POINT('Origin',(151.,101.,20.));
#2910=CARTESIAN_POINT('',(-0.999999999999996,103.,20.));
#2911=CARTESIAN_POINT('',(112.5,103.,20.));
#2912=CARTESIAN_POINT('',(-3.,101.,20.));
#2913=CARTESIAN_POINT('Origin',(-0.999999999999996,101.,20.));
#2914=CARTESIAN_POINT('',(-3.,-0.999999999999996,20.));
#2915=CARTESIAN_POINT('',(-3.,75.,20.));
#2916=CARTESIAN_POINT('Origin',(-1.,-0.999999999999996,20.));
#2917=CARTESIAN_POINT('',(0.,100.,20.));
#2918=CARTESIAN_POINT('',(150.,100.,20.));
#2919=CARTESIAN_POINT('',(150.,100.,20.));
#2920=CARTESIAN_POINT('',(150.,0.,20.));
#2921=CARTESIAN_POINT('',(150.,0.,20.));
#2922=CARTESIAN_POINT('',(0.,0.,20.));
#2923=CARTESIAN_POINT('',(0.,0.,20.));
#2924=CARTESIAN_POINT('',(0.,100.,20.));
#2925=CARTESIAN_POINT('Origin',(-1.,-0.999999999999996,0.));
#2926=CARTESIAN_POINT('',(-3.,-0.999999999999996,-3.));
#2927=CARTESIAN_POINT('',(-3.,-0.999999999999996,0.));
#2928=CARTESIAN_POINT('Origin',(-1.,-0.999999999999996,-3.));
#2929=CARTESIAN_POINT('Origin',(-3.,100.,0.));
#2930=CARTESIAN_POINT('',(-3.,101.,-3.));
#2931=CARTESIAN_POINT('',(-3.,101.,0.));
#2932=CARTESIAN_POINT('',(-3.,75.,-3.));
#2933=CARTESIAN_POINT('Origin',(151.,101.,0.));
#2934=CARTESIAN_POINT('',(153.,101.,-3.));
#2935=CARTESIAN_POINT('',(153.,101.,0.));
#2936=CARTESIAN_POINT('',(151.,103.,-3.));
#2937=CARTESIAN_POINT('Origin',(151.,101.,-3.));
#2938=CARTESIAN_POINT('',(151.,103.,0.));
#2939=CARTESIAN_POINT('Origin',(150.,103.,0.));
#2940=CARTESIAN_POINT('',(-0.999999999999996,103.,-3.));
#2941=CARTESIAN_POINT('',(112.5,103.,-3.));
#2942=CARTESIAN_POINT('',(-0.999999999999996,103.,0.));
#2943=CARTESIAN_POINT('',(69.0000010281801,103.,16.));
#2944=CARTESIAN_POINT('',(69.0000010281801,103.,1.));
#2945=CARTESIAN_POINT('',(69.0000010281801,103.,0.));
#2946=CARTESIAN_POINT('',(70.0000010281801,103.,0.));
#2947=CARTESIAN_POINT('Origin',(70.0000010281801,103.,1.));
#2948=CARTESIAN_POINT('',(89.0000013411045,103.,0.));
#2949=CARTESIAN_POINT('',(120.000000670552,103.,0.));
#2950=CARTESIAN_POINT('',(90.0000013411045,103.,1.));
#2951=CARTESIAN_POINT('Origin',(89.0000013411045,103.,1.));
#2952=CARTESIAN_POINT('',(90.0000013411045,103.,16.));
#2953=CARTESIAN_POINT('',(90.0000013411045,103.,8.5));
#2954=CARTESIAN_POINT('',(89.0000013411045,103.,17.));
#2955=CARTESIAN_POINT('Origin',(89.0000013411045,103.,16.));
#2956=CARTESIAN_POINT('',(70.0000010281801,103.,17.));
#2957=CARTESIAN_POINT('',(109.50000051409,103.,17.));
#2958=CARTESIAN_POINT('Origin',(70.0000010281801,103.,16.));
#2959=CARTESIAN_POINT('Origin',(-0.999999999999996,101.,0.));
#2960=CARTESIAN_POINT('Origin',(-0.999999999999996,101.,-3.));
#2961=CARTESIAN_POINT('Origin',(89.0000013411045,99.000001475215,16.));
#2962=CARTESIAN_POINT('',(90.0000013411045,100.,16.));
#2963=CARTESIAN_POINT('',(89.0000013411045,100.,17.));
#2964=CARTESIAN_POINT('Origin',(89.0000013411045,100.,16.));
#2965=CARTESIAN_POINT('',(89.0000013411045,99.000001475215,17.));
#2966=CARTESIAN_POINT('',(90.0000013411045,99.000001475215,16.));
#2967=CARTESIAN_POINT('Origin',(69.0000010281801,99.000001475215,17.));
#2968=CARTESIAN_POINT('',(70.0000010281801,100.,17.));
#2969=CARTESIAN_POINT('',(109.50000051409,100.,17.));
#2970=CARTESIAN_POINT('',(70.0000010281801,99.000001475215,17.));
#2971=CARTESIAN_POINT('Origin',(70.0000010281801,99.000001475215,16.));
#2972=CARTESIAN_POINT('',(69.0000010281801,100.,16.));
#2973=CARTESIAN_POINT('Origin',(70.0000010281801,100.,16.));
#2974=CARTESIAN_POINT('',(69.0000010281801,99.000001475215,16.));
#2975=CARTESIAN_POINT('Origin',(69.0000010281801,99.000001475215,0.));
#2976=CARTESIAN_POINT('',(69.0000010281801,100.,1.));
#2977=CARTESIAN_POINT('',(69.0000010281801,100.,0.));
#2978=CARTESIAN_POINT('',(69.0000010281801,74.5000007376075,1.));
#2979=CARTESIAN_POINT('Origin',(70.0000010281801,74.5000007376075,1.));
#2980=CARTESIAN_POINT('',(70.0000010281801,100.,0.));
#2981=CARTESIAN_POINT('Origin',(70.0000010281801,100.,1.));
#2982=CARTESIAN_POINT('',(70.0000010281801,74.5000007376075,0.));
#2983=CARTESIAN_POINT('Origin',(75.,50.,0.));
#2984=CARTESIAN_POINT('',(0.,100.,0.));
#2985=CARTESIAN_POINT('',(150.,100.,0.));
#2986=CARTESIAN_POINT('',(0.,0.,0.));
#2987=CARTESIAN_POINT('',(0.,100.,0.));
#2988=CARTESIAN_POINT('',(150.,0.,0.));
#2989=CARTESIAN_POINT('',(0.,0.,0.));
#2990=CARTESIAN_POINT('',(150.,100.,0.));
#2991=CARTESIAN_POINT('',(150.,0.,0.));
#2992=CARTESIAN_POINT('',(89.0000013411045,100.,0.));
#2993=CARTESIAN_POINT('',(150.,100.,0.));
#2994=CARTESIAN_POINT('',(89.0000013411045,74.5000007376075,0.));
#2995=CARTESIAN_POINT('Origin',(89.0000013411045,74.5000007376075,1.));
#2996=CARTESIAN_POINT('',(90.0000013411045,100.,1.));
#2997=CARTESIAN_POINT('Origin',(89.0000013411045,100.,1.));
#2998=CARTESIAN_POINT('',(90.0000013411045,74.5000007376075,1.));
#2999=CARTESIAN_POINT('Origin',(90.0000013411045,99.000001475215,17.));
#3000=CARTESIAN_POINT('',(90.0000013411045,100.,8.5));
#3001=CARTESIAN_POINT('Origin',(65.8999985046685,0.,2.59999992400408));
#3002=CARTESIAN_POINT('',(65.8999985046685,0.,3.59999992400408));
#3003=CARTESIAN_POINT('',(65.8999985046685,0.,3.59999992400408));
#3004=CARTESIAN_POINT('',(66.8999985046685,0.,2.59999992400408));
#3005=CARTESIAN_POINT('Origin',(65.8999985046685,0.,2.59999992400408));
#3006=CARTESIAN_POINT('',(66.8999985046685,0.,2.59999992400408));
#3007=CARTESIAN_POINT('Origin',(66.8999985046685,0.,3.59999992400408));
#3008=CARTESIAN_POINT('',(61.29999865219,0.,3.59999992400408));
#3009=CARTESIAN_POINT('',(61.29999865219,0.,3.59999992400408));
#3010=CARTESIAN_POINT('',(33.4499992523342,0.,3.59999992400408));
#3011=CARTESIAN_POINT('Origin',(60.29999865219,0.,3.39999992400408));
#3012=CARTESIAN_POINT('',(60.29999865219,0.,2.59999992400408));
#3013=CARTESIAN_POINT('',(60.29999865219,0.,1.69999996200204));
#3014=CARTESIAN_POINT('',(60.29999865219,0.,2.59999992400408));
#3015=CARTESIAN_POINT('Origin',(65.8999985046685,0.,1.51421353778618));
#3016=CARTESIAN_POINT('',(66.8999985046685,0.,1.51421353778618));
#3017=CARTESIAN_POINT('',(66.8999985046685,0.,1.51421353778618));
#3018=CARTESIAN_POINT('Origin',(65.8999985046685,0.,1.51421353778618));
#3019=CARTESIAN_POINT('Origin',(61.29999865219,0.,2.59999992400408));
#3020=CARTESIAN_POINT('Origin',(61.29999865219,0.,2.59999992400408));
#3021=CARTESIAN_POINT('Origin',(69.0999984510243,0.,3.69999991729856));
#3022=CARTESIAN_POINT('',(69.0999984510243,0.,2.89999991729856));
#3023=CARTESIAN_POINT('',(69.0999984510243,0.,1.84999995864928));
#3024=CARTESIAN_POINT('',(69.0999984510243,0.,2.89999991729856));
#3025=CARTESIAN_POINT('Origin',(77.4999982498586,0.,2.89999991729856));
#3026=CARTESIAN_POINT('',(77.4999982498586,0.,3.89999991729856));
#3027=CARTESIAN_POINT('',(77.4999982498586,0.,3.89999991729856));
#3028=CARTESIAN_POINT('Origin',(77.4999982498586,0.,2.89999991729856));
#3029=CARTESIAN_POINT('Origin',(70.0999984510243,0.,2.89999991729856));
#3030=CARTESIAN_POINT('',(70.0999984510243,0.,3.89999991729856));
#3031=CARTESIAN_POINT('Origin',(70.0999984510243,0.,2.89999991729856));
#3032=CARTESIAN_POINT('',(70.0999984510243,0.,3.89999991729856));
#3033=CARTESIAN_POINT('Origin',(0.,0.,0.));
#3034=CARTESIAN_POINT('',(0.,0.,3.));
#3035=CARTESIAN_POINT('',(150.,0.,3.));
#3036=CARTESIAN_POINT('',(144.899996761233,0.,0.299999993294477));
#3037=CARTESIAN_POINT('',(144.899996761233,0.,2.19999995082617));
#3038=CARTESIAN_POINT('',(144.899996761233,0.,1.09999997541308));
#3039=CARTESIAN_POINT('',(140.599996857345,0.,2.19999995082617));
#3040=CARTESIAN_POINT('',(70.2999984286726,0.,2.19999995082617));
#3041=CARTESIAN_POINT('',(140.599996857345,0.,0.299999993294477));
#3042=CARTESIAN_POINT('',(140.599996857345,0.,0.149999996647239));
#3043=CARTESIAN_POINT('',(72.4499983806163,0.,0.299999993294477));
#3044=CARTESIAN_POINT('',(139.299996886402,0.,0.299999993294477));
#3045=CARTESIAN_POINT('',(139.299996886402,0.,2.19999995082617));
#3046=CARTESIAN_POINT('',(139.299996886402,0.,1.09999997541308));
#3047=CARTESIAN_POINT('',(134.999996982515,0.,2.19999995082617));
#3048=CARTESIAN_POINT('',(67.4999984912574,0.,2.19999995082617));
#3049=CARTESIAN_POINT('',(134.999996982515,0.,0.299999993294477));
#3050=CARTESIAN_POINT('',(134.999996982515,0.,0.149999996647239));
#3051=CARTESIAN_POINT('',(69.6499984432012,0.,0.299999993294477));
#3052=CARTESIAN_POINT('',(34.6499992255121,0.,3.89999991729856));
#3053=CARTESIAN_POINT('',(66.8999985046685,0.,1.69999996200204));
#3054=CARTESIAN_POINT('',(16.7999996289611,0.,3.29999994412065));
#3055=CARTESIAN_POINT('',(16.7999996289611,0.,10.9999997362494));
#3056=CARTESIAN_POINT('',(16.7999996289611,0.,5.89999986812472));
#3057=CARTESIAN_POINT('',(15.7999996289611,0.,11.9999997362494));
#3058=CARTESIAN_POINT('Origin',(15.7999996289611,0.,10.9999997362494));
#3059=CARTESIAN_POINT('',(8.29999981448054,0.,11.9999997362494));
#3060=CARTESIAN_POINT('Origin',(15.7999996289611,0.,3.29999994412065));
#3061=CARTESIAN_POINT('Origin',(15.7999996289611,0.,3.29999994412065));
#3062=CARTESIAN_POINT('',(16.7999996289611,0.,3.29999994412065));
#3063=CARTESIAN_POINT('Origin',(16.7999996289611,0.,2.49999994412065));
#3064=CARTESIAN_POINT('',(16.7999996289611,0.,10.9999997362494));
#3065=CARTESIAN_POINT('Origin',(15.7999996289611,0.,10.9999997362494));
#3066=CARTESIAN_POINT('',(15.7999996289611,0.,11.9999997362494));
#3067=CARTESIAN_POINT('Origin',(16.5999996289611,0.,11.9999997362494));
#3068=CARTESIAN_POINT('Origin',(78.2999982498586,0.,3.89999991729856));
#3069=CARTESIAN_POINT('Origin',(140.349996857345,-2.75,0.149999996647239));
#3070=CARTESIAN_POINT('',(140.599996857345,-2.5,-0.700000006705522));
#3071=CARTESIAN_POINT('',(129.383330445116,-13.7166664122294,-11.9166664189349));
#3072=CARTESIAN_POINT('',(140.599996857345,-2.5,3.19999995082617));
#3073=CARTESIAN_POINT('',(140.599996857345,-2.5,0.149999996647239));
#3074=CARTESIAN_POINT('',(129.391663778263,-13.7083330790823,14.4083330299085));
#3075=CARTESIAN_POINT('Origin',(140.599996857345,-3.,0.299999993294477));
#3076=CARTESIAN_POINT('',(140.599996857345,-1.5,0.299999993294477));
#3077=CARTESIAN_POINT('',(140.599996857345,-2.25,-0.450000006705523));
#3078=CARTESIAN_POINT('',(140.599996857345,-3.,0.299999993294477));
#3079=CARTESIAN_POINT('',(140.599996857345,-1.5,2.19999995082617));
#3080=CARTESIAN_POINT('',(140.599996857345,-3.,2.19999995082617));
#3081=CARTESIAN_POINT('',(140.599996857345,-1.77500001061708,2.47499996144325));
#3082=CARTESIAN_POINT('Origin',(139.549996886402,-2.75,1.09999997541308));
#3083=CARTESIAN_POINT('',(139.299996886402,-2.5,3.19999995082617));
#3084=CARTESIAN_POINT('',(126.983330491309,9.81666639509305,-9.11666644426688));
#3085=CARTESIAN_POINT('',(139.299996886402,-2.5,-0.700000006705522));
#3086=CARTESIAN_POINT('',(139.299996886402,-2.5,1.09999997541308));
#3087=CARTESIAN_POINT('',(127.391663815516,9.40833307088668,11.2083330641812));
#3088=CARTESIAN_POINT('Origin',(139.299996886402,-3.,2.19999995082617));
#3089=CARTESIAN_POINT('',(139.299996886402,-1.5,2.19999995082617));
#3090=CARTESIAN_POINT('',(139.299996886402,-2.25,2.94999995082617));
#3091=CARTESIAN_POINT('',(139.299996886402,-3.,2.19999995082617));
#3092=CARTESIAN_POINT('',(139.299996886402,-1.5,0.299999993294477));
#3093=CARTESIAN_POINT('',(139.299996886402,-3.,0.299999993294477));
#3094=CARTESIAN_POINT('',(139.299996886402,-1.77500001061708,0.0249999826773999));
#3095=CARTESIAN_POINT('Origin',(152.75,9.94999977201223,0.149999996647239));
#3096=CARTESIAN_POINT('',(153.,9.69999977201223,-1.20000000670552));
#3097=CARTESIAN_POINT('',(152.5,10.1999997720122,-0.700000006705507));
#3098=CARTESIAN_POINT('',(152.858333321599,9.84166645041357,-1.05833332830418));
#3099=CARTESIAN_POINT('',(152.5,10.1999997720122,3.09999995306133));
#3100=CARTESIAN_POINT('',(152.5,10.1999997720122,0.149999996647239));
#3101=CARTESIAN_POINT('',(153.,9.69999977201223,3.59999995306134));
#3102=CARTESIAN_POINT('',(152.858333321599,9.84166645041358,3.45833327465999));
#3103=CARTESIAN_POINT('',(153.,9.69999977201223,0.149999996647239));
#3104=CARTESIAN_POINT('Origin',(153.,10.1999997720122,0.299999993294477));
#3105=CARTESIAN_POINT('',(151.5,10.1999997720122,0.299999993294477));
#3106=CARTESIAN_POINT('',(152.25,10.1999997720122,-0.450000006705519));
#3107=CARTESIAN_POINT('',(150.,10.1999997720122,0.299999993294477));
#3108=CARTESIAN_POINT('',(153.,10.1999997720122,0.299999993294477));
#3109=CARTESIAN_POINT('',(150.,10.1999997720122,2.09999995306134));
#3110=CARTESIAN_POINT('',(150.,10.1999997720122,0.149999996647239));
#3111=CARTESIAN_POINT('',(151.5,10.1999997720122,2.09999995306134));
#3112=CARTESIAN_POINT('',(153.,10.1999997720122,2.09999995306134));
#3113=CARTESIAN_POINT('',(151.800000010058,10.1999997720122,2.39999996311962));
#3114=CARTESIAN_POINT('Origin',(152.75,9.04999980330467,1.07561590234313));
#3115=CARTESIAN_POINT('',(153.,9.29999980330467,3.65123180468626));
#3116=CARTESIAN_POINT('',(152.5,8.79999980330467,3.15123180468624));
#3117=CARTESIAN_POINT('',(151.064006175296,7.36400597860083,1.71523797998236));
#3118=CARTESIAN_POINT('',(152.5,8.79999980330467,-0.700000006705519));
#3119=CARTESIAN_POINT('',(152.5,8.79999980330467,1.07561590234313));
#3120=CARTESIAN_POINT('',(153.,9.29999980330467,-1.20000000670552));
#3121=CARTESIAN_POINT('',(151.470730698217,7.7707305015212,0.329269295077992));
#3122=CARTESIAN_POINT('',(153.,9.29999980330467,1.07561590234313));
#3123=CARTESIAN_POINT('Origin',(153.,8.79999980330467,2.15123180468626));
#3124=CARTESIAN_POINT('',(151.5,8.79999980330467,2.15123180468626));
#3125=CARTESIAN_POINT('',(152.25,8.79999980330467,2.90123180468625));
#3126=CARTESIAN_POINT('',(150.,8.79999980330467,2.15123180468626));
#3127=CARTESIAN_POINT('',(153.,8.79999980330467,2.15123180468626));
#3128=CARTESIAN_POINT('',(150.,8.79999980330467,0.299999993294477));
#3129=CARTESIAN_POINT('',(150.,8.79999980330467,1.07561590234313));
#3130=CARTESIAN_POINT('',(151.5,8.79999980330467,0.299999993294477));
#3131=CARTESIAN_POINT('',(153.,8.79999980330467,0.299999993294477));
#3132=CARTESIAN_POINT('',(151.787192047152,8.79999980330467,0.0128079461424306));
#3133=CARTESIAN_POINT('Origin',(134.249996982515,-2.25,0.149999996647239));
#3134=CARTESIAN_POINT('',(134.999996982515,-1.5,0.299999993294477));
#3135=CARTESIAN_POINT('',(123.583330559855,-12.9166664226602,-11.1166664293657));
#3136=CARTESIAN_POINT('',(134.999996982515,-1.5,2.19999995082617));
#3137=CARTESIAN_POINT('',(134.999996982515,-1.5,0.149999996647239));
#3138=CARTESIAN_POINT('',(123.591663893002,-12.9083330895131,13.6083330403393));
#3139=CARTESIAN_POINT('Origin',(134.999996982515,-3.,0.299999993294477));
#3140=CARTESIAN_POINT('',(134.999996982515,-3.,0.299999993294477));
#3141=CARTESIAN_POINT('',(134.999996982515,-3.,2.19999995082617));
#3142=CARTESIAN_POINT('Origin',(145.649996761233,-2.25,1.09999997541308));
#3143=CARTESIAN_POINT('',(144.899996761233,-1.5,2.19999995082617));
#3144=CARTESIAN_POINT('',(132.78333037657,10.6166663846622,-9.91666643383603));
#3145=CARTESIAN_POINT('',(144.899996761233,-1.5,0.299999993294477));
#3146=CARTESIAN_POINT('',(144.899996761233,-1.5,1.09999997541308));
#3147=CARTESIAN_POINT('',(133.191663700777,10.2083330604558,12.0083330537503));
#3148=CARTESIAN_POINT('Origin',(144.899996761233,-3.,2.19999995082617));
#3149=CARTESIAN_POINT('',(144.899996761233,-3.,2.19999995082617));
#3150=CARTESIAN_POINT('',(144.899996761233,-3.,0.299999993294477));
#3151=CARTESIAN_POINT('Origin',(152.25,3.7693055148491,0.149999996647239));
#3152=CARTESIAN_POINT('',(153.,3.0193055148491,-1.20000000670552));
#3153=CARTESIAN_POINT('',(151.5,4.5193055148491,0.299999993294477));
#3154=CARTESIAN_POINT('',(152.044884268307,3.97442124654177,-0.244884275012856));
#3155=CARTESIAN_POINT('',(151.5,4.5193055148491,2.15123180468626));
#3156=CARTESIAN_POINT('',(151.5,4.5193055148491,0.149999996647239));
#3157=CARTESIAN_POINT('',(153.,3.0193055148491,3.65123180468626));
#3158=CARTESIAN_POINT('',(152.043070158231,3.97623535661818,2.69430196291718));
#3159=CARTESIAN_POINT('',(153.,3.0193055148491,0.149999996647239));
#3160=CARTESIAN_POINT('Origin',(153.,4.5193055148491,0.299999993294477));
#3161=CARTESIAN_POINT('',(150.,4.5193055148491,0.299999993294477));
#3162=CARTESIAN_POINT('',(153.,4.5193055148491,0.299999993294477));
#3163=CARTESIAN_POINT('',(150.,4.5193055148491,2.15123180468626));
#3164=CARTESIAN_POINT('',(150.,4.5193055148491,0.149999996647239));
#3165=CARTESIAN_POINT('',(153.,4.5193055148491,2.15123180468626));
#3166=CARTESIAN_POINT('Origin',(152.25,15.1499996781349,1.04999997653067));
#3167=CARTESIAN_POINT('',(153.,15.8999996781349,3.59999995306134));
#3168=CARTESIAN_POINT('',(151.5,14.3999996781349,2.09999995306134));
#3169=CARTESIAN_POINT('',(150.275000038557,13.1749997166917,0.87499999161808));
#3170=CARTESIAN_POINT('',(151.5,14.3999996781349,0.299999993294477));
#3171=CARTESIAN_POINT('',(151.5,14.3999996781349,1.04999997653067));
#3172=CARTESIAN_POINT('',(153.,15.8999996781349,-1.20000000670552));
#3173=CARTESIAN_POINT('',(150.675000029616,13.574999707751,1.12499996367843));
#3174=CARTESIAN_POINT('',(153.,15.8999996781349,1.04999997653067));
#3175=CARTESIAN_POINT('Origin',(153.,14.3999996781349,2.09999995306134));
#3176=CARTESIAN_POINT('',(150.,14.3999996781349,2.09999995306134));
#3177=CARTESIAN_POINT('',(153.,14.3999996781349,2.09999995306134));
#3178=CARTESIAN_POINT('',(150.,14.3999996781349,0.299999993294477));
#3179=CARTESIAN_POINT('',(150.,14.3999996781349,1.04999997653067));
#3180=CARTESIAN_POINT('',(153.,14.3999996781349,0.299999993294477));
#3181=CARTESIAN_POINT('Origin',(152.25,2.25965275742455,2.90123180468626));
#3182=CARTESIAN_POINT('',(151.5,2.25965275742455,2.15123180468626));
#3183=CARTESIAN_POINT('',(153.,2.25965275742455,3.65123180468626));
#3184=CARTESIAN_POINT('Origin',(153.,4.5193055148491,2.15123180468626));
#3185=CARTESIAN_POINT('',(150.,2.25965275742455,2.15123180468626));
#3186=CARTESIAN_POINT('Origin',(152.25,5.09999988600612,2.84999995306134));
#3187=CARTESIAN_POINT('',(151.5,5.09999988600612,2.09999995306134));
#3188=CARTESIAN_POINT('',(153.,5.09999988600612,3.59999995306134));
#3189=CARTESIAN_POINT('Origin',(153.,10.1999997720122,2.09999995306134));
#3190=CARTESIAN_POINT('',(150.,5.09999988600612,2.09999995306134));
#3191=CARTESIAN_POINT('Origin',(152.25,7.19999983906746,-0.450000006705523));
#3192=CARTESIAN_POINT('',(151.5,7.19999983906746,0.299999993294477));
#3193=CARTESIAN_POINT('',(153.,7.19999983906746,-1.20000000670552));
#3194=CARTESIAN_POINT('Origin',(153.,14.3999996781349,0.299999993294477));
#3195=CARTESIAN_POINT('',(150.,7.19999983906746,0.299999993294477));
#3196=CARTESIAN_POINT('Origin',(152.25,4.39999990165234,-0.450000006705523));
#3197=CARTESIAN_POINT('',(151.5,4.39999990165234,0.299999993294477));
#3198=CARTESIAN_POINT('',(153.,4.39999990165234,-1.20000000670552));
#3199=CARTESIAN_POINT('Origin',(153.,8.79999980330467,0.299999993294477));
#3200=CARTESIAN_POINT('',(150.,4.39999990165234,0.299999993294477));
#3201=CARTESIAN_POINT('Origin',(70.2999984286726,-2.25,2.94999995082617));
#3202=CARTESIAN_POINT('',(70.2999984286726,-1.5,2.19999995082617));
#3203=CARTESIAN_POINT('Origin',(140.599996857345,-3.,2.19999995082617));
#3204=CARTESIAN_POINT('Origin',(67.4999984912574,-2.25,2.94999995082617));
#3205=CARTESIAN_POINT('',(67.4999984912574,-1.5,2.19999995082617));
#3206=CARTESIAN_POINT('Origin',(134.999996982515,-3.,2.19999995082617));
#3207=CARTESIAN_POINT('Origin',(69.6499984432012,-2.25,-0.450000006705523));
#3208=CARTESIAN_POINT('',(69.6499984432012,-1.5,0.299999993294477));
#3209=CARTESIAN_POINT('Origin',(139.299996886402,-3.,0.299999993294477));
#3210=CARTESIAN_POINT('Origin',(72.4499983806163,-2.25,-0.450000006705523));
#3211=CARTESIAN_POINT('',(72.4499983806163,-1.5,0.299999993294477));
#3212=CARTESIAN_POINT('Origin',(144.899996761233,-3.,0.299999993294477));
#3213=CARTESIAN_POINT('Origin',(66.8999985046685,0.,1.09999997541308));
#3214=CARTESIAN_POINT('Origin',(150.,100.,0.));
#3215=CARTESIAN_POINT('',(150.,100.,3.));
#3216=CARTESIAN_POINT('',(0.,100.,0.));
#3217=CARTESIAN_POINT('Origin',(150.,0.,0.));
#3218=CARTESIAN_POINT('Origin',(0.,100.,0.));
#3219=CARTESIAN_POINT('Origin',(153.,0.,0.));
#3220=CARTESIAN_POINT('',(153.,25.,-3.));
#3221=CARTESIAN_POINT('Origin',(75.,50.,-3.));
#3222=CARTESIAN_POINT('Origin',(-1.,-1.00000000000001,20.));
#3223=CARTESIAN_POINT('',(-0.999999999999996,-3.00000000000001,23.));
#3224=CARTESIAN_POINT('',(-3.,-1.00000000000001,23.));
#3225=CARTESIAN_POINT('Origin',(-1.,-1.00000000000001,23.));
#3226=CARTESIAN_POINT('',(-3.,-1.00000000000001,20.));
#3227=CARTESIAN_POINT('',(-3.,-1.00000000000001,20.));
#3228=CARTESIAN_POINT('',(-0.999999999999996,-3.00000000000001,20.));
#3229=CARTESIAN_POINT('Origin',(-1.,-1.00000000000001,20.));
#3230=CARTESIAN_POINT('',(-1.,-3.00000000000001,20.));
#3231=CARTESIAN_POINT('Origin',(-3.00000000000001,-3.00000000000001,20.));
#3232=CARTESIAN_POINT('',(151.,-3.00000000000001,20.));
#3233=CARTESIAN_POINT('',(153.,-3.00000000000001,20.));
#3234=CARTESIAN_POINT('',(151.,-3.00000000000001,23.));
#3235=CARTESIAN_POINT('',(151.,-3.00000000000001,20.));
#3236=CARTESIAN_POINT('',(153.,-3.00000000000001,23.));
#3237=CARTESIAN_POINT('Origin',(75.,50.,20.));
#3238=CARTESIAN_POINT('',(-3.,101.,20.));
#3239=CARTESIAN_POINT('',(-3.,-3.00000000000001,20.));
#3240=CARTESIAN_POINT('',(-1.00000000000001,103.,20.));
#3241=CARTESIAN_POINT('Origin',(-1.00000000000001,101.,20.));
#3242=CARTESIAN_POINT('',(151.,103.,20.));
#3243=CARTESIAN_POINT('',(-3.,103.,20.));
#3244=CARTESIAN_POINT('',(153.,101.,20.));
#3245=CARTESIAN_POINT('Origin',(151.,101.,20.));
#3246=CARTESIAN_POINT('',(153.,-1.00000000000001,20.));
#3247=CARTESIAN_POINT('',(153.,103.,20.));
#3248=CARTESIAN_POINT('Origin',(151.,-1.00000000000001,20.));
#3249=CARTESIAN_POINT('Origin',(-1.00000000000001,101.,20.));
#3250=CARTESIAN_POINT('',(-3.,101.,23.));
#3251=CARTESIAN_POINT('',(-1.00000000000001,103.,23.));
#3252=CARTESIAN_POINT('Origin',(-1.00000000000001,101.,23.));
#3253=CARTESIAN_POINT('',(-1.00000000000001,103.,20.));
#3254=CARTESIAN_POINT('',(-3.,101.,20.));
#3255=CARTESIAN_POINT('Origin',(153.,103.,20.));
#3256=CARTESIAN_POINT('',(151.,103.,23.));
#3257=CARTESIAN_POINT('',(-3.,103.,23.));
#3258=CARTESIAN_POINT('',(151.,103.,20.));
#3259=CARTESIAN_POINT('Origin',(151.,101.,20.));
#3260=CARTESIAN_POINT('',(153.,101.,23.));
#3261=CARTESIAN_POINT('Origin',(151.,101.,23.));
#3262=CARTESIAN_POINT('',(153.,101.,20.));
#3263=CARTESIAN_POINT('Origin',(151.,-1.00000000000001,20.));
#3264=CARTESIAN_POINT('',(153.,-1.00000000000001,23.));
#3265=CARTESIAN_POINT('Origin',(151.,-1.00000000000001,23.));
#3266=CARTESIAN_POINT('',(153.,-1.00000000000001,20.));
#3267=CARTESIAN_POINT('Origin',(-3.,103.,20.));
#3268=CARTESIAN_POINT('',(-3.,-3.00000000000001,23.));
#3269=CARTESIAN_POINT('Origin',(153.,-3.00000000000001,20.));
#3270=CARTESIAN_POINT('',(153.,103.,23.));
#3271=CARTESIAN_POINT('Origin',(75.,50.,23.));
#3272=UNCERTAINTY_MEASURE_WITH_UNIT(LENGTH_MEASURE(0.01),#3276,
'DISTANCE_ACCURACY_VALUE',
'Maximum model space distance between geometric entities at asserted c
onnectivities');
#3273=UNCERTAINTY_MEASURE_WITH_UNIT(LENGTH_MEASURE(0.01),#3276,
'DISTANCE_ACCURACY_VALUE',
'Maximum model space distance between geometric entities at asserted c
onnectivities');
#3274=(
GEOMETRIC_REPRESENTATION_CONTEXT(3)
GLOBAL_UNCERTAINTY_ASSIGNED_CONTEXT((#3272))
GLOBAL_UNIT_ASSIGNED_CONTEXT((#3276,#3278,#3279))
REPRESENTATION_CONTEXT('','3D')
);
#3275=(
GEOMETRIC_REPRESENTATION_CONTEXT(3)
GLOBAL_UNCERTAINTY_ASSIGNED_CONTEXT((#3273))
GLOBAL_UNIT_ASSIGNED_CONTEXT((#3276,#3278,#3279))
REPRESENTATION_CONTEXT('','3D')
);
#3276=(
LENGTH_UNIT()
NAMED_UNIT(*)
SI_UNIT(.MILLI.,.METRE.)
);
#3277=(
LENGTH_UNIT()
NAMED_UNIT(*)
SI_UNIT($,.METRE.)
);
#3278=(
NAMED_UNIT(*)
PLANE_ANGLE_UNIT()
SI_UNIT($,.RADIAN.)
);
#3279=(
NAMED_UNIT(*)
SI_UNIT($,.STERADIAN.)
SOLID_ANGLE_UNIT()
);
#3280=SHAPE_DEFINITION_REPRESENTATION(#3281,#3282);
#3281=PRODUCT_DEFINITION_SHAPE('',$,#3284);
#3282=SHAPE_REPRESENTATION('',(#2010),#3274);
#3283=PRODUCT_DEFINITION_CONTEXT('part definition',#3288,'design');
#3284=PRODUCT_DEFINITION('CXD_ROUTER','CXD_ROUTER v11',#3285,#3283);
#3285=PRODUCT_DEFINITION_FORMATION('',$,#3290);
#3286=PRODUCT_RELATED_PRODUCT_CATEGORY('CXD_ROUTER v11',
'CXD_ROUTER v11',(#3290));
#3287=APPLICATION_PROTOCOL_DEFINITION('international standard',
'automotive_design',2009,#3288);
#3288=APPLICATION_CONTEXT(
'Core Data for Automotive Mechanical Design Process');
#3289=PRODUCT_CONTEXT('part definition',#3288,'mechanical');
#3290=PRODUCT('CXD_ROUTER','CXD_ROUTER v11',$,(#3289));
#3291=PRESENTATION_STYLE_ASSIGNMENT((#3292));
#3292=SURFACE_STYLE_USAGE(.BOTH.,#3293);
#3293=SURFACE_SIDE_STYLE('',(#3294));
#3294=SURFACE_STYLE_FILL_AREA(#3295);
#3295=FILL_AREA_STYLE('Steel - Satin',(#3296));
#3296=FILL_AREA_STYLE_COLOUR('Steel - Satin',#3297);
#3297=COLOUR_RGB('Steel - Satin',0.627450980392157,0.627450980392157,0.627450980392157);
ENDSEC;
END-ISO-10303-21;
